Species,Plant,GrowthCO2ppm,Obs,Photo,Ci,CO2R
H. aturensis,1,200,1,24.126991759297002,282.4029179081108,400.14501953125
H. aturensis,1,200,2,18.557217392058515,206.54401583512708,300.4588317871094
H. aturensis,1,200,3,12.985245542482213,139.29040681997537,201.43736267089844
H. aturensis,1,200,4,5.523659434478783,66.81476284842238,92.12618255615236
H. aturensis,1,200,5,4.9139552923524175,60.65323959606851,82.252716064453125
H. aturensis,1,200,6,4.122568994003544,53.33687398827326,72.2342758178711
H. aturensis,1,200,7,3.2911121703305324,46.06037829225876,62.06960678100586
H. aturensis,1,200,8,2.4865359846723476,38.93982054798319,51.93138885498047
H. aturensis,2,800,1,17.89986941653422,212.67881091943784,385.2967834472656
H. aturensis,2,800,2,14.11020068455529,160.04148761940175,286.8931579589844
H. aturensis,2,800,3,9.913256051625716,110.95621893908238,191.58880615234375
H. aturensis,2,800,4,4.198943111743349,55.11899308057029,88.1795425415039
H. aturensis,2,800,5,3.7763693866570605,49.31411195201485,78.81778717041016
H. aturensis,2,800,6,3.177580007854187,44.35020186294692,69.94611358642578
H. aturensis,2,800,7,2.5401068937907296,38.520697001011534,60.52408218383789
H. aturensis,2,800,8,1.9867179859707536,32.88965475872337,51.34164047241211
H. isocalycia,1,200,1,16.97290260392042,289.6983716749949,400.1522216796875
H. isocalycia,1,200,2,13.138033557340185,219.85173413411633,300.80657958984375
H. isocalycia,1,200,3,8.520395590098213,152.46764409469952,201.87420654296875
H. isocalycia,1,200,4,2.4368758363945093,77.43516533689724,92.5875701904297
H. isocalycia,1,200,5,1.9218198490409388,70.7058347652387,82.69026184082033
H. isocalycia,1,200,6,1.4238781309889323,63.17784133178018,72.62688446044922
H. isocalycia,1,200,7,0.8400712664623154,55.934380536946605,62.44400405883789
H. isocalycia,1,200,8,0.17469982339275908,48.84466476057872,52.32923889160156
H. isocalycia,2,800,1,16.689161222589185,233.69137008828105,381.70849609375
H. isocalycia,2,800,2,12.259441151405214,179.07578291161047,284.0165100097656
H. isocalycia,2,800,3,7.936282354311938,128.79014058203015,188.3118133544922
H. isocalycia,2,800,4,2.0379922457735096,69.36816564374473,85.152496337890625
H. isocalycia,2,800,5,1.7162314194920574,63.46313027032775,76.46468353271484
H. isocalycia,2,800,6,1.1689122177744746,57.824123670151614,67.65867614746094
H. isocalycia,2,800,7,0.4609791573303212,52.45704511837802,58.52779769897461
H. isocalycia,2,800,8,-0.15935592054897807,46.97135952466578,49.466941833496094
F. sonorensis,1,800,1,27.945618400265356,262.51350130360004,399.93756103515625
F. sonorensis,1,800,2,20.75736288143686,198.70827167721728,300.14495849609375
F. sonorensis,1,800,3,12.828193473676654,137.5472235798835,199.8928070068359
F. sonorensis,1,800,4,3.718890956826783,70.33512094123884,89.9630126953125
F. sonorensis,1,800,5,3.104920636349471,63.76803716363463,79.94157409667967
F. sonorensis,1,800,6,2.401582887627646,57.262781287076265,69.96919250488281
F. sonorensis,1,800,7,1.5839859618709498,50.9395048011318,59.99885559082031
F. sonorensis,1,800,8,0.7659155623912873,44.37757517902303,49.99600601196289
F. sonorensis,2,200,1,18.573014292389978,183.44834324529683,399.99026489257807
F. sonorensis,2,200,2,14.192328319353749,146.04497157528965,299.96563720703125
F. sonorensis,2,200,3,11.307694331672412,113.11985654331797,200.08352661132813
F. sonorensis,2,200,4,4.454233099985203,60.74637400074125,89.92989349365236
F. sonorensis,2,200,5,4.231061949411875,56.13342348358356,79.93357849121094
F. sonorensis,2,200,6,3.64040407250492,50.677838481238375,70.12142181396484
F. sonorensis,2,200,7,2.827212658181266,44.87864485593835,60.082172393798835
F. sonorensis,2,200,8,1.8633135682160864,39.16387709120697,49.93867874145508
F. cronquistii,2,200,1,19.164079860525764,224.6505550960709,399.8611145019531
F. cronquistii,2,200,2,13.960519911885825,172.12492020574848,300.0544738769531
F. cronquistii,2,200,3,8.28529263239884,125.00049156986287,199.7618865966797
F. cronquistii,2,200,4,1.5328275418426238,73.47936229649954,89.964630126953125
F. cronquistii,2,200,5,1.0872997006396279,68.2096812716057,79.8795166015625
F. cronquistii,2,200,6,0.620811314716017,62.23658739533764,70.01123046875
F. cronquistii,2,200,7,-0.10946175540109584,57.480392680259165,59.93706512451172
F. cronquistii,2,200,8,-0.7963379205277105,51.83661695408611,49.976043701171875
F. pringlei,1,200,1,28.03494584974892,268.95767813741406,402.1828002929687
F. pringlei,1,200,2,21.360545940938067,200.6093695879339,302.2435302734375
F. pringlei,1,200,3,13.342939455599831,139.92609410296967,202.9589385986328
F. pringlei,1,200,4,3.4247749650220265,75.81846404497036,93.27660369873047
F. pringlei,1,200,5,2.3594089761184813,70.93651630234483,83.38763427734375
F. pringlei,1,200,6,1.1977024053983074,65.93430207345273,73.32408905029298
F. pringlei,1,200,7,0.12270194276665766,60.211042518255475,63.17416000366211
F. pringlei,1,200,8,-0.7893844057113101,53.64321395832109,53.04723358154297
F. sonorensis,1,200,1,31.09509169059009,259.1348234885139,402.7101745605469
F. sonorensis,1,200,2,24.372889189491914,195.15728393029804,302.71875
F. sonorensis,1,200,3,16.659169301041192,134.66721240856782,203.393310546875
F. sonorensis,1,200,4,6.525735745271229,67.5098727065674,93.66046142578124
F. sonorensis,1,200,5,5.745373670988508,61.83529753422913,83.78009033203125
F. sonorensis,1,200,6,4.775420176036822,55.77213315303639,73.735992431640625
F. sonorensis,1,200,7,3.7256683083531854,49.31962024782051,63.492671966552734
F. sonorensis,1,200,8,2.805398857656245,42.6064071319853,53.422218322753906
H. glutinosa,1,200,1,16.808648306975098,247.5142080584292,400.84429931640625
H. glutinosa,1,200,2,12.515211446724074,190.8343975372909,301.15618896484375
H. glutinosa,1,200,3,7.872517466354295,137.1797553981795,202.03131103515625
H. glutinosa,1,200,4,2.051730151636801,74.93493283032902,92.594268798828125
H. glutinosa,1,200,5,1.609168305291177,69.1023770359193,82.73055267333984
H. glutinosa,1,200,6,1.053416842525178,63.12397226770276,72.68933868408203
H. glutinosa,1,200,7,0.47574129024194195,56.67381988597162,62.487060546875
H. glutinosa,1,200,8,-0.16632461911916596,50.38292442652876,52.352317810058594
H. glutinosa,2,800,1,14.665478394127557,212.6448592048282,382.7505187988282
H. glutinosa,2,800,2,10.601174198447112,166.68141434169533,285.3147888183594
H. glutinosa,2,800,3,6.53673993324777,122.23840329651858,189.4486389160156
H. glutinosa,2,800,4,1.5391384215777961,69.79291525616837,86.28209686279298
H. glutinosa,2,800,5,1.1269278092791837,65.16083019542923,77.1572494506836
H. glutinosa,2,800,6,0.665337831796669,60.272801912643686,68.27875518798828
H. glutinosa,2,800,7,0.1837955739563151,54.861245401644865,59.02876281738281
H. glutinosa,2,800,8,-0.33536013885837207,49.903763990366514,50.02385711669922
S. hians,1,200,1,23.414730191285713,255.25507990820728,401.3274841308594
S. hians,1,200,2,18.65177668792069,190.26783065667885,301.6321716308594
S. hians,1,200,3,13.198474759952427,130.38862106946337,202.5424041748047
S. hians,1,200,4,5.923768183501624,63.03125595189078,93.08209991455078
S. hians,1,200,5,5.3210525371698,57.65735389812888,83.14698028564453
S. hians,1,200,6,4.661472636050693,51.785670409963856,73.09577178955078
S. hians,1,200,7,3.929300827880603,45.461095783305886,62.92758560180664
S. hians,1,200,8,3.13690580367362,38.95284636236048,52.812259674072266
S. hians,2,800,1,16.88230928894827,229.36528338900675,379.7403564453125
S. hians,2,800,2,13.057171654396965,168.36835140709843,282.9699401855469
S. hians,2,800,3,8.745289956596178,113.86689258287898,187.6029052734375
S. hians,2,800,4,3.6265051668514623,57.24915960411333,86.0376968383789
S. hians,2,800,5,3.3974581891415645,51.25209438067565,76.70073699951172
S. hians,2,800,6,2.848533041740416,45.79893974004199,67.8219223022461
S. hians,2,800,7,2.400286889394384,40.074458154563224,58.579837799072266
S. hians,2,800,8,1.8803557039084782,34.533090970440846,49.63021087646485
F. pringlei,2,800,1,22.977568000142412,266.7156877027058,382.6522521972656
F. pringlei,2,800,2,16.823709025823636,200.0712326552847,283.8315734863281
F. pringlei,2,800,3,9.892894727486848,139.0897342713683,188.11245727539065
F. pringlei,2,800,4,1.618112243206726,75.77231958596242,86.01493835449219
F. pringlei,2,800,5,0.8780873867815939,70.70327355330551,77.42781066894531
F. pringlei,2,800,6,0.10508244942515477,65.15267472519838,68.41514587402344
F. pringlei,2,800,7,-0.6294490504329883,58.908157737557346,58.95035552978515
F. pringlei,2,800,8,-1.3624522917976158,53.01762689151827,49.95733642578125
F. sonorensis,2,800,1,27.80683394440699,258.4577284076256,383.3553161621094
F. sonorensis,2,800,2,20.402697411100625,194.8992448541956,286.1455993652344
F. sonorensis,2,800,3,12.359306103627526,134.81049222691644,189.76272583007813
F. sonorensis,2,800,4,3.5328274270442086,69.80023832433262,87.0580825805664
F. sonorensis,2,800,5,2.95257264709617,63.63897510906426,77.941558837890625
F. sonorensis,2,800,6,2.234182336297072,57.61041265151164,68.73468017578125
F. sonorensis,2,800,7,1.4256328940148906,51.60399350396341,59.482391357421875
F. sonorensis,2,800,8,0.6523726740611347,45.48854870304659,50.43675994873047
F. cronquistii,1,200,1,26.782359792437614,294.200300762194,402.34954833984375
F. cronquistii,1,200,2,20.220602558910198,222.73406975784937,302.39227294921875
F. cronquistii,1,200,3,12.566101885711495,154.3985342473874,203.2330322265625
F. cronquistii,1,200,4,2.9420390070976614,80.81840518020925,93.58293151855469
F. cronquistii,1,200,5,1.9011319221544165,74.94892638554428,83.7088623046875
F. cronquistii,1,200,6,1.0798264684543346,67.91179966999437,73.65526580810547
F. cronquistii,1,200,7,0.1563958127236329,60.930577381057745,63.50273513793945
F. cronquistii,1,200,8,-0.7681394796765332,53.86447781577584,53.454242706298835
F. cronquistii,2,800,1,28.11796821485125,252.6023977043617,384.1316223144531
F. cronquistii,2,800,2,20.548082028996436,190.74384899471485,285.8951110839844
F. cronquistii,2,800,3,12.311043069252063,132.70983767977566,190.0162811279297
F. cronquistii,2,800,4,2.4195768678703176,73.57837133894435,87.460479736328125
F. cronquistii,2,800,5,1.5912133823898202,68.01070903991301,78.17396545410156
F. cronquistii,2,800,6,0.7486623233225962,62.6225260178502,69.1444320678711
F. cronquistii,2,800,7,-0.28185493318084587,57.53349684959044,59.805450439453125
F. cronquistii,2,800,8,-1.1610003927926296,51.84968391582071,50.54523086547851
H. aturensis,2,800,1,16.312488211252074,234.7654982725664,385.9873046875
H. aturensis,2,800,2,12.504443246113269,176.83905912840848,286.9104309082031
H. aturensis,2,800,3,8.29486605569174,119.06861996335904,190.12088012695313
H. aturensis,2,800,4,3.2715312286352907,58.524627365385214,87.19657897949219
H. aturensis,2,800,5,2.898186086260959,52.60763911950693,78.15437316894531
H. aturensis,2,800,6,2.318945183629997,47.0094034931939,69.1731948852539
H. aturensis,2,800,7,1.779014614873951,41.17944908248864,60.09910202026367
H. aturensis,2,800,8,1.2731094891368941,35.53833372511004,50.69593811035156
S. hians,1,200,1,22.67385890907854,269.3569505785181,402.9307556152344
S. hians,1,200,2,17.893893053860246,199.7023924953588,302.58209228515625
S. hians,1,200,3,12.637256362809456,136.68431674903877,202.954345703125
S. hians,1,200,4,5.498131480380087,66.3068501778306,93.08409118652344
S. hians,1,200,5,4.956953190715311,60.440384204589435,83.16840362548828
S. hians,1,200,6,4.305357691759736,54.16346892841665,73.08642578125
S. hians,1,200,7,3.561197386168539,47.48217929493054,62.831336975097656
S. hians,1,200,8,2.79018103290717,40.665154420408605,52.68736267089844
H. aturensis,1,200,1,16.295951298410234,225.86621617115895,401.026123046875
H. aturensis,1,200,2,12.718578246316316,175.9078116083915,301.2492980957031
H. aturensis,1,200,3,9.299063519743205,126.65863958063927,202.11387634277344
H. aturensis,1,200,4,3.8440802506317984,64.3935522880545,92.673095703125
H. aturensis,1,200,5,3.4381024769400605,58.12060210220756,82.80461883544922
H. aturensis,1,200,6,2.7014280998078477,51.569632245164264,72.74077606201172
H. aturensis,1,200,7,2.1677084182030426,44.94975953281127,62.551124572753906
H. aturensis,1,200,8,1.5606532575435237,39.42685462573426,52.45894241333008
S. hians,2,800,1,20.440696675419495,217.55521479494055,383.4536437988282
S. hians,2,800,2,14.211558370655345,158.30927238705985,286.0251159667969
S. hians,2,800,3,10.172439495076983,111.01692657370464,190.1888885498047
S. hians,2,800,4,4.242947125655928,58.616443464949626,87.591033935546875
S. hians,2,800,5,4.043792823905095,52.43328456162075,78.6119613647461
S. hians,2,800,6,3.1794808657740297,46.44305535111952,69.24571990966797
S. hians,2,800,7,2.2697250808303018,40.223947668564925,60.029983520507805
S. hians,2,800,8,1.4037107900932342,34.566960575457465,50.5628776550293
F. pringlei,1,800,1,23.257546262810685,276.648448493804,400.0513000488282
F. pringlei,1,800,2,17.228765412088755,209.25530443160312,300.03985595703125
F. pringlei,1,800,3,10.453170959421751,144.92947074761133,200.05169677734375
F. pringlei,1,800,4,2.2717200934105266,76.50479604394694,90.127777099609375
F. pringlei,1,800,5,1.5012427564637572,70.3023180778448,79.96337890625
F. pringlei,1,800,6,0.7079432242657006,64.34026595962082,70.083221435546875
F. pringlei,1,800,7,-0.024888985252104937,57.750227973421794,59.95096969604492
F. pringlei,1,800,8,-0.7401911219074756,51.0904582244692,49.933956146240234
F. pringlei,2,200,1,27.345310924589867,295.97663779489335,400.072265625
F. pringlei,2,200,2,21.160049245401936,220.41476892509397,299.931640625
F. pringlei,2,200,3,13.328165089811,150.00453679501695,199.8824005126953
F. pringlei,2,200,4,3.133014057665553,76.90060481790455,90.02620697021484
F. pringlei,2,200,5,2.1929735951881284,70.27197228559227,79.923553466796875
F. pringlei,2,200,6,1.217918146200794,63.75045963296595,69.955718994140625
F. pringlei,2,200,7,0.23990241074581847,57.12572972503912,60.01762390136719
F. pringlei,2,200,8,-0.7460911018928366,50.33012312694766,50.02033233642578
F. cronquistii,1,800,1,23.26071494558712,252.7241933364197,400.0120849609375
F. cronquistii,1,800,2,17.166428885133676,192.27252871698963,299.8615417480469
F. cronquistii,1,800,3,10.372830194808163,135.01278419230667,199.83920288085935
F. cronquistii,1,800,4,2.033269021140028,75.0274097205488,90.0460433959961
F. cronquistii,1,800,5,1.2644470141955657,69.5814446180034,79.9141616821289
F. cronquistii,1,800,6,0.5279012754842238,63.94876893015519,69.98397064208984
F. cronquistii,1,800,7,-0.25368918653925576,58.21614176649235,59.97591400146485
F. cronquistii,1,800,8,-1.0684771127927084,52.50801004629892,50.0510368347168
H. aturensis,1,800,1,16.906413931638554,229.009757941148,400.0325012207031
H. aturensis,1,800,2,11.346844652002847,167.59264637427071,300.0495910644531
H. aturensis,1,800,3,7.4023398458354706,118.30915519802797,200.18017578125
H. aturensis,1,800,4,2.6417958684207075,62.32763139997259,89.97798156738281
H. aturensis,1,800,5,2.616634481566611,56.41983673915402,79.9273452758789
H. aturensis,1,800,6,1.7239944199704471,50.451651950289225,70.06364440917969
H. aturensis,1,800,7,1.0737471366237528,42.791325721543025,60.03769302368164
H. aturensis,1,800,8,0.4817655328806083,37.27403944805837,50.01297378540039
H. aturensis,2,200,1,20.29040164246587,222.9986815638666,400.0943603515625
H. aturensis,2,200,2,15.48128289091854,172.68028495025283,299.849609375
H. aturensis,2,200,3,10.70167294867798,121.08893764498364,200.062255859375
H. aturensis,2,200,4,4.443228171233031,57.80914139123448,90.11698913574219
H. aturensis,2,200,5,3.9381294845186674,53.03243617795791,80.07874298095702
H. aturensis,2,200,6,3.385637046105084,47.451434398815,70.02229309082031
H. aturensis,2,200,7,2.78668779719727,41.59567570506944,60.115753173828125
H. aturensis,2,200,8,2.0964794922498755,35.90384051432436,50.08319854736328
H. isocalycia,1,800,1,21.357447431452496,259.9537832749101,399.9383544921875
H. isocalycia,1,800,2,15.710631759206937,197.62581387934569,299.9312438964844
H. isocalycia,1,800,3,10.105515839364797,135.58365697457043,200.08493041992188
H. isocalycia,1,800,4,2.8411460603811958,70.9094944138133,89.878875732421875
H. isocalycia,1,800,5,2.3102209344655025,64.65709151015174,79.9753646850586
H. isocalycia,1,800,6,1.661901024564205,58.28172745599612,70.18978118896484
H. isocalycia,1,800,7,0.803520830505356,52.60672942578631,59.91788101196289
H. isocalycia,1,800,8,0.12946600905069644,46.24776191268159,50.077606201171875
H. isocalycia,2,200,1,13.893060684823029,193.3889537775054,399.8665161132813
H. isocalycia,2,200,2,10.388975725159069,153.37047715252214,299.97222900390625
H. isocalycia,2,200,3,6.8022393353781645,113.6403387797756,200.0439453125
H. isocalycia,2,200,4,2.1366561928758725,63.936814815537986,89.85625457763672
H. isocalycia,2,200,5,1.9311427423536554,58.55854596936916,80.05376434326172
H. isocalycia,2,200,6,1.22013644103968,54.5429050909302,69.92192840576172
H. isocalycia,2,200,7,0.6480521942480749,49.36445146010178,60.0706672668457
H. isocalycia,2,200,8,0.19316746735412438,43.88061605081406,49.896244049072266
H. glutinosa,1,800,1,13.56366927522758,228.7011176695355,399.94723510742193
H. glutinosa,1,800,2,10.57871213129033,182.51274045604725,300.0601806640625
H. glutinosa,1,800,3,6.881211819646666,133.70662082273174,200.1501312255859
H. glutinosa,1,800,4,1.643732699704594,73.21094528135792,90.03719329833984
H. glutinosa,1,800,5,1.2120518730415912,67.33083561100462,80.02332305908203
H. glutinosa,1,800,6,0.6896799117355373,61.17933283323578,70.02827453613281
H. glutinosa,1,800,7,0.14139298249401347,55.16877467991933,59.95478820800781
H. glutinosa,1,800,8,-0.3534772346601023,49.232993174315446,50.0501708984375
H. glutinosa,2,200,1,15.765038975760534,223.38410002416916,400.0233459472656
H. glutinosa,2,200,2,11.64580936743476,178.84952901469313,299.827392578125
H. glutinosa,2,200,3,7.534351171863661,131.0040939959679,200.07472229003903
H. glutinosa,2,200,4,1.8279673479535445,72.62686972364978,90.1958999633789
H. glutinosa,2,200,5,1.3655284944764454,67.34238957179967,80.11466217041016
H. glutinosa,2,200,6,0.8121177321957745,61.4515876882857,69.92927551269531
H. glutinosa,2,200,7,0.2428711548413548,55.35085582321144,59.956390380859375
H. glutinosa,2,200,8,-0.35320522068159393,49.03848565523641,49.889556884765625
S. hians,1,800,1,19.71602005620828,244.3335249647674,399.9762878417969
S. hians,1,800,2,16.050836124786013,190.38364214820055,300.0976867675781
S. hians,1,800,3,11.70460918653068,136.8838804249104,200.0533905029297
S. hians,1,800,4,4.717127543991763,66.1612109481667,89.980499267578125
S. hians,1,800,5,4.127726207072758,58.848526614545534,79.9244155883789
S. hians,1,800,6,3.389558896950528,51.91701517000061,70.12444305419922
S. hians,1,800,7,2.815797879627652,44.81618006620797,60.10109329223633
S. hians,1,800,8,2.0480739463106747,38.19849211413965,49.90726852416992
S. hians,2,200,1,17.062182463089187,207.9110431286231,400.0221557617187
S. hians,2,200,2,13.556402046876107,165.03931893230228,299.98065185546875
S. hians,2,200,3,9.915590446676267,120.56170263508623,199.9650726318359
S. hians,2,200,4,4.12197110405614,60.67664238022151,90.00469970703125
S. hians,2,200,5,3.797659891222925,54.423416158989085,79.90143585205078
S. hians,2,200,6,3.1403757775797154,47.73266039786943,70.145355224609375
S. hians,2,200,7,2.473542835495802,41.23177286039035,59.99346923828125
S. hians,2,200,8,1.868611319591471,35.06859229205708,50.00882339477539
H. aturensis,2,200,1,20.96938279857262,219.59495681348736,399.91070556640625
H. aturensis,2,200,2,16.246822493170985,166.26071359136495,299.9392395019531
H. aturensis,2,200,3,11.820558861505184,119.41435354569523,199.9451446533203
H. aturensis,2,200,4,5.185205500059562,58.75177668943514,89.86076354980469
H. aturensis,2,200,5,4.666182318901814,52.73049773851639,79.89385223388672
H. aturensis,2,200,6,3.7053824686343675,45.281740424024726,70.000244140625
H. aturensis,2,200,7,2.7815955418856673,38.659162486877115,59.93585205078125
H. aturensis,2,200,8,2.2644455466899847,32.765017197954016,50.068012237548835
H. isocalycia,1,800,1,22.16885054641314,274.2856087698652,399.9840698242187
H. isocalycia,1,800,2,17.093510939247714,205.2177412400557,299.9241943359375
H. isocalycia,1,800,3,11.006363176272624,141.85421042251178,199.92526245117188
H. isocalycia,1,800,4,3.01289413222959,72.62996304759707,89.911834716796875
H. isocalycia,1,800,5,2.4184235917647694,66.0708689686868,80.11598205566406
H. isocalycia,1,800,6,1.6713044715420826,59.46019500801105,69.98102569580078
H. isocalycia,1,800,7,0.9094750179971305,52.817065094168406,59.98202133178711
H. isocalycia,1,800,8,0.14757530617154316,46.364221064019965,50.111324310302734
F. sonorensis,2,200,1,17.202976796589766,293.0888688335199,399.9942932128906
F. sonorensis,2,200,2,12.87538102648863,219.43211848926353,300.254638671875
F. sonorensis,2,200,3,8.030737599755659,148.77695842784613,200.0764312744141
F. sonorensis,2,200,4,2.1267735461004267,73.93760371605191,89.89917755126953
F. sonorensis,2,200,5,1.9130496268915034,66.16566103381211,80.05550384521484
F. sonorensis,2,200,6,1.6240649027096463,57.9751097229095,70.07413482666016
F. sonorensis,2,200,7,1.073398147278201,50.98261562273093,59.95631408691406
F. sonorensis,2,200,8,0.5256205969884533,44.014830965774365,50.05452346801758
S. hians,2,200,1,15.675740738933543,214.70379305285292,399.96685791015625
S. hians,2,200,2,13.582101441326506,179.53443548581157,300.02081298828125
S. hians,2,200,3,10.197895425831923,131.27447588826925,200.1195373535156
S. hians,2,200,4,4.352960774829877,66.59254796065666,89.9411849975586
S. hians,2,200,5,4.050042911326965,60.28349203204204,79.90033721923828
S. hians,2,200,6,3.5379624168345494,53.07544853144249,69.91960144042969
S. hians,2,200,7,2.7357371423855636,46.20160681177121,59.927459716796875
S. hians,2,200,8,2.319039626066999,38.28515381964523,49.92967224121094
H. aturensis,3,200,1,20.91244002981416,235.8865170398633,400.1761474609375
H. aturensis,3,200,2,16.1109768409128,178.08973382029774,300.0023498535156
H. aturensis,3,200,3,11.189267361627273,126.1925967395444,200.0197296142578
H. aturensis,3,200,4,4.842009315915978,62.39137913270648,89.99565887451172
H. aturensis,3,200,5,4.550819255177188,57.311544024048466,79.91221618652344
H. aturensis,3,200,6,3.912450692083156,51.519612164100515,70.05882263183594
H. aturensis,3,200,7,3.1255307813052493,45.12596294270673,60.01656723022461
H. aturensis,3,200,8,2.387148177658135,38.244767943955274,50.157752990722656
H. aturensis,4,800,1,18.146705956394445,247.70911866355416,399.7936096191406
H. aturensis,4,800,2,14.307944673884657,201.8117155871412,299.996826171875
H. aturensis,4,800,3,10.740581511888756,145.38445179790173,199.94601440429688
H. aturensis,4,800,4,4.292140063028744,69.49379417869699,89.995849609375
H. aturensis,4,800,5,3.4193862033326075,61.170932149237686,79.94096374511719
H. aturensis,4,800,6,2.432487687918672,52.439581077157705,70.03273010253906
H. aturensis,4,800,7,2.2113775522816606,41.86154659187966,60.1246452331543
H. aturensis,4,800,8,1.3551276018884044,39.00494648790766,49.96066665649414
F. sonorensis,4,800,1,29.196819558655548,250.83138220804287,399.9020690917969
F. sonorensis,4,800,2,22.492851984156193,190.71328909915857,299.9595031738281
F. sonorensis,4,800,3,15.029510420166124,133.69336939458668,199.8973388671875
F. sonorensis,4,800,4,5.6259108145653665,66.7622705234998,89.9787368774414
F. sonorensis,4,800,5,4.896533775487145,61.43916367407398,79.955474853515625
F. sonorensis,4,800,6,3.985817849941515,55.612465868448304,69.95814514160156
F. sonorensis,4,800,7,2.977139145508719,49.37719952793238,60.02859878540039
F. sonorensis,4,800,8,1.9541475585288333,42.77165281040682,50.129638671875
F. cronquistii,3,200,1,30.286569210298026,252.6489269081855,399.97119140625
F. cronquistii,3,200,2,22.357231741586926,189.9209029868996,299.8421936035156
F. cronquistii,3,200,3,13.617964267117918,132.78064185303845,200.05030822753903
F. cronquistii,3,200,4,2.9869061415562417,73.23672551902868,89.99837493896484
F. cronquistii,3,200,5,2.0460818199321835,68.01644212974651,79.99344635009767
F. cronquistii,3,200,6,1.0048478656644848,62.67696758725743,70.09027862548828
F. cronquistii,3,200,7,0.029873366671079066,56.90942664286085,60.09279251098633
F. cronquistii,3,200,8,-1.0475633659816275,51.06720469167772,50.00336837768555
F. cronquistii,4,800,1,28.223354800644397,264.5391617328061,399.9171752929687
F. cronquistii,4,800,2,20.975070988881875,200.82885840586417,299.9819030761719
F. cronquistii,4,800,3,12.935619485172658,139.23306748426126,199.99026489257813
F. cronquistii,4,800,4,2.567992226981029,75.80753336987097,89.940338134765625
F. cronquistii,4,800,5,1.641575814960472,70.11927682578906,79.97510528564453
F. cronquistii,4,800,6,0.6568160329408721,64.23798747353193,69.86180877685547
F. cronquistii,4,800,7,-0.2003458564991373,57.99159447338855,60.053565979003906
F. cronquistii,4,800,8,-1.1389572769309813,51.59288545672706,49.9596061706543
H. isocalycia,3,200,1,16.69998224177618,228.04081193710024,400.1817932128906
H. isocalycia,3,200,2,12.43689639223521,173.85446560999645,299.9663391113281
H. isocalycia,3,200,3,7.825219033211771,129.59319787894324,199.83348083496097
H. isocalycia,3,200,4,2.186111463604697,69.79403026768817,90.00508117675781
H. isocalycia,3,200,5,1.774289168616467,63.82911819048058,79.99247741699219
H. isocalycia,3,200,6,1.3723476928535474,57.28426276068496,70.037628173828125
H. isocalycia,3,200,7,0.8123765826844226,51.15278063852374,60.09733200073242
H. isocalycia,3,200,8,0.23693056461709205,45.061959699817955,50.029052734375
H. isocalycia,4,800,1,16.130955876886254,261.7437584546334,399.9396667480469
H. isocalycia,4,800,2,12.026568688997143,201.70818195510603,300.1862487792969
H. isocalycia,4,800,3,7.601843456076975,143.1369970078457,200.0238800048828
H. isocalycia,4,800,4,2.0940607470572528,73.68834397783235,90.05809020996094
H. isocalycia,4,800,5,1.6469320334488964,66.8731627919126,80.01087188720702
H. isocalycia,4,800,6,1.195893381534552,59.71359601228593,69.92476654052734
H. isocalycia,4,800,7,0.6115394799025068,53.50638136401988,60.058685302734375
H. isocalycia,4,800,8,0.11368799163433788,46.4785074591964,49.898048400878906
F. pringlei,3,200,1,28.895036438658884,286.9036876910824,399.96585083007807
F. pringlei,3,200,2,21.78017493799222,215.8665178356992,300.0491638183594
F. pringlei,3,200,3,13.670400240278264,147.96550556609702,199.9118804931641
F. pringlei,3,200,4,3.229576572013261,76.28839461932895,90.01325988769531
F. pringlei,3,200,5,2.220290694586114,70.05557629140976,79.98936462402344
F. pringlei,3,200,6,1.1192819704677603,64.01790937109854,70.14168548583984
F. pringlei,3,200,7,0.14681090219986667,57.02286909618316,59.91988754272461
F. pringlei,3,200,8,-0.6497120529478463,49.5909186373204,49.904842376708984
F. pringlei,4,800,1,20.371701670911758,296.20143397543166,399.9792785644531
F. pringlei,4,800,2,15.412974590869245,221.8660974504597,299.9091491699219
F. pringlei,4,800,3,9.565971003610025,152.2953148347025,200.0664520263672
F. pringlei,4,800,4,1.9477944270292604,78.53314564892337,90.023773193359375
F. pringlei,4,800,5,1.178451181337642,72.20109334612974,80.07933807373047
F. pringlei,4,800,6,0.48535274906805514,65.37742496727931,70.051544189453125
F. pringlei,4,800,7,-0.26551360411684083,58.61282956944289,60.021671295166016
F. pringlei,4,800,8,-0.9048745302121322,51.398078423110256,49.97982406616211
H. glutinosa,3,200,1,18.37276931294692,243.33525162824375,399.9503784179687
H. glutinosa,3,200,2,13.697483553589231,190.95858579504244,300.0035095214844
H. glutinosa,3,200,3,9.000154969490413,140.37737543198887,199.8163299560547
H. glutinosa,3,200,4,2.1999518009493277,75.79632972214942,89.9305648803711
H. glutinosa,3,200,5,1.639023968654278,70.1978866816977,79.89757537841797
H. glutinosa,3,200,6,1.0369736653902482,63.30782516957616,70.01517486572266
H. glutinosa,3,200,7,0.3348272779623691,56.33007037152206,59.89105987548828
H. glutinosa,3,200,8,-0.36962394442073676,49.38902439810066,49.94721603393555
H. glutinosa,4,800,1,12.372300077504784,240.55470267563797,400.0419921875
H. glutinosa,4,800,2,9.19944214779011,189.9436387428691,300.1272277832031
H. glutinosa,4,800,3,6.176841637777515,140.32481278938727,200.0015411376953
H. glutinosa,4,800,4,1.418178547027607,75.75429808427072,89.9981460571289
H. glutinosa,4,800,5,1.0454824373817744,69.30813504056404,80.09413146972656
H. glutinosa,4,800,6,0.5575504471083308,62.61490271255869,69.98907470703125
H. glutinosa,4,800,7,0.09308991659656093,55.91573138172762,59.973976135253906
H. glutinosa,4,800,8,-0.42000946686158236,49.56858553341653,49.94435119628906
S. hians,3,200,1,20.008562702084735,225.58674586956752,399.8968505859375
S. hians,3,200,2,11.62821050553926,137.71104391769614,300.065673828125
S. hians,3,200,3,9.660309867133803,104.22560009843922,199.9164581298828
S. hians,3,200,4,4.534987713456527,56.44500760796859,89.8843765258789
S. hians,3,200,5,4.19654047204259,52.19870924850864,80.021392822265625
S. hians,3,200,6,3.6984397487468255,45.75130978217024,70.05067443847656
S. hians,3,200,7,2.859654947662794,40.29042938986355,59.998653411865234
S. hians,3,200,8,2.1786566236919596,34.014473417150505,49.8844108581543
F. sonorensis,3,200,1,35.9684443521909,289.9324436435361,399.9652099609375
F. sonorensis,3,200,2,27.89939356558232,214.7303214106697,299.91668701171875
F. sonorensis,3,200,3,18.723153366468075,143.57801271616353,199.86526489257813
F. sonorensis,3,200,4,6.541270986651913,69.6758897276725,89.95816802978516
F. sonorensis,3,200,5,5.55860938116175,63.262770840548136,80.0619888305664
F. sonorensis,3,200,6,4.373347882700963,56.76830219814041,70.06690216064453
F. sonorensis,3,200,7,3.255612782941154,49.904575084511826,60.032371520996094
F. sonorensis,3,200,8,2.0030360255327064,43.16737126393386,50.002479553222656
H. isocalycia,3,200,1,13.863936133237885,216.23719004008964,400.1472778320313
H. isocalycia,3,200,2,10.149071509219203,168.7699693467129,299.99822998046875
H. isocalycia,3,200,3,6.74799291942118,129.7479271076838,199.89108276367188
H. isocalycia,3,200,4,2.0182759053463437,70.24255228923677,89.8773422241211
H. isocalycia,3,200,5,1.5959833890306445,64.65422628275658,80.04710388183594
H. isocalycia,3,200,6,1.1540121731962083,57.514417935432256,70.00592041015625
H. isocalycia,3,200,7,0.5775423486942767,51.25658206329505,59.89496994018555
H. isocalycia,3,200,8,0.054445273851797815,45.473141795845024,49.90808868408203
S. hians,4,800,1,22.548545225218167,287.305622007703,400.0133056640625
S. hians,4,800,2,17.807844477755406,213.81886159590408,300.0097351074219
S. hians,4,800,3,12.350612077048558,143.48171697516705,199.93048095703125
S. hians,4,800,4,4.724590733758735,68.34447009727077,89.890380859375
S. hians,4,800,5,4.218629846609783,61.7502870815966,80.06542205810547
S. hians,4,800,6,3.5038749927721238,54.598603367852654,69.92938232421875
S. hians,4,800,7,2.6617987846249203,47.579992513826234,59.98486328125
S. hians,4,800,8,1.9597744872012695,40.05600400637099,49.97566223144531
F. pringlei,3,800,1,20.880902660623118,307.1688358884768,400.05279541015625
F. pringlei,3,800,2,15.909591132210277,229.68423019505235,300.0972900390625
F. pringlei,3,800,3,9.808092966129287,156.2936645075125,199.96533203125
F. pringlei,3,800,4,2.000182642974593,79.49370717740595,90.14312744140624
F. pringlei,3,800,5,1.2446570367188399,72.63868613144044,80.0592498779297
F. pringlei,3,800,6,0.5888719445349808,65.54805824325285,70.16791534423828
F. pringlei,3,800,7,-0.14925272184646832,58.381428643405954,60.08854675292969
F. pringlei,3,800,8,-0.8623611102269589,51.13797817230234,50.03757858276367
F. pringlei,4,200,1,18.73044601386781,278.3271424265451,399.9720764160156
F. pringlei,4,200,2,14.195266201488137,209.5837032430235,299.8798828125
F. pringlei,4,200,3,8.844741190285573,144.5964273799764,199.96730041503903
F. pringlei,4,200,4,1.944645335826002,76.25424384057574,90.04065704345702
F. pringlei,4,200,5,1.2774520909480658,70.48848113782508,80.1379623413086
F. pringlei,4,200,6,0.6046739475083074,64.24336974372788,70.04407501220703
F. pringlei,4,200,7,0.003488401100250005,57.47983633205437,59.9981803894043
F. pringlei,4,200,8,-0.7208006599778591,51.07409484241803,49.93212890625
F. sonorensis,3,800,1,20.535200324970553,277.6698224278322,399.9753112792969
F. sonorensis,3,800,7,2.2943824465113805,47.185884961498175,59.923641204833984
F. sonorensis,3,800,8,1.6785033230029722,41.90311900901242,50.102108001708984
F. sonorensis,3,800,6,3.0977893773579015,56.639068689179275,70.032745361328125
F. sonorensis,3,800,5,4.123220976998561,62.53256640973828,79.91971588134764
F. sonorensis,3,800,4,4.656783958255001,69.37038417963485,89.99763488769531
F. sonorensis,3,800,3,10.374617686479876,139.70511082089303,200.1841735839844
F. sonorensis,3,800,2,16.09868482140372,198.68387889092665,299.9727478027344
H. isocalycia,3,800,1,16.981375170431896,214.02950639306377,400.0509948730469
H. isocalycia,3,800,4,1.8010330415710092,67.13228424769875,90.11224365234376
H. isocalycia,3,800,5,1.8180796982736542,61.722428678907626,79.973663330078125
H. isocalycia,3,800,6,0.9467337816876624,56.44679532191583,69.96180725097656
H. isocalycia,3,800,7,0.1443238740647248,51.13422544281952,60.010887145996094
H. isocalycia,3,800,8,-0.5223937610011987,50.88108133859224,49.99480819702149
H. isocalycia,3,800,3,4.677845975587824,101.92031856144676,200.00392150878903
H. isocalycia,3,800,2,7.106862912910313,140.05126715350045,299.8016357421875
H. isocalycia,4,200,1,16.510025019463328,205.93667033395272,399.9082946777344
H. isocalycia,4,200,2,12.342940748979503,165.29613159624634,299.9981689453125
H. isocalycia,4,200,3,7.867023683077045,120.06958462862916,199.8936309814453
H. isocalycia,4,200,4,2.199944402920062,67.01634744457562,90.04704284667967
H. isocalycia,4,200,5,1.9056179764801675,60.743815778125054,80.04399108886719
H. isocalycia,4,200,6,1.2840865481281947,55.67355264000528,69.98992919921875
H. isocalycia,4,200,7,0.7930602417365855,49.88556217270779,60.037113189697266
H. isocalycia,4,200,8,0.1611417226864994,44.75303978250767,49.90839767456055
H. aturensis,3,800,1,25.991934750332202,251.17353827863187,399.9735412597656
H. aturensis,3,800,2,20.352433967596227,190.65374033721093,299.88531494140625
H. aturensis,3,800,3,14.46494936512164,130.29690238156368,200.0480804443359
H. aturensis,3,800,4,5.6143373166239945,62.666969025411824,89.93601989746094
H. aturensis,3,800,5,4.824810053242084,55.775017078176994,80.06270599365236
H. aturensis,3,800,6,3.954153141711451,48.403973767572786,70.0491714477539
H. aturensis,3,800,7,3.1973430710581496,42.80790304265216,59.974586486816406
H. aturensis,3,800,8,2.4805215517455923,36.186587611552135,50.10855484008789
H. aturensis,4,200,1,28.676241017424207,260.34240734538224,399.9456787109375
H. aturensis,4,200,2,21.83058694988628,188.99260283111903,299.974853515625
H. aturensis,4,200,3,15.51074231619118,132.95335269111678,200.03240966796875
H. aturensis,4,200,4,6.657039771832853,64.13151618749852,89.94609832763672
H. aturensis,4,200,5,5.917914468847462,58.07806629002258,79.86949157714844
H. aturensis,4,200,6,4.922259304874003,50.61225982082352,69.923736572265625
H. aturensis,4,200,7,3.780544353365708,43.13376837230973,59.97698211669922
H. aturensis,4,200,8,2.8654688370759516,35.989946919035496,50.069610595703125
H. glutinosa,3,800,1,14.634103440193364,233.91049675494256,399.9437561035156
H. glutinosa,3,800,2,10.934327966867212,180.56201643797996,300.1124572753906
H. glutinosa,3,800,3,7.10415988989851,131.06072996363807,200.10499572753903
H. glutinosa,3,800,4,1.8422532501479563,71.65368036685116,90.07057189941406
H. glutinosa,3,800,5,1.4440289795916135,65.97081783368311,80.05754089355469
H. glutinosa,3,800,6,0.8709322176890824,60.444349032067656,70.10099792480469
H. glutinosa,3,800,7,0.3281788460510204,54.42921935626341,60.05541229248047
H. glutinosa,3,800,8,-0.2625032025796368,48.691130540209826,49.96942901611328
F. sonorensis,3,800,1,31.97227579666071,273.71072695576817,400.0431213378906
F. sonorensis,3,800,2,24.09745395468493,206.1784837803576,299.94024658203125
F. sonorensis,3,800,3,15.469252264519591,141.40308902926688,200.043701171875
F. sonorensis,3,800,4,4.956130265462259,70.34327751493234,89.895416259765625
F. sonorensis,3,800,5,4.154185923120568,63.81370334869944,79.86627197265625
F. sonorensis,3,800,6,3.2993042352260007,57.32222572438012,70.13304901123047
F. sonorensis,3,800,7,2.292520872175392,50.44783429633824,59.80144119262695
F. sonorensis,3,800,8,1.3819841294193413,43.615049815447975,49.98194885253906
F. cronquistii,3,800,1,17.3027434670466,216.344546726034,399.9307861328125
F. cronquistii,3,800,2,12.70900244244708,167.89165656699325,299.95361328125
F. cronquistii,3,800,3,7.437562096948109,123.11535695218184,200.1072235107422
F. cronquistii,3,800,4,0.9830962832807834,75.64718828345036,90.00536346435547
F. cronquistii,3,800,5,0.43868374653474607,70.99057192566383,80.00359344482422
F. cronquistii,3,800,6,-0.16428395889611325,66.25664991355252,69.89698791503906
F. cronquistii,3,800,7,-0.7642550633828762,61.19131089004042,59.945045471191406
F. cronquistii,3,800,8,-1.4984246998244932,56.619692199113885,49.92552947998047
S. hians,3,800,1,19.43197615174595,224.42622762175031,399.9357299804687
S. hians,3,800,2,15.61780408800631,174.3817823214497,299.99298095703125
S. hians,3,800,3,11.576684387004603,124.47358180830756,199.9082794189453
S. hians,3,800,4,4.703109247915781,59.97754753141733,90.03975677490233
S. hians,3,800,5,3.7937456316910283,51.35776980643254,80.06024169921875
S. hians,3,800,6,3.212762726484946,45.20315053655449,70.042236328125
S. hians,3,800,7,2.6726328137494106,39.20755680002198,59.86334991455078
S. hians,3,800,8,2.0760142623519675,33.174304968408386,50.099239349365234
S. hians,4,200,1,20.02238160993748,206.15744522172056,399.86712646484375
S. hians,4,200,2,15.632706601555736,161.99416106169923,300.01629638671875
S. hians,4,200,3,11.572836996600339,120.3971513272399,199.9199981689453
S. hians,4,200,4,4.713703224815138,60.44623694886855,90.0143814086914
S. hians,4,200,5,4.22215847107913,54.54526220232257,79.87020111083984
S. hians,4,200,6,3.5885360054014117,48.40380463182159,69.93851470947266
S. hians,4,200,7,2.8749773671873387,42.29787454880323,59.91395568847656
S. hians,4,200,8,2.1765385959579984,36.167886539323035,50.097686767578125
F. cronquistii,4,200,1,29.638628537695762,253.04197341796936,399.9560546875
F. cronquistii,4,200,2,22.761477778971035,194.30161861529365,300.0310974121094
F. cronquistii,4,200,3,14.20669732958929,142.98443076638378,200.0405731201172
F. cronquistii,4,200,4,3.0857937462039833,76.35681659843303,90.08757781982422
F. cronquistii,4,200,5,2.381667522868805,69.01386697293485,79.99266815185547
F. cronquistii,4,200,6,0.9718031799903004,64.51156120768822,69.97312927246094
F. cronquistii,4,200,7,-0.15672450725322112,58.25238435145576,59.95232009887695
F. cronquistii,4,200,8,-1.249618590132075,51.52951901094419,49.86752700805664
F. sonorensis,4,200,1,30.22783826208847,243.6911104814948,400.014404296875
F. sonorensis,4,200,2,22.49710788731345,186.40619976793937,299.95269775390625
F. sonorensis,4,200,3,14.74142572867214,133.82371942597345,199.8907165527344
F. sonorensis,4,200,4,4.832047915218497,69.06664675114581,90.01407623291016
F. sonorensis,4,200,5,4.31648866267346,62.967452556090485,80.06682586669922
F. sonorensis,4,200,6,3.38417098079363,56.82728067966444,70.16331481933594
F. sonorensis,4,200,7,2.454838384887555,50.00734811333702,60.14173126220703
F. sonorensis,4,200,8,1.3246818964164113,43.3450956290599,49.94002532958984
H. glutinosa,4,200,1,14.42812918111322,236.92541147065327,400.0040588378906
H. glutinosa,4,200,2,10.684255547941364,184.59961490471576,299.89093017578125
H. glutinosa,4,200,3,6.6925587922690415,133.50582957014072,200.2033538818359
H. glutinosa,4,200,4,1.360167380055939,74.50129153114318,90.115509033203125
H. glutinosa,4,200,5,0.9498461941362808,68.64604552811284,79.89942932128906
H. glutinosa,4,200,6,0.5721689303257557,62.15332101258363,70.09478759765625
H. glutinosa,4,200,7,0.022223428470511064,56.00014843136697,59.96854782104492
H. glutinosa,4,200,8,-0.5337148946386003,49.864433877365265,50.029823303222656
F. angustifolia,1,200,1,26.206551260632512,267.5461951666361,399.9999084472656
F. angustifolia,1,200,2,19.54207136049431,207.5938663951536,300.0558776855469
F. angustifolia,1,200,3,12.93095885624593,139.56686927403567,199.91116333007813
F. angustifolia,1,200,4,5.104514117249225,66.72637340049324,90.07627868652344
F. angustifolia,1,200,5,4.2822429624453555,60.942175248094614,80.04371643066406
F. angustifolia,1,200,6,3.7956444579937125,53.93058322297847,70.10582733154297
F. angustifolia,1,200,7,2.7851912407198856,47.93852054845459,59.83919525146485
F. angustifolia,1,200,8,1.9700575622255778,41.43887205162098,50.03739547729492
F. angustifolia,2,800,1,24.883086145089404,255.9875770167477,399.90087890625
F. angustifolia,2,800,2,18.823697768918446,194.98220263528648,300.08837890625
F. angustifolia,2,800,3,11.848454212217451,136.95774532958035,199.86178588867188
F. angustifolia,2,800,4,3.603692435505277,70.16910527256431,89.96263122558594
F. angustifolia,2,800,5,3.1625363821906682,63.44894901808775,80.02196502685547
F. angustifolia,2,800,6,2.2634533773518326,57.887969130334326,69.9534683227539
F. angustifolia,2,800,7,1.5694100852656336,51.26683388927983,60.07552719116211
F. angustifolia,2,800,8,0.7608925664080062,44.646095918929845,50.07588577270508
S. laxum,1,200,1,15.103100206243859,262.20701039480167,400.0849609375
S. laxum,1,200,2,11.030783186225129,202.62339853992088,299.97686767578125
S. laxum,1,200,3,6.839892709031957,144.03896883791697,199.8905792236328
S. laxum,1,200,4,1.3770738403935348,77.00751523758619,90.08116149902344
S. laxum,1,200,5,1.1012639651840386,69.42192913334408,79.9100341796875
S. laxum,1,200,6,0.7466018170099173,62.99354953754093,70.08213806152344
S. laxum,1,200,7,-0.03273783596198615,56.67618355767207,59.93497848510742
S. laxum,1,200,8,-0.48504544678039707,49.05597304500505,50.030067443847656
T. cristatus,1,200,1,23.721028468211014,178.0831104621215,400.0591735839844
T. cristatus,1,200,2,19.10032205685273,132.02648808911297,299.990234375
T. cristatus,1,200,3,13.511783063015136,97.04602953494921,199.88577270507813
T. cristatus,1,200,4,5.706089159395004,50.98700299134007,89.978271484375
T. cristatus,1,200,5,5.1738651185661615,48.021527750460024,80.1025161743164
T. cristatus,1,200,6,4.446958745465565,43.810339683115835,69.86710357666016
T. cristatus,1,200,7,3.800554550190503,38.472722219694006,59.934566497802734
T. cristatus,1,200,8,3.089653798348031,33.043233024559605,50.2562141418457
T. cristatus,2,800,1,17.30589514717638,161.85617253485964,400.0326843261718
T. cristatus,2,800,2,13.647598980372758,134.72592470714596,300.3477783203125
T. cristatus,2,800,3,9.502893260107195,99.05783713395753,199.93865966796875
T. cristatus,2,800,5,3.646801680898005,48.251780224797734,80.03086853027344
T. cristatus,2,800,6,3.1299945646717093,44.34284056934085,69.848876953125
T. cristatus,2,800,7,2.844654775314413,38.43245342461464,60.227340698242195
T. cristatus,2,800,8,2.0069676925976316,34.58298627545698,49.971065521240234
T. cristatus,2,800,1,18.27845245619727,161.62805230940998,399.7765808105469
T. cristatus,2,800,2,14.259569547531111,129.12415866459827,300.1053771972656
T. cristatus,2,800,3,9.860661391608058,94.48284974646192,200.10760498046875
T. cristatus,2,800,5,3.398456936992446,48.75575858760573,80.21031188964844
T. cristatus,2,800,6,2.8682956751232656,44.19407464859843,70.1182861328125
T. cristatus,2,800,7,2.2420716941442342,39.67824866845038,59.934837341308594
T. cristatus,2,800,8,1.946158861337721,32.738397763802624,50.125694274902344
S. laxum,2,800,1,18.451336021251088,234.10330362891716,399.8284301757813
S. laxum,2,800,2,14.1732194460856,182.64693105162524,299.8550109863281
S. laxum,2,800,3,9.277558866644354,130.57935173559977,199.9995880126953
S. laxum,2,800,4,2.1058960225065055,71.43647892911986,90.08065032958984
S. laxum,2,800,5,1.5949582716255046,64.70718433447688,79.97630310058594
S. laxum,2,800,6,0.9604561760328276,58.37592111498952,69.987335205078125
S. laxum,2,800,7,0.23361426836219013,53.05953577188093,59.91365814208984
S. laxum,2,800,8,-0.3795211007763621,47.551100979854496,49.95670318603515
T. forrestii,1,200,1,23.401824267591195,211.23566445118735,399.990966796875
T. forrestii,1,200,2,17.088098385924006,168.43728675845992,299.993408203125
T. forrestii,1,200,3,11.29092432962413,124.50513367199846,200.01402282714844
T. forrestii,1,200,4,2.1140987655813115,73.63405866495057,90.01004791259767
T. forrestii,1,200,5,1.573488863406108,67.554679944778,80.003875732421875
T. forrestii,1,200,6,0.7014180209889898,62.09459961483002,70.17761993408203
T. forrestii,1,200,7,-0.08522692506586738,55.5865005821884,60.03667068481445
T. forrestii,1,200,8,-1.4807073926805745,51.22766155776131,50.11663055419922
T. forrestii,2,800,1,28.8444900324454,230.17036104321787,399.73052978515625
T. forrestii,2,800,2,20.816314633665783,176.1363230094555,300.07464599609375
T. forrestii,2,800,3,12.584456865167612,127.07518396578772,200.00564575195313
T. forrestii,2,800,4,2.517902659824692,72.65168356424292,89.97637176513672
T. forrestii,2,800,5,1.9710259314757557,66.1081095661887,80.043548583984375
T. forrestii,2,800,6,1.1174434361851966,60.5804132556737,70.06611633300781
T. forrestii,2,800,7,0.0593784309795613,55.49199247314677,59.8439826965332
T. forrestii,2,800,8,-0.884759559995907,50.109805647924055,50.05826568603515
T. forrestii,1,800,1,23.99947372198262,196.035397074627,400.0296325683594
T. forrestii,1,800,2,16.729245336710683,156.69106518828818,299.9896545410156
T. forrestii,1,800,3,10.234450998253694,118.43940161521786,199.9909820556641
T. forrestii,1,800,4,1.8991209220726624,72.82836894934896,90.14652252197266
T. forrestii,1,800,5,1.4383331492798312,65.71268777218556,79.83386993408203
T. forrestii,1,800,6,0.29474813367527913,62.96400101128864,69.985260009765625
T. forrestii,1,800,7,-0.527533161948096,57.85369335112681,59.96501159667969
T. forrestii,1,800,8,-1.0883811290531722,51.22844543223362,49.9387321472168
T. forrestii,2,200,1,36.41273929823927,287.1664258322056,400.15618896484375
T. forrestii,2,200,2,27.47315598892644,206.61290759039792,299.9478759765625
T. forrestii,2,200,3,16.653978669278516,139.23361356043725,199.9385528564453
T. forrestii,2,200,4,3.8802355284066405,72.72115995176067,89.95354461669922
T. forrestii,2,200,5,2.819212738886711,66.74015791222895,79.96707916259767
T. forrestii,2,200,6,1.67974995063619,60.838416466335744,70.03413391113281
T. forrestii,2,200,7,0.5564221312870334,54.677558249487134,60.06378555297851
T. forrestii,2,200,8,-0.7699168842462967,49.068355587452245,50.10216522216797
S. laxum,1,800,1,17.19262005443965,234.46247611144355,399.9557189941406
S. laxum,1,800,2,12.782559482610818,181.81432217900675,299.92437744140625
S. laxum,1,800,3,8.238540545436964,131.9750054625386,199.96136474609375
S. laxum,1,800,4,1.7477451681885663,71.89806902547788,89.9791030883789
S. laxum,1,800,5,1.0315486301588783,65.12545492054458,79.947662353515625
S. laxum,1,800,6,0.4742273505335347,59.57315997608606,70.04468536376953
S. laxum,1,800,7,0.09354549340442536,53.58356822509937,59.87351989746094
S. laxum,1,800,8,-0.44961918092678055,48.76100339463019,49.915042877197266
T. cristatus,1,800,1,23.90829874183875,202.2146701067811,400.2091369628906
T. cristatus,1,800,2,18.398617189083097,164.64075094807356,300.0278625488281
T. cristatus,1,800,3,13.120076910184054,116.36653550062924,199.9546813964844
T. cristatus,1,800,4,5.193945937866999,59.201386296383205,90.1067123413086
T. cristatus,1,800,5,4.787445121307278,54.467452385882275,80.11553192138672
T. cristatus,1,800,6,3.9345751594166147,49.52325798884585,69.88965606689453
T. cristatus,1,800,7,3.2123089262317865,43.83624491869021,60.020164489746094
T. cristatus,1,800,8,2.280385238856194,37.636304154712946,50.08387756347656
T. cristatus,2,200,1,21.406313369570768,172.3775103128332,399.8297119140625
T. cristatus,2,200,2,16.79312564706041,135.39614127238937,300.2227478027344
T. cristatus,2,200,3,11.21326563167624,101.86701437299983,199.74139404296875
T. cristatus,2,200,4,4.294538007242822,54.588328005009615,90.04973602294922
T. cristatus,2,200,5,4.223864262369864,48.76433721087816,80.12517547607422
T. cristatus,2,200,6,3.536054739749823,44.98899985780338,70.17192077636719
T. cristatus,2,200,7,3.0096353897151866,39.465703102905096,60.2954216003418
T. cristatus,2,200,8,2.2134605251561874,34.47411812767468,50.12434005737305
F. angustifolia,1,800,1,30.157231798170624,267.11550220731016,400.053466796875
F. angustifolia,1,800,2,23.356360574525784,203.73781374125167,299.97650146484375
F. angustifolia,1,800,3,15.120048931999824,141.72316856840223,199.8665771484375
F. angustifolia,1,800,4,5.0560166205334935,70.62444744382601,89.84807586669922
F. angustifolia,1,800,5,4.30464869989617,64.38778806931198,79.9365463256836
F. angustifolia,1,800,6,3.3891764317605233,57.81538565089307,69.986083984375
F. angustifolia,1,800,7,2.388563830120874,51.013540744504965,59.91093826293945
F. angustifolia,1,800,8,1.405455466417715,44.13571375678335,50.04368209838867
S. laxum,2,200,1,17.938429568066883,216.66274825554763,399.9425048828125
S. laxum,2,200,2,12.791737801074625,171.2853783810573,299.70001220703125
S. laxum,2,200,3,8.284953005775552,126.06245712145672,200.1585693359375
S. laxum,2,200,4,1.932283160454328,70.99534090179995,90.305419921875
S. laxum,2,200,5,1.5095569403305555,64.39767153517128,80.0998306274414
S. laxum,2,200,6,0.8584463370119477,57.744236125826625,69.94178771972656
S. laxum,2,200,7,0.061752917620712444,53.55033838821901,59.82136535644531
S. laxum,2,200,8,-0.6742104972988725,49.67728094750867,49.79611587524414
T. cristatus,1,800,1,27.71266924862002,219.75477689219625,399.8824768066406
T. cristatus,1,800,2,21.302418733522913,169.57980981598163,299.8724365234375
T. cristatus,1,800,3,14.386423954671539,119.5485682303086,199.9951934814453
T. cristatus,1,800,4,5.785896284215425,58.858450757744805,90.03459167480469
T. cristatus,1,800,5,5.21224245116408,54.861528319760346,80.14790344238281
T. cristatus,1,800,6,4.537456422493165,48.507631188058326,69.93563079833984
T. cristatus,1,800,7,3.843689496581344,42.19335775401534,59.9755744934082
T. cristatus,1,800,8,2.5145101526527314,36.85031517867328,49.86299514770508
F. angustifolia,2,200,1,35.00798400450827,281.5636904385545,400.1243591308594
F. angustifolia,2,200,2,26.859100151232006,209.85509674062325,300.1824645996094
F. angustifolia,2,200,3,17.045878815655737,143.91970206156094,200.16297912597656
F. angustifolia,2,200,4,5.512516783160418,71.35482396058178,89.88452911376953
F. angustifolia,2,200,5,4.70215804681433,64.88587193299766,79.9722900390625
F. angustifolia,2,200,6,3.8547690482877996,58.11330233223584,70.1470947265625
F. angustifolia,2,200,7,2.7682704020976083,51.27434594024581,60.07379150390625
F. angustifolia,2,200,8,1.8140179973329826,43.940702519913536,50.15401077270508
F. angustifolia,4,800,1,23.775528673612794,236.94505132014817,399.9296875
F. angustifolia,4,800,2,17.141522332721877,182.41786249594625,299.9822998046875
F. angustifolia,4,800,3,10.46163910052267,128.58517682134817,200.10580444335935
F. angustifolia,4,800,4,3.0658061434157347,67.77053928134117,89.91981506347656
F. angustifolia,4,800,5,2.686447012621136,61.4180017813453,79.90455627441406
F. angustifolia,4,800,6,2.1555805627353424,55.44611428343889,69.91573333740234
F. angustifolia,4,800,7,1.5964913756908332,49.306773890027074,60.05668640136719
F. angustifolia,4,800,8,0.758462782412983,43.66466378939988,49.944541931152344
T. cristatus,3,200,1,27.58991483134906,188.09929598105396,400.0236206054687
T. cristatus,3,200,2,22.981523883043664,149.0078976124301,299.94720458984375
T. cristatus,3,200,3,17.317336953878485,108.47845444871292,200.00196838378903
T. cristatus,3,200,4,7.457136031930979,55.94172650903554,89.97757720947266
T. cristatus,3,200,5,6.950334299206012,51.288272640058835,79.9030532836914
T. cristatus,3,200,6,5.74228637370136,46.15227517568693,69.94532775878906
T. cristatus,3,200,7,4.467459827042036,40.38476198144376,59.90251541137695
T. cristatus,3,200,8,3.352128036414208,34.307258900718665,50.03929901123047
T. cristatus,4,800,1,23.022924340336925,185.7778395897915,400.004638671875
T. cristatus,4,800,2,18.24824161162963,145.92377969704333,300.0043640136719
T. cristatus,4,800,3,12.856275932061507,103.8360603558658,200.0419006347656
T. cristatus,4,800,4,4.941484669454086,55.238152248948346,90.0582275390625
T. cristatus,4,800,5,4.101683199693124,50.45149650015469,80.0691146850586
T. cristatus,4,800,6,2.4381869798978406,46.25310550321933,70.12606048583984
T. cristatus,4,800,7,1.6313227165392614,41.92837770125065,59.991268157958984
T. cristatus,4,800,8,1.2247028074892152,35.881771403066246,50.0894775390625
S. laxum,4,800,1,16.742399609442433,191.51112790824516,400.2241516113282
S. laxum,4,800,2,11.978169425827653,170.74347316895842,300.0428466796875
S. laxum,4,800,3,8.343142143264727,131.9673760658339,200.12741088867188
S. laxum,4,800,4,2.034763152747524,71.87963544221142,89.96822357177734
S. laxum,4,800,5,1.6831243977651091,63.7675405682794,80.2659683227539
S. laxum,4,800,6,0.736246399522535,59.58729481700364,69.99825286865234
S. laxum,4,800,7,0.09983275058996988,54.17153081310382,59.91804885864258
S. laxum,4,800,8,-0.42738561920684703,48.352025113322995,50.04059219360352
T. forrestii,3,200,1,27.757255002826568,264.8398591716902,399.8557434082031
T. forrestii,3,200,2,20.718263452122525,200.38238628779257,299.8901672363281
T. forrestii,3,200,3,13.007586877119184,140.43233564884153,199.9685516357422
T. forrestii,3,200,4,2.91805275406391,74.57522652944682,90.04705810546875
T. forrestii,3,200,5,2.1107802104576834,68.54787069615297,79.99171447753906
T. forrestii,3,200,6,1.1385280951163779,62.305364416979955,69.94831848144531
T. forrestii,3,200,7,-0.06637774940531188,56.047405912251726,59.82022857666016
T. forrestii,3,200,8,-1.135044795309139,49.38341628630488,49.97929763793945
T. forrestii,4,800,1,26.474697431428982,279.0318942166622,400.0045471191406
T. forrestii,4,800,2,20.294329164621665,209.17273285421635,300.1205749511719
T. forrestii,4,800,3,12.752620206749302,143.66670449249656,200.00698852539065
T. forrestii,4,800,4,2.92509529391377,74.70158159399372,90.21320343017578
T. forrestii,4,800,5,1.67313655676441,69.723996856970345,80.024169921875
T. forrestii,4,800,6,0.5661471288622835,63.91017342414311,70.00769805908203
T. forrestii,4,800,7,-0.5365012080491677,57.728728310212254,60.00820541381836
T. forrestii,4,800,8,-1.5960987958519501,51.11498710021825,49.984188079833984
F. angustifolia,3,200,1,31.533623799000004,240.30695336994123,399.8821411132813
F. angustifolia,3,200,2,25.030608983568367,182.05997912309644,300.0082092285156
F. angustifolia,3,200,3,17.12990512369748,126.1772625900858,199.90606689453125
F. angustifolia,3,200,4,7.0386075650947575,62.053038623556176,90.06620788574219
F. angustifolia,3,200,5,6.281988756495933,56.8556212422684,80.00440979003906
F. angustifolia,3,200,6,5.35757000258423,51.08875038665921,69.85032653808594
F. angustifolia,3,200,7,4.348974191510272,45.0652377218809,59.91716384887695
F. angustifolia,3,200,8,3.3127794658764262,38.74061035382709,50.02775573730469
S. laxum,3,200,1,18.036167171688625,239.31452610766735,399.994873046875
S. laxum,3,200,2,13.306740278248473,183.92130380056517,299.8377685546875
S. laxum,3,200,3,9.146605381286594,135.6695155199975,200.2531280517578
S. laxum,3,200,4,2.3913547560414963,73.54479953399752,90.11226654052734
S. laxum,3,200,5,2.0411033096313203,66.64666030629411,80.14794921875
S. laxum,3,200,6,1.0560164967443149,60.70958054992676,70.057159423828125
S. laxum,3,200,7,0.30449024895643545,54.31330343623037,60.0526237487793
S. laxum,3,200,8,-0.5030920302531542,48.57032565762467,49.832374572753906
T. forrestii,3,800,1,23.80709831063206,252.76572255426572,400.0494995117187
T. forrestii,3,800,2,18.325053425400768,201.6882071124207,300.010498046875
T. forrestii,3,800,3,11.790576880138353,145.81333763172307,199.9022979736328
T. forrestii,3,800,4,1.6810365789472739,79.14415484208341,90.00493621826172
T. forrestii,3,800,5,0.5705788246041572,73.43363686927246,79.907501220703125
T. forrestii,3,800,6,-1.2596460502947402,68.35373650669288,69.85234069824219
T. forrestii,3,800,7,-2.2313330238676143,60.78725836894652,59.90221405029297
T. forrestii,3,800,8,-2.9384928581657523,52.202801860254915,49.90983200073242
T. forrestii,4,200,1,29.431719504372527,241.82062622877345,400.0060729980469
T. forrestii,4,200,2,22.31968006820929,182.3109569672776,300.0450134277344
T. forrestii,4,200,3,13.272678848100519,134.59277966739722,199.95057678222656
T. forrestii,4,200,4,1.2947192934973923,78.04200993609227,89.97679138183594
T. forrestii,4,200,5,1.9089690454581223,67.22957451180059,79.9798126220703
T. forrestii,4,200,6,0.05487929007812853,64.04728920650497,70.0714111328125
T. forrestii,4,200,7,-0.9636327339109416,57.725198463760854,59.98057556152344
T. forrestii,4,200,8,-2.266225314110283,51.95501054670354,50.03023910522461
T. cristatus,3,800,1,20.90927226098076,229.10261510436283,399.3056640625
T. cristatus,3,800,2,17.14072028412133,181.02412312970296,299.6692199707031
T. cristatus,3,800,3,11.884083607411936,127.1537636945118,199.88497924804688
T. cristatus,3,800,4,4.827874355891525,63.1965071149195,89.63800811767578
T. cristatus,3,800,5,4.26448746991349,58.867247363032114,80.06890106201172
T. cristatus,3,800,6,3.3411945632128774,53.525274543642944,69.83255767822266
T. cristatus,3,800,7,2.787253361483309,46.2123668523208,59.90781784057618
T. cristatus,3,800,8,1.946110090615577,39.40237114259206,50.030364990234375
T. cristatus,4,200,1,22.56400771062351,198.0206684410384,399.2718811035156
T. cristatus,4,200,2,18.929503598388987,155.20354772222717,299.6220397949219
T. cristatus,4,200,3,13.597514467266562,114.71240516696597,199.7393493652344
T. cristatus,4,200,4,5.266345410623456,61.410537689169665,89.80574035644531
T. cristatus,4,200,5,5.301966044993069,55.71396900308855,79.833526611328125
T. cristatus,4,200,6,4.442000347036459,51.012304975946655,69.953857421875
T. cristatus,4,200,7,3.5598533191082358,44.95824810021347,59.92522430419922
T. cristatus,4,200,8,2.6380352253214605,38.37275572943602,49.85482406616211
S. laxum,3,800,1,16.765520649470457,250.1963112402884,399.98785400390625
S. laxum,3,800,2,12.350238762898227,198.0074587707859,299.9206848144531
S. laxum,3,800,3,8.156456072050174,143.72212131465787,199.99462890625
S. laxum,3,800,4,1.8652612232527126,75.82107532884577,90.14299011230469
S. laxum,3,800,5,1.2821872263057663,69.74096597376784,80.01702880859375
S. laxum,3,800,6,0.5936488133436513,62.95681913706844,69.94056701660156
S. laxum,3,800,7,-0.15787901623819528,56.81280163688295,59.95896911621094
S. laxum,3,800,8,-0.6014341567871142,49.4633653601458,50.05033493041992
S. laxum,4,200,1,13.764123901427265,249.98362523819924,400.0793151855469
S. laxum,4,200,2,10.042196023155842,194.48723527287876,299.9655456542969
S. laxum,4,200,3,6.1703198982999155,138.69546726257232,199.95968627929688
S. laxum,4,200,4,1.0693637201189221,75.33204301531168,89.8561248779297
S. laxum,4,200,5,1.0165366740041328,67.63990956546553,79.98921966552734
S. laxum,4,200,6,0.49831655836205685,61.79270851108164,70.11458587646484
S. laxum,4,200,7,-0.00774609819945693,55.285899242588776,59.972782135009766
S. laxum,4,200,8,-0.7722994015242879,50.44601118942082,49.9052848815918
F. angustifolia,3,800,1,23.551170493835823,250.9320483176476,399.8714294433594
F. angustifolia,3,800,2,17.715241193139843,190.23125283401984,300.0150451660156
F. angustifolia,3,800,3,11.31526218907376,133.1422523870277,200.0013885498047
F. angustifolia,3,800,4,3.672842216829142,68.3939291917045,90.03778076171875
F. angustifolia,3,800,5,3.189305752959976,62.56591290126275,79.93269348144531
F. angustifolia,3,800,6,2.6492772050428037,56.167200708526025,69.92427825927734
F. angustifolia,3,800,7,1.9475066250245354,50.09559414754571,60.1594352722168
F. angustifolia,3,800,8,1.2113450664666114,43.25318597990304,49.948856353759766
F. angustifolia,4,200,1,21.73994606791801,219.85594245225704,400.0088806152344
F. angustifolia,4,200,2,16.36425323040719,165.55735656624432,300.00213623046875
F. angustifolia,4,200,3,10.966648355109902,111.90450080033648,199.94667053222656
F. angustifolia,4,200,4,4.350540913977044,60.46731853134609,89.8982925415039
F. angustifolia,4,200,5,3.936790768554222,55.864411411792275,80.0757827758789
F. angustifolia,4,200,6,3.584639410946356,50.830692993790635,70.03986358642578
F. angustifolia,4,200,7,3.029800892885907,45.41268337923186,60.100154876708984
F. angustifolia,4,200,8,2.2416369498884494,40.134981215427345,50.15273666381836
T. cristatus,6,800,1,11.334517192827624,213.78548133542296,399.8695068359375
T. cristatus,6,800,2,9.453348524312437,174.77884769411767,299.92333984375
T. cristatus,6,800,3,6.648771108696997,128.33896617807977,199.76980590820313
T. cristatus,6,800,4,2.5624251720552254,65.6998850565087,90.095916748046875
T. cristatus,6,800,5,2.4076194590219187,59.834225570592835,80.04314422607422
T. cristatus,6,800,6,1.9881225366761013,55.364769717594214,70.03852844238281
T. cristatus,6,800,7,1.624808650749494,47.68909211234012,59.85653305053711
T. cristatus,6,800,8,0.9518934901446889,41.97244581874568,49.99778747558594
T. cristatus,6,200,1,23.599584752327324,249.00917177840464,399.98382568359375
T. cristatus,6,200,2,18.1267185065901,185.42220344848675,299.86407470703125
T. cristatus,6,200,3,12.232680738725312,126.74294722298228,199.8854827880859
T. cristatus,6,200,4,4.888285818209555,61.09859202571906,90.0242919921875
T. cristatus,6,200,5,4.603684891838584,54.31189158538958,80.04041290283203
T. cristatus,6,200,6,4.003287183641187,49.20628043278113,70.087158203125
T. cristatus,6,200,7,2.95058873227218,43.72268477516669,59.873348236083984
T. cristatus,6,200,8,2.1788634315257025,37.66342477968934,49.866756439208984
