Day,PARi,Obs,Photo,Ci
0,1500,1,24.908156307834652,259.969039399959
0,1500,2,18.399174626713968,196.08296825565756
0,1500,3,11.48984650741131,137.60361393776404
0,1500,4,3.3125042650797036,71.29041670811507
0,1500,5,2.8571306345193364,64.73960433106514
0,1500,6,2.3009408889075913,58.05988608155298
0,1500,7,1.3841022072101188,51.71424072888722
0,1500,8,0.5561357858301432,44.918801593857154
2,1500,1,25.492793472034325,233.98720910633068
2,1500,2,19.168642723082183,179.11111862040943
2,1500,3,12.755307270931855,128.43259949025762
2,1500,4,4.340118697451673,67.21100038116379
2,1500,5,3.8818888973185772,61.9451656637241
2,1500,6,2.999907221886075,56.58509314748576
2,1500,7,2.0076264481401616,50.03433800723476
2,1500,8,1.047611739007141,43.76496949567623
4,1500,1,26.991790529211713,257.1915791407263
4,1500,2,20.42729980747947,193.93142128738418
4,1500,3,13.135228562898389,133.71404614149444
4,1500,4,4.111573004874023,68.27854133877551
4,1500,5,3.488285724247051,62.099657970211595
4,1500,6,2.739180594798605,55.76916356288522
4,1500,7,1.9283015096722325,49.31126575797135
4,1500,8,1.0124191808321306,42.94149809145378
