Species,Plant,Day,Obs,PARi,Photo,Ci,CO2R,Cond,vp_kPa
F. sonorensis,1,0,1,1500,29.134069065146253,257.6753311483628,393.780029296875,0.4693791199831036,1.7793476508952444
F. sonorensis,1,0,2,1500,20.93712008517297,191.8515520291448,300.0730285644531,0.41649148766780153,1.7534650209099054
F. sonorensis,1,0,3,1500,12.637015287803882,134.88369125384162,199.86569213867188,0.4336909307422479,1.771939958257135
F. sonorensis,1,0,4,1500,3.694974627555048,70.30746162366542,90.16748809814453,0.4987426038487257,1.8232710304742796
F. sonorensis,1,0,5,1500,3.243669303523736,64.40014729087883,80.135009765625,0.599640988231065,1.8991642462809977
F. sonorensis,1,0,6,1500,2.43446895818738,58.55976318135468,70.1213150024414,0.6956461348411482,1.964517138680967
F. sonorensis,1,0,7,1500,1.5804052959728163,51.75387494644729,60.05890655517578,0.744631006941656,1.9988908758385808
F. sonorensis,1,0,8,1500,0.4806313957856149,45.295291711333896,50.05010223388672,0.7598494616997759,2.013932991094247
F. sonorensis,1,0,9,1500,29.68005997663812,296.1462914389761,399.9095764160156,0.7148855166600033,1.995361154101629
F. sonorensis,1,0,10,1500,28.708966110785788,277.396149475024,399.8357849121094,0.5362405481207247,1.8954933088276449
F. sonorensis,1,0,11,1500,27.039320122941508,262.1075440524547,399.9749145507813,0.4227673352172803,1.8180086354015803
F. sonorensis,1,0,12,1500,32.93128448689659,319.1533142661465,500.1002197265625,0.38187902733504864,1.7866927043291654
F. sonorensis,1,0,13,1500,36.51476184736905,378.67501297631605,599.9578857421875,0.33865542111402336,1.7537462727902893
F. sonorensis,1,0,14,1500,42.51750261528652,495.28994468377493,800.1126708984375,0.277312599454961,1.7058819977781967
F. sonorensis,1,0,15,1500,47.8085979373778,709.0312286608623,1150.0452880859375,0.2082760636651828,1.6447363114377076
F. sonorensis,1,0,16,1500,51.00122671806788,928.2919479696626,1499.950439453125,0.16768041352314278,1.6043480488767454
F. sonorensis,1,0,17,1500,16.955596122227902,217.53401078882595,400.0608520507813,0.17613022699291703,1.6164048510305875
F. sonorensis,1,0,18,400,11.317229670056275,269.90373734765024,385.0950622558594,0.19886806773169685,1.626695604500128
F. sonorensis,1,0,19,400,0.35088881887505746,91.71121262340166,101.89604949951172,0.23226808394285084,1.6571351254066975
F. sonorensis,1,0,20,400,0.7545696126049797,82.25716762941873,92.775177001953125,0.32530063794256564,1.7378168688112785
F. sonorensis,1,0,21,400,0.37295743637611534,77.72658086991397,84.837188720703125,0.43200978078878777,1.824019849117234
F. sonorensis,1,0,22,400,0.036656925489318926,71.18426368347463,76.21161651611328,0.5099589985401582,1.8808409371579184
F. sonorensis,1,0,23,400,-0.525723808278479,64.97646488813307,67.54779815673828,0.5578302654012877,1.9142971364143888
F. sonorensis,1,0,24,400,-1.2409052889362542,58.7614945805605,58.58724212646485,0.5920768555902305,1.9382530319350189
F. sonorensis,1,0,25,400,-1.9632547444358726,52.221777361881536,49.415584564208984,0.6177846603318353,1.9536357639082416
F. sonorensis,1,0,26,400,14.67772963907338,312.4775836792652,378.9723510742187,0.582526430397236,1.9332648415983131
F. sonorensis,1,0,27,250,8.634062861805681,287.9982339135344,377.7125854492187,0.2044520239249055,1.625379133531067
F. sonorensis,1,0,28,250,0.09301415956463865,94.62773400496205,103.46627044677734,0.20290656550916755,1.6238972858949563
F. sonorensis,1,0,29,250,0.05412761222271567,87.65044952447225,95.3396224975586,0.2358374316304435,1.6542152428863337
F. sonorensis,1,0,30,250,-0.26470369178777486,81.6000327312521,86.34439849853516,0.29657017883464437,1.7075356056511228
F. sonorensis,1,0,31,250,-0.756767629923268,75.81538225433418,77.60684967041016,0.37832763395721863,1.7756728650739095
F. sonorensis,1,0,32,250,-1.168759337295943,68.81845121308585,68.78984832763672,0.4624019977736128,1.8409644395029172
F. sonorensis,1,0,33,250,-1.886878872331557,62.3267758254027,59.4741325378418,0.5172971055007859,1.8769314529482657
F. sonorensis,1,0,34,250,-2.4449826349648096,55.11030409341854,50.2076530456543,0.5535696186102125,1.90510332679961
F. sonorensis,1,0,35,250,10.573609044147037,320.419811853256,378.4378356933594,0.4913068279509717,1.8649148547304064
F. sonorensis,1,0,36,150,4.918700423546504,296.5381273070099,376.976806640625,0.13107399958538346,1.5449994421478914
F. sonorensis,1,0,37,150,-0.6787013690426188,101.06713573425765,102.45284271240234,0.1399165897483359,1.5513075251763804
F. sonorensis,1,0,38,150,-0.72521796927668,93.28597163168415,94.58191680908203,0.1832409795408233,1.5921527627791874
F. sonorensis,1,0,39,150,-1.0027133536704071,86.07013659125305,85.97923278808594,0.2588020123307809,1.6678770238539438
F. sonorensis,1,0,40,150,-1.4256914040772402,79.05953498432584,77.20459747314453,0.34443246156306023,1.741150640253676
F. sonorensis,1,0,41,150,-1.8815657115155413,72.1259839976444,68.49539947509766,0.40557669509480887,1.7897108754659712
F. sonorensis,1,0,42,150,-2.0213385816401854,63.467541376698705,59.49276351928711,0.45503779143289785,1.8263298801175551
F. sonorensis,1,0,43,150,-2.5104703960599846,56.2063880017935,50.3621940612793,0.4910952446899042,1.854220420080237
F. sonorensis,1,0,44,150,5.91143951320672,336.1771033729489,378.4793090820313,0.4367053416195249,1.8190690384455956
F. sonorensis,1,0,45,100,2.992226773120242,318.18733137797165,377.5427856445313,0.12094118099865368,1.529049856965168
F. sonorensis,1,0,46,100,-1.1998607088943767,108.96895669645625,103.32393646240234,0.1260946337761618,1.5336398543601757
F. sonorensis,1,0,47,100,-0.9836414102856731,96.6446505759415,95.3404312133789,0.17131959317147613,1.5790327191825493
F. sonorensis,1,0,48,100,-1.2904669167837644,88.91364426717935,86.47236633300781,0.24319847497267283,1.6437466829395273
F. sonorensis,1,0,49,100,-1.5351278040461802,80.21359517358415,77.75238800048828,0.3372375168726129,1.736793899703858
F. sonorensis,1,0,50,100,-2.176389904321929,73.60225961833386,68.6768569946289,0.4056040033907482,1.7941388653674075
F. sonorensis,1,0,51,100,-2.300875745914802,64.74413187702551,59.510215759277344,0.4453441991039599,1.8237181887391631
F. sonorensis,1,0,52,100,-2.725563175682888,57.26313324569619,50.21657943725586,0.4674037342444735,1.835797820092208
F. sonorensis,1,0,53,100,3.918841060068824,341.6245842828517,377.6105651855469,0.38038251661174755,1.7758543041953234
F. sonorensis,2,0,1,1500,27.473536305980264,284.433800184181,396.909912109375,0.5790389798372805,2.1405173067691794
F. sonorensis,2,0,2,1500,21.003465170207324,211.4113399754671,300.0194091796875,0.5564665711487755,2.131098399506067
F. sonorensis,2,0,3,1500,13.811745582635837,142.00788315718864,200.00650024414065,0.5692952062659863,2.1394349675079867
F. sonorensis,2,0,4,1500,4.567736523198324,69.65004825459644,90.10862731933594,0.600508749152131,2.1645071621301177
F. sonorensis,2,0,5,1500,3.968123005739558,62.99186788204694,80.02124786376953,0.6524431645715763,2.1766638214528937
F. sonorensis,2,0,6,1500,3.643150840372724,55.23846484215244,70.03715515136719,0.7086311887079845,2.192742068560183
F. sonorensis,2,0,7,1500,2.3097824438387624,49.68974340957741,59.96592330932618,0.7408140588433083,2.2424101967862224
F. sonorensis,2,0,8,1500,1.3594224919053186,42.94756210171311,49.89188766479492,0.7794585120413908,2.261374503307161
F. sonorensis,2,0,9,1500,28.899762307637722,303.44477993609195,400.1502075195313,0.7788928249370481,2.2337376702772453
F. sonorensis,2,0,10,1500,28.143248045878895,295.91691942529883,399.9889221191406,0.6760500367156961,2.201288091962255
F. sonorensis,2,0,11,1500,27.787977124062856,289.56299225864495,399.9908142089844,0.6032495693941511,2.1280850408884
F. sonorensis,2,0,12,1500,31.776837489887928,358.8238524002854,499.8913269042969,0.519759710477581,2.065908411581826
F. sonorensis,2,0,13,1500,34.97337768348029,422.3130221156589,600.09033203125,0.4355360597655212,2.004320502128452
F. sonorensis,2,0,14,1500,39.43647787898886,567.0905867285045,800.12322998046875,0.3635394577048104,1.9415496479650027
F. sonorensis,2,0,15,1500,43.68052529987443,851.0466021000914,1149.814453125,0.31075396215544365,1.8846253341520205
F. sonorensis,2,0,16,1500,45.31475497266551,1150.1936467897565,1499.9180908203125,0.274845881889894,1.8416051409270733
F. sonorensis,2,0,17,1500,19.942095855945585,253.01354547342208,399.966064453125,0.27404191277050993,1.8351279947727452
F. sonorensis,2,0,18,400,11.838737311754496,296.7649637356998,397.2857971191406,0.25191755771450236,1.795147958440357
F. sonorensis,2,0,19,400,1.475897400200232,94.48046456799227,110.96089935302734,0.27886768446143195,1.814161166809514
F. sonorensis,2,0,20,400,1.5481511541424586,86.39446027913975,101.27357482910156,0.3301344728165699,1.852398917710263
F. sonorensis,2,0,21,400,1.2068033444711854,79.56988512766709,91.059051513671875,0.3860958253250192,1.8932179179958477
F. sonorensis,2,0,22,400,0.7834370494083012,72.84020745455173,81.29438781738281,0.4416798745961347,1.9317206769958577
F. sonorensis,2,0,23,400,0.25885453102387546,65.80804858004564,71.334503173828125,0.496467612302912,1.9667256369499957
F. sonorensis,2,0,24,400,-0.40994660996718507,58.68535900561918,61.18071365356445,0.5438023481323776,1.996755001894635
F. sonorensis,2,0,25,400,-0.9948893562520338,51.13901399775064,51.217918395996094,0.5878072916967728,2.0208995384033916
F. sonorensis,2,0,26,400,14.696383730607852,330.0135482720182,396.6202087402344,0.6019214178270064,2.0319559427849163
F. sonorensis,2,0,27,250,9.202067814992711,337.2666356969148,396.843994140625,0.4114777019782376,1.8823180884626345
F. sonorensis,2,0,28,250,0.791104457344477,100.31240250880376,110.75405120849608,0.3761424524333746,1.8511072814811775
F. sonorensis,2,0,29,250,0.6745718381686485,91.82925033052967,101.11540985107422,0.3938166610317788,1.8646667313768264
F. sonorensis,2,0,30,250,0.3220329586291822,83.98146147286465,91.0029296875,0.4216310389673302,1.88604504925909
F. sonorensis,2,0,31,250,-0.1911489290016707,76.96957350820276,81.21199035644531,0.4550709168327454,1.9075870061909224
F. sonorensis,2,0,32,250,-0.681632948232086,69.49975322890585,71.36685943603516,0.49033358684715667,1.9365486547651236
F. sonorensis,2,0,33,250,-1.142968904174099,61.44644694092533,61.235565185546875,0.5229554443792938,1.9623168725448197
F. sonorensis,2,0,34,250,-1.6295749609361994,53.55409411296746,51.29418182373047,0.5518144936801775,1.980634036247211
F. sonorensis,2,0,35,250,10.54043609709461,340.9413028819157,396.6605224609375,0.5441842334268252,1.9717346405044376
F. sonorensis,2,0,36,150,5.5809749727239515,341.88720600161327,396.8240051269531,0.2646997305597994,1.718733012547382
F. sonorensis,2,0,37,150,-0.21696199098926103,105.1364896536433,110.91600036621094,0.25215362542884623,1.706311853826046
F. sonorensis,2,0,38,150,-0.4328088724372302,97.40023052247409,101.34325408935548,0.276673845500894,1.7297803695365146
F. sonorensis,2,0,39,150,-0.6922485895124117,89.13353314655456,91.20699310302734,0.3140052476527226,1.7647866144116269
F. sonorensis,2,0,40,150,-0.885474236125225,80.62313031610272,81.502532958984375,0.3538760127561775,1.8058311318314957
F. sonorensis,2,0,41,150,-1.3006903462215975,72.79145753774289,71.64348602294922,0.404140616578423,1.857026391664229
F. sonorensis,2,0,42,150,-1.6378377476200825,64.19766057735595,61.5375862121582,0.44760276169607616,1.8953613694613016
F. sonorensis,2,0,43,150,-2.0633791380692172,56.01652804365788,51.6054801940918,0.4881592848932402,1.927550222150632
F. sonorensis,2,0,44,150,6.2932168887579705,355.05531330755286,396.9149169921875,0.4997907693725104,1.9357949815081377
F. sonorensis,2,0,45,100,3.0105078519349324,360.7100663816752,397.0137634277344,0.29069194664804626,1.750750142124496
F. sonorensis,2,0,46,100,-0.8834950543604493,110.0782396927697,111.41612243652344,0.27316123047693974,1.7277442321468262
F. sonorensis,2,0,47,100,-0.8631317894595889,100.27891468816352,101.5966339111328,0.2964260908717337,1.7491849250009546
F. sonorensis,2,0,48,100,-1.1060153468607694,91.4922122136091,91.39888763427734,0.3319553864654212,1.7870057901875551
F. sonorensis,2,0,49,100,-1.374294248579865,83.06117535814293,81.58955383300781,0.37154954999931944,1.8218755637368305
F. sonorensis,2,0,50,100,-1.7478115865503177,74.97631845348585,71.80986785888672,0.41378620511297215,1.8550594618890464
F. sonorensis,2,0,51,100,-1.895149192840163,65.42221886135113,61.662559509277344,0.45165221180415055,1.8858208327516912
F. sonorensis,2,0,52,100,-2.220474184943696,56.762340580984365,51.63802337646485,0.48400968552208373,1.9088258716776327
F. sonorensis,2,0,53,100,3.407090736402915,366.3823457479386,396.9272155761718,0.489258641872577,1.911428372308408
F. sonorensis,1,2,1,1500,21.81754779907929,243.78171340035504,399.7130432128906,0.29177395583334786,1.8370316711993655
F. sonorensis,1,2,2,1500,16.071634752652738,184.72097261936133,299.9267578125,0.2932020222123999,1.8455400094714425
F. sonorensis,1,2,3,1500,10.675486906657078,129.95395695224164,199.90402221679688,0.33555782919090676,1.9047970047660927
F. sonorensis,1,2,4,1500,3.7711497225208315,68.2054397673829,90.00518035888672,0.4514411626300656,2.0292264984669455
F. sonorensis,1,2,5,1500,3.508556312461656,63.26013713897378,79.94126892089844,0.6128402429373889,2.1702110423297127
F. sonorensis,1,2,6,1500,2.6463587388390373,57.69491137035748,70.066925048828125,0.6909383147183984,2.2319741132193305
F. sonorensis,1,2,7,1500,1.7558102687889494,50.922896459716696,60.11852264404297,0.6782458067922225,2.2279695689583896
F. sonorensis,1,2,8,1500,0.8451846884576484,44.11166079835057,50.111839294433594,0.6388403861280768,2.205015258316824
F. sonorensis,1,2,9,1500,19.875421070506395,300.55705024247203,399.9747619628906,0.4922060961241843,2.0896849807286344
F. sonorensis,1,2,10,1500,17.017446227540685,273.68931294071155,399.6720886230469,0.2897975282556551,1.8842195366473753
F. sonorensis,1,2,11,1500,14.871334105195544,246.23712700190416,399.82611083984375,0.19204581878221028,1.7619284427277306
F. sonorensis,1,2,12,1500,18.350463714533102,283.7608055640792,500.1639099121094,0.16225644122918195,1.7208139113701473
F. sonorensis,1,2,13,1500,22.03191935662393,330.8760419622205,599.92608642578125,0.15489255735438331,1.7125310624632983
F. sonorensis,1,2,14,1500,28.051695167152356,435.5105781267855,799.959228515625,0.1437949113138334,1.698746082280064
F. sonorensis,1,2,15,1500,35.24030742353005,630.8024420037852,1150.16796875,0.12476720573859627,1.6721105513497605
F. sonorensis,1,2,16,1500,39.716889811634275,844.2767759313266,1500.115234375,0.1102785922246462,1.6529314910919783
F. sonorensis,1,2,17,1500,11.950777493053296,216.2787551074741,399.8575439453125,0.12161677042430148,1.6751095649982743
F. sonorensis,1,2,18,400,10.07643937224624,216.49752235573447,385.4764404296875,0.11139616214564256,1.6654835721389971
F. sonorensis,1,2,19,400,1.5533044533634541,77.52253682020226,102.85874176025392,0.1493512778304969,1.7231505104806275
F. sonorensis,1,2,20,400,1.942309679849055,72.95861181866401,93.316192626953125,0.24399277351498397,1.8513859487827864
F. sonorensis,1,2,21,400,1.7652303111368766,69.84377561078782,84.72557830810547,0.3426125099395381,1.9674060418408916
F. sonorensis,1,2,22,400,1.4703931947104567,64.59682621304663,76.20066833496094,0.4085630254798188,2.038499673051119
F. sonorensis,1,2,23,400,1.0900564548673275,58.077006948943634,66.98473358154297,0.4501563433421364,2.0770203815345885
F. sonorensis,1,2,24,400,0.5207098642097625,51.76063426309992,57.61149597167969,0.4760044038788713,2.101280709549363
F. sonorensis,1,2,25,400,0.06564929666648744,44.869142528781445,48.364070892333984,0.5007562914364684,2.12410139429057
F. sonorensis,1,2,26,400,14.204146835024291,299.91245718792305,378.0329284667969,0.45820736102755744,2.094748952881142
F. sonorensis,1,2,27,250,8.939016608903597,269.92102172635924,376.4602966308594,0.17294993345265502,1.7749544301339777
F. sonorensis,1,2,28,250,1.1470996632612123,82.87790254795222,102.21037292480467,0.164486114385818,1.7642879424237907
F. sonorensis,1,2,29,250,1.2566708469276948,75.63101443506021,93.75532531738281,0.19115063610564428,1.803084526647348
F. sonorensis,1,2,30,250,0.9241339680955463,72.09674220723629,84.96380615234375,0.2348608117265596,1.8605630031060427
F. sonorensis,1,2,31,250,0.7852647414026568,66.0718141170307,76.266265869140625,0.2844407014610367,1.920861422219008
F. sonorensis,1,2,32,250,0.4131598523858362,60.308048633414735,67.10408782958984,0.33658429598828826,1.9783971993574232
F. sonorensis,1,2,33,250,-0.00439096532946176,54.005733970096,57.89833450317382,0.38648859478273584,2.02947911634529
F. sonorensis,1,2,34,250,-0.3324693301129005,46.80254907647682,48.6934814453125,0.43200490627576554,2.0731885858322494
F. sonorensis,1,2,35,250,10.74990400390028,311.9385867148275,377.0760498046875,0.4312559769964588,2.0711818101240205
F. sonorensis,1,2,36,150,6.2552660583884485,303.7782750597621,376.0137939453125,0.19795494114537016,1.8095717065397183
F. sonorensis,1,2,37,150,0.7288491129066916,87.90424497832831,101.76317596435548,0.18460073211677883,1.7910346637875485
F. sonorensis,1,2,38,150,0.6137341056224647,82.08496872951446,93.69581604003906,0.2080660465356543,1.822875603290799
F. sonorensis,1,2,39,150,0.4105922276811915,76.29962012563867,84.93665313720702,0.2501680634281665,1.8756702042638207
F. sonorensis,1,2,40,150,0.08509690829892491,70.54139768847105,76.07719421386719,0.29832529741710906,1.932860894794576
F. sonorensis,1,2,41,150,-0.1372817122165597,63.59683020306387,67.26592254638672,0.34765174795017995,1.9863433696383872
F. sonorensis,1,2,42,150,-0.49597773783727306,56.58739527675545,58.02195739746094,0.39513011606654086,2.0344984610140964
F. sonorensis,1,2,43,150,-0.8358456462418229,49.19959304211149,48.7894401550293,0.43665443213564314,2.0734024799893667
F. sonorensis,1,2,44,150,7.063779518709543,329.18810642439337,377.2794494628906,0.4316707437432782,2.0685655951422812
F. sonorensis,1,2,45,100,4.209307145008296,324.70381808159397,376.3338317871094,0.21268893442404263,1.8272097127492304
F. sonorensis,1,2,46,100,0.08139724043801588,94.63225364189805,102.17153167724608,0.1966254659722804,1.8058027375194796
F. sonorensis,1,2,47,100,-0.2229334333886507,89.31239775407153,93.77410888671876,0.21689601875032744,1.831804023974255
F. sonorensis,1,2,48,100,-0.024785685439591754,79.62452622339113,85.05708312988281,0.2535072082409964,1.8743903217788904
F. sonorensis,1,2,49,100,-0.3410871232449404,73.42136783342276,76.26074981689453,0.29668067106105805,1.9205802719060303
F. sonorensis,1,2,50,100,-0.7403497496075687,67.02438053290875,67.34130859375,0.3399327105149722,1.971594450630597
F. sonorensis,1,2,51,100,-0.6921224168155976,57.80842106468894,58.2491569519043,0.3810676081372752,2.018701190086984
F. sonorensis,1,2,52,100,-1.1203773041327543,50.65052000872721,48.83135986328125,0.41717965173057786,2.0545666236967373
F. sonorensis,1,2,53,100,4.897678310024702,337.5662241879444,377.15484619140625,0.40618959032765595,2.04879840192158
F. sonorensis,2,2,1,1500,36.302756479095244,244.2962732912964,399.9031677246094,0.5102140591023204,1.9781608478153063
F. sonorensis,2,2,2,1500,27.57786148546182,182.6196889184261,299.9542541503906,0.5177949207666538,1.9852880801903956
F. sonorensis,2,2,3,1500,18.17315054209088,127.6967619766413,199.9079742431641,0.5764426033546539,2.0138477689922145
F. sonorensis,2,2,4,1500,6.299135226559716,65.06261376107064,89.89244842529298,0.6519510158050232,2.0584881595667683
F. sonorensis,2,2,5,1500,5.52841305463198,59.7050949952829,80.0621566772461,0.7368122751732835,2.105743525247788
F. sonorensis,2,2,6,1500,4.565822988499932,53.84362043931413,70.10020446777344,0.809837210722858,2.1465965573873835
F. sonorensis,2,2,7,1500,3.350359650829895,47.971587445239955,60.11490631103515,0.865501619341662,2.174466616675345
F. sonorensis,2,2,8,1500,2.160757926475147,41.492126690507774,50.01315689086914,0.9035063675547945,2.1926796546027765
F. sonorensis,2,2,9,1500,38.38897095073095,289.5942345136664,400.0838317871094,0.915546231126043,2.1963839236446363
F. sonorensis,2,2,10,1500,38.70052526039875,281.15560581531145,399.8959045410156,0.824629963422713,2.1525902557186782
F. sonorensis,2,2,11,1500,38.27784425168974,274.22141449326676,399.8963012695313,0.7448471260890317,2.1148810503017157
F. sonorensis,2,2,12,1500,45.00223538289397,341.0836129495959,499.74859619140625,0.6744179050372157,2.074635836650792
F. sonorensis,2,2,13,1500,48.18377049691329,412.33557860960985,600.110107421875,0.5938750371928508,2.0281369853939686
F. sonorensis,2,2,14,1500,53.77836529201573,555.7718609645722,800.068115234375,0.4912921762101053,1.95925067797472
F. sonorensis,2,2,15,1500,59.26997181064518,829.0837900846909,1149.97607421875,0.403120258742408,1.893247819407843
F. sonorensis,2,2,16,1500,62.33344933351772,1117.230795540574,1499.9495849609375,0.35357878951459704,1.8544541297598336
F. sonorensis,2,2,17,1500,28.622528745432582,225.47803718295876,399.9813232421875,0.3342421394072532,1.8633977252200713
F. sonorensis,2,2,18,400,17.469929413253887,281.00917725885716,397.3635864257813,0.3174555408408765,1.7961292937143587
F. sonorensis,2,2,19,400,3.3528110663750623,86.16616508683256,110.81974792480467,0.34041241909612235,1.8097951190244348
F. sonorensis,2,2,20,400,3.255842382591633,80.11402212324715,101.03173828125,0.4138044595144604,1.8823978483322423
F. sonorensis,2,2,21,400,2.721716423401522,74.22083047635581,90.91390228271484,0.47382534061461656,1.9416839809342492
F. sonorensis,2,2,22,400,2.312621813708668,68.04340105242375,80.84993743896484,0.57726595340678,1.9849830418939964
F. sonorensis,2,2,23,400,1.46447890254601,61.9187276095616,70.8664321899414,0.648056756211606,2.0360800807920167
F. sonorensis,2,2,24,400,0.6999457342268223,54.90019101711707,60.776508331298835,0.7059077345666229,2.0643379237338086
F. sonorensis,2,2,25,400,-0.061533621900592916,47.81246545287802,51.08464813232422,0.7302063650948536,2.092991296766719
F. sonorensis,2,2,26,400,20.17207763146126,324.2276540172658,396.39251708984375,0.771336027131676,2.1017261078631564
F. sonorensis,2,2,27,250,12.80242271360342,329.54263768158273,396.568359375,0.49304712820556007,1.929581256101548
F. sonorensis,2,2,28,250,2.5203228570491047,93.48418124790277,110.35665130615234,0.45605737795076434,1.9054118711493648
F. sonorensis,2,2,29,250,2.37559864792088,85.10487731464228,100.67818450927734,0.4729129245575261,1.9187004935321168
F. sonorensis,2,2,30,250,1.9552149656877036,77.5703575622603,90.85008239746094,0.48919903354468935,1.9363677130113357
F. sonorensis,2,2,31,250,1.3951953410359537,70.7613107865443,80.71805572509767,0.5430968332342044,1.9532507580631648
F. sonorensis,2,2,32,250,0.6866438808670202,64.05584039155161,70.83142852783203,0.5907206758121266,1.9872056371309157
F. sonorensis,2,2,33,250,0.13505591504977676,56.60184182309306,61.00323867797851,0.631130182181947,2.0052608903497604
F. sonorensis,2,2,34,250,-0.6973985372922263,49.37644168932812,50.774864196777344,0.6651703262860286,2.036590955108695
F. sonorensis,2,2,35,250,14.094188352745734,337.4603649753906,396.3460998535156,0.6910220754936234,2.041526088831655
F. sonorensis,2,2,36,150,7.544322807555819,329.54245805399773,396.8720703125,0.26860835430365937,1.7345473899364152
F. sonorensis,2,2,37,150,0.769245024145008,97.37168954439248,110.63648223876952,0.24049175565334893,1.7074343956275553
F. sonorensis,2,2,38,150,0.5850894187388387,89.76254734453042,100.69454956054688,0.26656330124425015,1.7324217029113498
F. sonorensis,2,2,39,150,0.5702652026071644,80.92371023825,90.54651641845702,0.30914037465131333,1.76811021346302
F. sonorensis,2,2,40,150,0.17239226730795693,74.5424044029666,80.98497772216797,0.3702301330782064,1.8191786309733
F. sonorensis,2,2,41,150,-0.23227128816183348,67.17318680195281,71.0591049194336,0.44177842842034526,1.8729986509848675
F. sonorensis,2,2,42,150,-0.6934760393455968,59.1907083559068,60.81499481201172,0.5110893127178513,1.922668021223653
F. sonorensis,2,2,43,150,-1.3463630421572848,51.74633527327385,50.7735481262207,0.5702742142083256,1.9612900144729355
F. sonorensis,2,2,44,150,8.750666920091593,349.4593256400525,396.2542419433594,0.5774804433855066,1.963022720607114
F. sonorensis,2,2,45,100,4.7759869380920605,345.57070609956844,396.93063354492193,0.24837845288036745,1.7074074765483092
F. sonorensis,2,2,46,100,0.019530254595027552,102.77924193890048,110.6969757080078,0.23368086013880307,1.6921514274425573
F. sonorensis,2,2,47,100,0.029805040161042406,93.74870665429395,101.06870269775392,0.2600590477605791,1.7159289136058653
F. sonorensis,2,2,48,100,-0.1708659833262754,85.57525706434485,90.92762756347656,0.30759449100383945,1.7601883910101606
F. sonorensis,2,2,49,100,-0.4128015109367579,77.48635924445891,81.16443634033203,0.35977523777161524,1.8186937572376336
F. sonorensis,2,2,50,100,-0.15575320492168782,67.09305238582296,71.20881652832031,0.4508765725497671,1.863366304764524
F. sonorensis,2,2,51,100,-2.0390044624392343,64.72080822250044,61.050003051757805,0.484170060397856,1.9148920684191395
F. sonorensis,2,2,52,100,-3.9485654247901634,61.938097287871976,50.997013092041016,0.5144801035518114,1.951186976999568
F. sonorensis,2,2,53,100,3.5575419653630553,364.87415600213734,396.3175659179687,0.5103805376191579,1.9539499813748988
F. sonorensis,1,4,1,1500,30.041370711293684,275.8539061743656,399.99505615234375,0.5655556919433776,2.2427682381569465
F. sonorensis,1,4,2,1500,23.455759321097876,204.6603522109316,299.8415832519531,0.5790301362216401,2.25808838999772
F. sonorensis,1,4,3,1500,15.668180558969636,139.25736842987834,199.90733337402344,0.6275443252835498,2.2959230846337597
F. sonorensis,1,4,4,1500,5.622263162329806,68.49543695038201,90.05724334716797,0.7078636327967534,2.347917088274553
F. sonorensis,1,4,5,1500,4.780602463316606,62.63591895240492,79.94956970214844,0.7989649660292546,2.4055550418561324
F. sonorensis,1,4,6,1500,3.9489587119853575,55.99436872985235,70.08472442626953,0.8539506310126175,2.4431226558720227
F. sonorensis,1,4,7,1500,3.0283993551543187,48.930517026562384,60.050926208496094,0.8749712140455991,2.458027992050833
F. sonorensis,1,4,8,1500,1.8188073555975042,42.32003354404651,49.918968200683594,0.8733628780899577,2.465133147333283
F. sonorensis,1,4,9,1500,29.072124790538115,303.72542289787776,399.86383056640625,0.7988579442315124,2.439798858560025
F. sonorensis,1,4,10,1500,27.879027458802977,292.4588645946835,400.00003051757807,0.6332810905102606,2.3628849518360804
F. sonorensis,1,4,11,1500,26.49298188939437,283.97788687354847,399.9979248046875,0.528696699481243,2.2988477391337803
F. sonorensis,1,4,12,1500,30.81771497023447,349.02028810948826,499.9664001464844,0.4541834391210816,2.2518491538726377
F. sonorensis,1,4,13,1500,33.972269742474985,411.0290145302391,600.14642333984375,0.3846319314517848,2.204775474394628
F. sonorensis,1,4,14,1500,39.15593624870074,546.2385450690083,799.8470458984375,0.3195950460098237,2.1562184479052813
F. sonorensis,1,4,15,1500,44.11583037432132,807.7501994425157,1150.0355224609375,0.2598330417179184,2.105202146423835
F. sonorensis,1,4,16,1500,45.953014147999625,1093.4457032025375,1500.0570068359375,0.2260572907380597,2.0794318195749075
F. sonorensis,1,4,17,1500,20.294040690802934,230.84333004398857,400.0735473632813,0.23321211913747544,2.094264722691849
F. sonorensis,1,4,18,400,13.336381410592073,286.7315806809145,385.76129150390625,0.2862736141703877,2.158548877502501
F. sonorensis,1,4,19,400,2.089232840896575,85.45162208991468,102.6091079711914,0.33402339672955533,2.199746276168531
F. sonorensis,1,4,20,400,2.236699365487638,79.41710360422897,94.31295013427734,0.4340262157154808,2.2842182836372085
F. sonorensis,1,4,21,400,1.7105530984225328,74.72712852820918,85.549102783203125,0.5313624815481849,2.349728922456794
F. sonorensis,1,4,22,400,1.342445140930944,67.98775011291612,76.57184600830078,0.5987999036612256,2.4030504179861745
F. sonorensis,1,4,23,400,0.5198218463786598,62.37533847253724,67.58683013916016,0.6534366259067632,2.4347516901050694
F. sonorensis,1,4,24,400,-0.02758542815754511,55.00509909094711,58.09466171264648,0.6890819414667967,2.4613591507963575
F. sonorensis,1,4,25,400,-0.7709611769223843,48.17953968079036,48.67119216918945,0.7121420445239601,2.477817101123219
F. sonorensis,1,4,26,400,15.340768081009104,317.4742432686189,380.2150268554687,0.6623492139272515,2.4594406383039313
F. sonorensis,1,4,27,250,9.55884493935602,304.09331168070025,379.0477600097656,0.28453504337003266,2.201841856844025
F. sonorensis,1,4,28,250,1.1062073267555248,90.33454252166956,103.634033203125,0.2702030972303899,2.1886603068525146
F. sonorensis,1,4,29,250,1.0650605859426818,83.5351338266538,95.09221649169922,0.31584362392189763,2.228945325477631
F. sonorensis,1,4,30,250,0.6198203993998462,78.26837864702969,86.17435455322266,0.3784859533658439,2.285261511120567
F. sonorensis,1,4,31,250,0.1989423417283317,72.05356022150701,77.20026397705078,0.4415528816056925,2.3303067514849536
F. sonorensis,1,4,32,250,-0.21864718049286316,64.87711720648365,67.819488525390625,0.4953380061163381,2.3690511285411775
F. sonorensis,1,4,33,250,-0.7309343204167942,57.71491413489908,58.389495849609375,0.5426209501758443,2.401231713989939
F. sonorensis,1,4,34,250,-1.3732066642988379,50.77960845310158,48.94680404663086,0.5817937135034051,2.4276880016092037
F. sonorensis,1,4,35,250,10.903753129171882,325.0405800514392,379.4183349609375,0.5407268022789566,2.416440897654742
F. sonorensis,1,4,36,150,5.895503049718166,306.241473080517,378.3025512695313,0.17635011222311947,2.133118775895797
F. sonorensis,1,4,37,150,0.3428211928812311,92.44985917481753,102.576416015625,0.18428623170798927,2.143209335054853
F. sonorensis,1,4,38,150,0.09805730041886124,87.69098855298051,94.20562744140624,0.24911716813164148,2.2016754812542056
F. sonorensis,1,4,39,150,-0.20034605370760006,81.30769109416116,85.130218505859375,0.33204531660751746,2.271430135943447
F. sonorensis,1,4,40,150,-0.5852332277761935,74.94224033482028,76.50740051269531,0.3991217716089811,2.3233016702999594
F. sonorensis,1,4,41,150,-0.828227886485403,66.95221516294828,67.2261734008789,0.43776569036500146,2.3533326817255293
F. sonorensis,1,4,42,150,-1.2249561068059012,59.53023772574145,58.021697998046875,0.48040903038906335,2.3831078384443245
F. sonorensis,1,4,43,150,-1.6598186186102395,51.79006593458925,48.5776252746582,0.5285238434483386,2.4159623503504553
F. sonorensis,1,4,44,150,6.95937799733797,339.27372450059914,379.8357543945313,0.51341004604605,2.415819351943151
F. sonorensis,1,4,45,100,3.820460324862526,331.75996731568506,378.8765869140625,0.2032506503894917,2.175772989686695
F. sonorensis,1,4,46,100,-0.24903653211307225,98.32395868789823,102.79037475585938,0.2086962875157149,2.1810211801434636
F. sonorensis,1,4,47,100,-0.5016461533554268,92.39606404275588,94.69580078125,0.26709980459907673,2.2310015177022287
F. sonorensis,1,4,48,100,-0.5602241594008368,83.65766909339611,85.47047424316406,0.33704086405028244,2.2850391848615255
F. sonorensis,1,4,49,100,-0.8901821173312596,76.73433371155564,76.809722900390625,0.39294245776736486,2.328712231106911
F. sonorensis,1,4,50,100,-1.0460679330157352,68.41332250890065,67.68431091308594,0.42891859663485704,2.3570896632320655
F. sonorensis,1,4,51,100,-1.3088535630992766,60.15913902902185,58.231781005859375,0.4700922965572446,2.383216685098596
F. sonorensis,1,4,52,100,-1.8776348377382022,52.974390067855495,48.77035140991211,0.5104160138248676,2.4120659949292893
F. sonorensis,1,4,53,100,4.4259948068200075,348.57929968043914,379.9163513183594,0.4877357669375525,2.407114273474639
F. sonorensis,2,4,1,1500,31.562185754429475,222.86760371972676,399.8856201171875,0.36790857315052505,1.6374785299032228
F. sonorensis,2,4,2,1500,23.63252164500379,166.80999491726524,299.9712219238281,0.36801810406073954,1.6372335511574057
F. sonorensis,2,4,3,1500,14.885278582312381,114.65911556286558,199.9109039306641,0.368491595290659,1.6381015793844127
F. sonorensis,2,4,4,1500,4.367263990560505,61.675100801353395,89.90980529785156,0.36984663657375183,1.6410098274650518
F. sonorensis,2,4,5,1500,3.729618678723879,55.449092116058665,79.96478271484375,0.3724986691980105,1.6442862466691004
F. sonorensis,2,4,6,1500,2.8553944828116316,50.27327842709704,70.01282501220703,0.3736820273759921,1.6466467002028369
F. sonorensis,2,4,7,1500,1.9293589735024288,45.377292537796855,60.10174179077149,0.37531837471087925,1.6492294790793676
F. sonorensis,2,4,8,1500,0.9328933901835148,40.688415862450064,50.09288024902344,0.3768873370451458,1.6538897391884235
F. sonorensis,2,4,9,1500,30.676592167043584,232.11005592088688,399.9263610839844,0.38039436214306943,1.6529081465693307
F. sonorensis,2,4,10,1500,31.384188592472572,228.69838927494936,399.9571533203125,0.38032301102205024,1.6554223090556626
F. sonorensis,2,4,11,1500,31.350127388896247,228.95092155896415,399.9588623046875,0.38057940878442864,1.658031961096858
F. sonorensis,2,4,12,1500,37.04330883672051,297.97364361277425,499.9161682128906,0.38246213873200136,1.6603115774781907
F. sonorensis,2,4,13,1500,41.44360572418843,373.30477176159576,600.13690185546875,0.3835784213352903,1.6617823477719649
F. sonorensis,2,4,14,1500,46.89272969459312,539.1308884202979,800.170654296875,0.38426876899502543,1.6611309567066492
F. sonorensis,2,4,15,1500,50.165564556351754,858.9977589789504,1150.1226806640625,0.3849602154184832,1.660944608705322
F. sonorensis,2,4,16,1500,51.427673692000866,1187.7602722969186,1500.1392822265625,0.38428219509181927,1.660046899808105
F. sonorensis,2,4,17,1500,28.535777723139347,243.53554004366293,400.0575256347656,0.3837962869094393,1.6652547676336251
F. sonorensis,2,4,18,400,15.65889768039944,327.4354266641649,398.4442138671875,0.5339317198164402,1.608445666976273
F. sonorensis,2,4,19,400,2.933478827865484,95.67000621728491,111.94703674316406,0.5290296963033836,1.6220613625680562
F. sonorensis,2,4,20,400,2.3931403528768715,87.83591022359178,101.90537261962892,0.528279378114944,1.6316591462688377
F. sonorensis,2,4,21,400,1.826223067305357,79.84474074796101,91.54009246826172,0.5286729218374361,1.6386800478136283
F. sonorensis,2,4,22,400,1.1890730559382434,72.49315039303596,81.54463958740233,0.5283222986375586,1.6426184328496456
F. sonorensis,2,4,23,400,0.5580812027899947,65.11343998534807,71.5230484008789,0.5285946534915822,1.6465525736416458
F. sonorensis,2,4,24,400,-0.028019199029026776,57.42859368541442,61.35298538208008,0.5291403053458715,1.6491189781510038
F. sonorensis,2,4,25,400,-0.8233554197357886,50.65481460985757,51.322895050048835,0.5302939629206599,1.650284854581361
F. sonorensis,2,4,26,400,17.582498794546012,315.6851077483345,395.4106140136718,0.529303520987883,1.64636095694892
F. sonorensis,2,4,27,250,11.22757636161553,338.3881072853817,395.2673645019531,0.5097292386044503,1.6154086260949407
F. sonorensis,2,4,28,250,1.9647020519025848,97.05029113550147,110.30393981933594,0.49217454311631487,1.610044947356364
F. sonorensis,2,4,29,250,1.5506392576691785,89.28396933564017,100.70773315429688,0.48656178492731406,1.6082481612252597
F. sonorensis,2,4,30,250,1.069384189427832,81.3463233103326,90.56970977783203,0.4855090448490939,1.6079129881769625
F. sonorensis,2,4,31,250,0.5823496628809015,73.84152866548233,80.8094253540039,0.488878678829567,1.6121118340764953
F. sonorensis,2,4,32,250,0.050005118916735536,66.36344795560593,70.9140853881836,0.492661629897816,1.6181295693542634
F. sonorensis,2,4,33,250,-0.5302026643799675,58.885924331256334,60.85359954833984,0.4972955438525308,1.6246086667563504
F. sonorensis,2,4,34,250,-0.8370210232505306,50.47924022271895,50.95008087158203,0.4991503093959867,1.6282487639056489
F. sonorensis,2,4,35,250,12.342245655973745,332.98386097538554,394.7865295410156,0.5024012472439411,1.6300621701787168
F. sonorensis,2,4,36,150,7.306444763532048,349.6124480572488,394.8786926269531,0.44453733094813735,1.5982295023235202
F. sonorensis,2,4,37,150,0.5248113575653087,101.77394753571772,110.0819854736328,0.4058564286224885,1.585946772305084
F. sonorensis,2,4,38,150,0.4565551672508601,92.77074283755007,100.46689605712892,0.40731889289186296,1.58975956539045
F. sonorensis,2,4,39,150,0.16546306885001272,84.4001544860971,90.39817810058594,0.4154882555411986,1.5977951869804674
F. sonorensis,2,4,40,150,-0.27369179854807113,76.93613153320092,80.62409210205078,0.4254498936279092,1.6066735706930413
F. sonorensis,2,4,41,150,-0.6963092220315306,69.22496022875768,70.74906158447266,0.43516745072973834,1.6168595927758724
F. sonorensis,2,4,42,150,-0.9934697874204177,60.720926215479395,60.67372512817382,0.4441154858233024,1.6275084353538258
F. sonorensis,2,4,43,150,-1.5837013491044596,53.60924248975509,50.80942153930664,0.4531173369403289,1.638366704734799
F. sonorensis,2,4,44,150,8.433341340562944,345.0972766370646,394.5105895996094,0.4537176062486172,1.6438011724260868
F. sonorensis,2,4,45,100,4.706073977678567,354.4330625249594,394.6875915527344,0.33717881402472966,1.6009160432549834
F. sonorensis,2,4,46,100,-0.2519803794484174,104.7914692855088,109.99530029296876,0.29770050481447213,1.5918257295268996
F. sonorensis,2,4,47,100,-0.19478767954437706,95.30256658230137,100.41997528076172,0.3165855426807336,1.6118144101685756
F. sonorensis,2,4,48,100,-0.42382602226224453,86.86574447448936,90.29083251953124,0.34101799847046294,1.6325637380743865
F. sonorensis,2,4,49,100,-0.5094290054350916,77.9194150677547,80.552154541015625,0.36455011576177754,1.6538926851061695
F. sonorensis,2,4,50,100,-0.8196584888516825,69.84324803409737,70.6528091430664,0.38290307788109296,1.6717311688053886
F. sonorensis,2,4,51,100,-1.299191010342061,62.286057708013736,60.56669235229492,0.39668534579544895,1.6862724296482483
F. sonorensis,2,4,52,100,-1.5557910823283896,53.8812636593652,50.763038635253906,0.40757125327789434,1.6999869321039878
F. sonorensis,2,4,53,100,5.8334960267353955,353.6359858898882,394.3401184082031,0.407001681357974,1.7062622046750038
F. sonorensis,3,0,1,1500,16.482404529568395,229.88456609573527,399.9264221191406,0.184661688433006,1.8123332327162496
F. sonorensis,3,0,2,1500,12.162441677964686,177.45664946039346,299.7445983886719,0.19307622810969324,1.8285591938585275
F. sonorensis,3,0,3,1500,7.383204026652177,132.20455923785292,200.09083557128903,0.22361374383773872,1.8625946266986433
F. sonorensis,3,0,4,1500,1.7332037410383285,72.70932355087612,90.1311798095703,0.27280632614919537,1.9121833244400623
F. sonorensis,3,0,5,1500,1.6241036540064968,65.59819396252242,80.141387939453125,0.32346930835399607,1.9618362801020848
F. sonorensis,3,0,6,1500,1.1213508065789028,59.45752794288732,70.09820556640625,0.3582715268829401,1.9967269739834592
F. sonorensis,3,0,7,1500,0.41608102041402545,53.42691887229064,59.83010482788086,0.38115403244486423,2.018513437446265
F. sonorensis,3,0,8,1500,-0.08404710724167247,46.358509741265465,49.88273239135742,0.40031255226504353,2.0361211496227187
F. sonorensis,3,0,9,1500,20.07163253838776,283.3497224974419,400.1383056640625,0.37288836817555704,2.022099479737837
F. sonorensis,3,0,10,1500,20.050663070451606,265.1594648679168,399.9588928222656,0.30731152212204166,1.9678145710304815
F. sonorensis,3,0,11,1500,19.39065888955711,254.05682013295973,399.8199157714844,0.2672767103664592,1.9325841444575056
F. sonorensis,3,0,12,1500,23.270536808963634,305.21354222604486,500.0460815429687,0.23342722028190244,1.9037717103143224
F. sonorensis,3,0,13,1500,25.772584974537683,346.4212961921686,600.08587646484375,0.19258452875716273,1.866995008047932
F. sonorensis,3,0,14,1500,30.241725323294112,438.3552277784645,799.959716796875,0.15372698516478803,1.8278835926189496
F. sonorensis,3,0,15,1500,35.269357078812135,634.0089215435956,1149.9954833984375,0.12274461235030612,1.7939221757180348
F. sonorensis,3,0,16,1500,39.99610872250341,804.3267375698101,1500.044189453125,0.10114922350601696,1.77049606384011
F. sonorensis,3,0,17,1500,10.482077235525448,212.3201438428601,400.0115661621094,0.10147114034069848,1.7750393830772515
F. sonorensis,3,0,18,400,8.443763630845286,248.30843240575928,384.2003479003906,0.11763656888302047,1.7941744957142507
F. sonorensis,3,0,19,400,-0.20287700752736676,96.61965247165695,102.56119537353516,0.14332923246092583,1.8218746740231293
F. sonorensis,3,0,20,400,-0.025232017153682673,86.85113177249866,93.68390655517578,0.19620315019803963,1.8829317919834283
F. sonorensis,3,0,21,400,-0.19098314587176204,79.55299916444709,84.34284210205078,0.2413497640079544,1.930388793446182
F. sonorensis,3,0,22,400,-0.6126448812209137,74.01997169048447,75.54118347167967,0.27688429920592483,1.95886709298403
F. sonorensis,3,0,23,400,-0.7240636037118,66.041123394071093,66.740692138671875,0.3085790421786441,1.9887959624800715
F. sonorensis,3,0,24,400,-1.0907983560563803,59.01373022189856,57.535011291503906,0.3361191030787692,2.0152386765074333
F. sonorensis,3,0,25,400,-1.582981930797796,52.3732158889244,48.222076416015625,0.3573808789053859,2.0369542795236484
F. sonorensis,3,0,26,400,11.021359293976252,300.8227961555849,376.1155700683594,0.336926482221038,2.015595389895374
F. sonorensis,3,0,27,250,7.209407637550955,297.0437473211441,374.8686828613282,0.20092193382751103,1.893804559652024
F. sonorensis,3,0,28,250,-0.07866028951513226,95.66029128979667,102.13956451416016,0.20042379975898256,1.888623494199157
F. sonorensis,3,0,29,250,-0.17317776062582144,88.45195856329006,93.678741455078125,0.2253022064036367,1.9122758975281031
F. sonorensis,3,0,30,250,-0.5173528781870468,82.34711111943102,84.72954559326172,0.25179398124540864,1.9386455735340715
F. sonorensis,3,0,31,250,-0.7802468839105445,75.9655459325335,76.45965576171875,0.2812065913596002,1.9641991281803348
F. sonorensis,3,0,32,250,-1.3075946227397264,69.85428284084631,67.196136474609375,0.31111762792330344,1.9938265765464167
F. sonorensis,3,0,33,250,-1.6064763010341372,61.973993765637,57.62313461303711,0.3322977430972164,2.012139007550868
F. sonorensis,3,0,34,250,-1.9034709314266278,54.0795350070459,48.24510955810547,0.3569243585658721,2.0317064102750737
F. sonorensis,3,0,35,250,8.201887988144332,314.24665178221977,375.5091857910156,0.3279702939494558,2.010985403633444
F. sonorensis,3,0,36,150,4.085774193718431,318.16983827942727,373.90240478515625,0.17573448547804577,1.8628667857577963
F. sonorensis,3,0,37,150,-0.8886583468954271,102.43915578061998,101.46531677246094,0.1780109532265498,1.861893596425274
F. sonorensis,3,0,38,150,-1.0715948466359262,95.49050511559373,93.2155990600586,0.20144540154379403,1.8852737051084696
F. sonorensis,3,0,39,150,-1.1465304982449638,86.92368214615202,84.46283721923828,0.23128139615747725,1.911704393895852
F. sonorensis,3,0,40,150,-1.442271679281444,79.7430944691246,75.60945129394531,0.2619571785175311,1.9422466228944395
F. sonorensis,3,0,41,150,-1.6986167642959349,72.05907309894916,66.6319808959961,0.29052810901725784,1.9651619440496724
F. sonorensis,3,0,42,150,-1.9573487113406256,63.960633217181595,57.2433967590332,0.3146720461993519,1.9829994876577983
F. sonorensis,3,0,43,150,-2.283212867958755,56.12207469189547,47.9359016418457,0.34172350721299355,2.003554311257845
F. sonorensis,3,0,44,150,4.802660336187015,331.7857891633983,375.1412963867187,0.31318820796286423,1.9824217382040803
F. sonorensis,3,0,45,100,2.413685089087644,335.1338813346695,373.87933349609375,0.1820169500376624,1.851582483145001
F. sonorensis,3,0,46,100,-1.3765477261555064,106.64260886678905,101.28596496582033,0.1823544463928475,1.8512790253775893
F. sonorensis,3,0,47,100,-1.4804558683671656,99.00615694710164,93.48856353759767,0.20601409572059656,1.872859651874751
F. sonorensis,3,0,48,100,-1.6145403577700455,90.61029183856066,84.83088684082033,0.23536426411613048,1.8991603371723904
F. sonorensis,3,0,49,100,-1.7760254134193454,82.21272691346581,75.98548126220702,0.2655393365188654,1.9264643618075643
F. sonorensis,3,0,50,100,-1.4951647675873223,71.27739829561162,67.24781799316406,0.2930239624542225,1.950325448415766
F. sonorensis,3,0,51,100,-2.0761643428652365,64.8584588436052,57.61075210571289,0.3189842405777438,1.9674222743201537
F. sonorensis,3,0,52,100,-2.518276655433699,57.365672327470136,48.03120803833008,0.34558623757618984,1.98453570048578
F. sonorensis,3,0,53,100,3.464523987082213,340.9832955323185,375.96185302734375,0.3238207175790287,1.96608584665542
F. sonorensis,4,0,1,1500,26.54261533064369,267.8824601715569,399.963134765625,0.4520089959516248,1.7219100184284617
F. sonorensis,4,0,2,1500,19.49367157351089,203.61233155762488,300.0218505859375,0.4611841907653668,1.7337950999613967
F. sonorensis,4,0,3,1500,12.127421132553339,141.318322102173,200.03184509277344,0.4899356362403854,1.7598248026590153
F. sonorensis,4,0,4,1500,3.2541021685271145,72.49483340332232,90.0509262084961,0.5350891044881981,1.798796171310445
F. sonorensis,4,0,5,1500,2.592626574807554,65.96820818881234,79.983245849609375,0.5779930262314052,1.8359193317827884
F. sonorensis,4,0,6,1500,2.0047929504913586,58.983788359817495,70.14936828613281,0.611759594959839,1.861611192535376
F. sonorensis,4,0,7,1500,1.2301400686148707,51.98642568723355,59.94286346435547,0.6362559249303641,1.878610915751313
F. sonorensis,4,0,8,1500,0.46853636287131173,45.07384282111613,50.068397521972656,0.6519706567468568,1.889331941305194
F. sonorensis,4,0,9,1500,27.564131598186503,291.76080074094114,400.0447692871094,0.6380138105485442,1.8863771763336263
F. sonorensis,4,0,10,1500,27.278502445242246,279.7481319462187,399.88238525390625,0.5391706476625027,1.8217795099507783
F. sonorensis,4,0,11,1500,26.553541268883695,270.65158776781584,399.99026489257807,0.4662591822915744,1.7463393395690363
F. sonorensis,4,0,12,1500,31.58248942755315,335.9523321738798,499.93402099609375,0.4281191965058424,1.7109630626856234
F. sonorensis,4,0,13,1500,35.06231527664522,400.65473813931686,600.04998779296875,0.3814049951582627,1.6648373984948848
F. sonorensis,4,0,14,1500,39.70465507772983,538.7531245292503,799.9246826171875,0.3213237384826045,1.608289594911912
F. sonorensis,4,0,15,1500,44.420746335302674,791.1196656198786,1149.86328125,0.25484397330371783,1.5388779127188026
F. sonorensis,4,0,16,1500,46.63520740685475,1041.1225448650057,1500.1514892578125,0.20432143964479332,1.483788372823583
F. sonorensis,4,0,17,1500,18.11497885226954,228.8577393834444,400.0348205566406,0.20638740075632472,1.4749110432829329
F. sonorensis,4,0,18,400,12.087340575805449,293.4648640359208,395.8087158203125,0.2567620215004044,1.541729463636424
F. sonorensis,4,0,19,400,1.5262179365043707,92.71721526192138,109.04184722900392,0.2976880902773588,1.5844026654596093
F. sonorensis,4,0,20,400,1.3213212126116103,86.5915643603824,99.38054656982422,0.3775837868014605,1.6672300223936036
F. sonorensis,4,0,21,400,0.9550554391812511,79.49439291719267,89.18892669677734,0.4452110418265677,1.7307998977595995
F. sonorensis,4,0,22,400,0.4285833920020299,72.63232074352771,79.37569427490233,0.4938848176067968,1.7773620799973142
F. sonorensis,4,0,23,400,-0.10409519941566148,65.25999077250444,69.38273620605469,0.5309996301646523,1.8042385239746943
F. sonorensis,4,0,24,400,-0.6969772528467336,57.720878013563,59.23237609863281,0.5608597858925645,1.824878132468526
F. sonorensis,4,0,25,400,-1.2392410879639497,49.99656415827691,49.23932647705078,0.5836393856082903,1.8431046412322611
F. sonorensis,4,0,26,400,14.318402265030082,326.6114666516088,395.1629638671875,0.5753237289042331,1.835338040270668
F. sonorensis,4,0,27,250,9.37108749843211,324.013414741872,395.2937622070313,0.3262324877266654,1.608670697639056
F. sonorensis,4,0,28,250,0.8604716846045015,96.79970004318503,108.79161834716795,0.3151978810438035,1.5948837142422416
F. sonorensis,4,0,29,250,0.45070209494852553,90.41275512414518,99.2307357788086,0.3506891231064265,1.632804969854158
F. sonorensis,4,0,30,250,0.40288779609623443,81.27804358426079,88.98857879638672,0.38684953809385614,1.6590960823402563
F. sonorensis,4,0,31,250,-0.18786978540067664,74.8084815152855,79.2522964477539,0.4185762054666808,1.7005135284760764
F. sonorensis,4,0,32,250,-0.6609731257297433,67.3448618868643,69.277862548828125,0.4485465459500258,1.728591910588264
F. sonorensis,4,0,33,250,-1.2409120835582397,59.98946596107205,59.151248931884766,0.47536264187074995,1.7487800339088135
F. sonorensis,4,0,34,250,-1.6616607798349068,51.95935960785379,49.1682243347168,0.4996085528182323,1.7651533347593067
F. sonorensis,4,0,35,250,10.322656318118238,335.5900288528058,395.0632019042969,0.4905450582489417,1.7570912793180615
F. sonorensis,4,0,36,150,5.796233824007846,328.0442713474569,395.19384765625,0.20937607561900867,1.4617789274788082
F. sonorensis,4,0,37,150,0.2043827110004442,99.19811121708314,108.77281188964844,0.2115463390267265,1.4583959165147973
F. sonorensis,4,0,38,150,0.0454974121914517,91.81731088281992,99.18379211425781,0.2552821297372087,1.5057422972195127
F. sonorensis,4,0,39,150,-0.401684964291617,85.1636789923582,89.055816650390625,0.31499422818002865,1.5702263200343731
F. sonorensis,4,0,40,150,-0.9581354104065685,78.6942989253703,79.29634857177734,0.35883459129608974,1.6112686823575642
F. sonorensis,4,0,41,150,-1.1652772663893611,69.87903588281206,69.327972412109375,0.39596304494220913,1.6473459551286942
F. sonorensis,4,0,42,150,-1.4596862029748054,61.286984770629395,59.227291107177734,0.43596410101610383,1.6711499567724968
F. sonorensis,4,0,43,150,-1.918057781622431,53.361105009117765,49.20905303955078,0.46256663496822775,1.7009190901051334
F. sonorensis,4,0,44,150,6.344603471234362,349.3711213007746,395.0733947753906,0.4518769619592344,1.7000594118658046
F. sonorensis,4,0,45,100,3.6050270643888114,346.53619416554835,395.2186584472656,0.21252762344323584,1.434657520681634
F. sonorensis,4,0,46,100,-0.4275505718179298,104.37080258202408,108.807373046875,0.2196613938296197,1.4358682511207008
F. sonorensis,4,0,47,100,-0.6902981002317814,96.82947308717684,99.16789245605469,0.2562216382800158,1.4765022983185845
F. sonorensis,4,0,48,100,-0.9460725183280816,88.3109287660199,89.04791259765625,0.30753782970782,1.5291119178314403
F. sonorensis,4,0,49,100,-1.135277160181026,79.564440301804,79.2389373779297,0.35097478798821696,1.56896104487656
F. sonorensis,4,0,50,100,-1.4404106693617709,71.24057791709626,69.31575775146484,0.3872848287258387,1.5989267392301698
F. sonorensis,4,0,51,100,-1.7911587428016664,62.805406600189215,59.18635940551758,0.41941985012221966,1.6269329318863166
F. sonorensis,4,0,52,100,-2.144637533154165,54.454888841186694,49.19217300415039,0.44678075280917823,1.6474660688263827
F. sonorensis,3,2,18,400,11.845857904843122,260.00673899284607,396.2032775878906,0.17224860652953597,1.8171823047438955
F. sonorensis,3,2,19,400,1.137383264847752,91.58119911671493,109.91922760009766,0.19722275634023964,1.8527623541293432
F. sonorensis,3,2,20,400,1.4930181297472735,83.91026959578444,100.36708831787108,0.2826742296886011,1.9505134961223227
F. sonorensis,3,2,21,400,1.252208211180531,78.07426429845212,90.13587951660156,0.3841291176944069,2.063318974832073
F. sonorensis,3,2,22,400,0.8453924860978218,71.47909262324706,80.34880065917967,0.45230338460284336,2.132735064005596
F. sonorensis,3,2,23,400,0.4266769281292866,64.02339118716348,70.38321685791016,0.5000269093401273,2.1745317849106502
F. sonorensis,3,2,24,400,-0.1503347209387802,56.67781072718548,60.2458610534668,0.5403777291937298,2.208060995467007
F. sonorensis,3,2,25,400,-0.3587218294292377,47.98921307792181,50.339576721191406,0.5895297576329797,2.2345960712136876
F. sonorensis,3,2,26,400,14.854723073726822,321.53673083137494,395.6348876953125,0.5246666467434283,2.199132135604246
F. sonorensis,3,2,27,250,9.175802067555033,272.9479959007145,395.70068359375,0.14865114148887076,1.8009472689348331
F. sonorensis,3,2,28,250,0.5125311828857094,93.93465119417682,109.65973663330078,0.14128999335723963,1.793684626001661
F. sonorensis,3,2,29,250,0.624554615550547,85.14192012321826,100.05353546142578,0.16763403357604317,1.831282398917596
F. sonorensis,3,2,30,250,0.6161516843659733,78.16504502910297,89.98587799072266,0.22958924302728956,1.9139552003555
F. sonorensis,3,2,31,250,0.3064756407787031,72.60056756154991,80.224517822265625,0.31760447621274107,2.0185462458468684
F. sonorensis,3,2,32,250,0.10767772616128513,64.79185069676224,70.34102630615234,0.3923917508848668,2.096576203806981
F. sonorensis,3,2,33,250,-0.4294682503418838,57.61445397834762,60.14537811279297,0.454148117936701,2.161932140874677
F. sonorensis,3,2,34,250,-0.9365951862620483,50.05634693911868,50.164207458496094,0.5099743761684365,2.2105464542371336
F. sonorensis,3,2,35,250,11.411319606244492,335.6970995206826,395.6937255859375,0.5270921339889977,2.220677030446241
F. sonorensis,3,2,36,150,6.409273639324336,299.40527637893064,395.57223510742193,0.13778275505988546,1.831481029177128
F. sonorensis,3,2,37,150,0.0324011141781283,99.27599659047222,109.56224822998048,0.13014753469303808,1.8231908141039024
F. sonorensis,3,2,38,150,0.1448265192644484,89.71213709450761,99.95384979248047,0.15705411508096415,1.860225621250167
F. sonorensis,3,2,39,150,-0.09434827734997298,83.53796346854665,89.81949615478516,0.22449949148289505,1.9488330941885943
F. sonorensis,3,2,40,150,-0.295685870935664,76.02661265743004,80.09930419921875,0.3035974758012368,2.043621991564636
F. sonorensis,3,2,41,150,-0.6221196725589899,68.31795420915853,70.168609619140625,0.3603063904308438,2.1045012910766965
F. sonorensis,3,2,42,150,-0.9786972931445259,60.19444985886188,60.06415557861328,0.4066223037833202,2.1546333701871334
F. sonorensis,3,2,43,150,-1.2894769505894494,51.77806438986127,50.11217498779297,0.450972974202192,2.197695961302161
F. sonorensis,3,2,44,150,7.53470337207444,346.2928606680724,395.4930725097656,0.4424112260360842,2.1991041558978903
F. sonorensis,3,2,45,100,4.102162421664964,314.3561194222045,395.4855041503906,0.10668000547105153,1.8359198724287853
F. sonorensis,3,2,46,100,-0.3938602511977751,104.86545558494954,109.5767059326172,0.0973656779977297,1.825721702623676
F. sonorensis,3,2,47,100,-0.3687022812720153,95.10223458571063,99.9365234375,0.1124738307716605,1.849458656745264
F. sonorensis,3,2,48,100,-0.4828476254522457,86.80659921263911,89.82463073730469,0.14577946795827498,1.896083542615015
F. sonorensis,3,2,49,100,-0.5722433784106171,78.10263518992069,80.09249114990233,0.18988881200085933,1.9549674623853064
F. sonorensis,3,2,50,100,-0.8839325267499465,70.64094223458933,70.11237335205078,0.2318874619916943,2.0110010895367885
F. sonorensis,3,2,51,100,-1.2374208433357823,62.63769522300092,59.83320999145508,0.2740711472612897,2.0580377000358565
F. sonorensis,3,2,52,100,-1.3037312016396192,52.85230880010804,49.9699592590332,0.32131490823325776,2.1048631409430527
F. sonorensis,3,2,53,100,5.029238756836949,350.9688516883887,395.2887573242187,0.3283408050803773,2.115718154210248
F. sonorensis,3,2,1,1500,18.388652347491966,194.7301677560843,400.0316162109375,0.1682876729639452,1.949920555355377
F. sonorensis,3,2,2,1500,13.82391910022368,154.90247745496987,300.0472106933594,0.18306363021184807,1.9755332555403
F. sonorensis,3,2,3,1500,9.751541553319807,119.98740481315365,200.0524139404297,0.25142857456519463,2.0634280306993023
F. sonorensis,3,2,4,1500,3.530377314727284,65.3522836246071,90.29142761230469,0.35117757903596125,2.174990699477494
F. sonorensis,3,2,5,1500,3.1566694390034593,61.3113691795961,79.95209503173828,0.46211961606839297,2.276625160314288
F. sonorensis,3,2,6,1500,1.9980527668184278,57.433296553007835,69.64110565185547,0.528327436407604,2.3364846962542942
F. sonorensis,3,2,7,1500,1.0892182474135923,50.390414275131,58.26176071166992,0.5768289066383039,2.3771364084975795
F. sonorensis,3,2,8,1500,0.15082117366799375,45.4959692195084,49.518798828125,0.6164635596939781,2.4098594552628345
F. sonorensis,3,2,9,1500,27.759709707637988,276.34660203464483,399.3861999511718,0.5325278561076225,2.350803975266448
F. sonorensis,3,2,10,1500,24.24344401467599,231.19622740115048,399.9128112792969,0.2926123704160944,2.1426387543160965
F. sonorensis,3,2,11,1500,21.62771116205849,213.5234939363957,400.4213562011718,0.2253041204004324,2.066193346012733
F. sonorensis,3,2,12,1500,24.139288094442602,258.26613358250336,499.8308410644531,0.1891797039350132,2.024595381992927
F. sonorensis,3,2,13,1500,26.311904640464604,286.3884403810883,600.14385986328125,0.15424643267055518,1.9889932113757824
F. sonorensis,3,2,14,1500,31.41334885826961,354.6799234887961,800.2374267578125,0.12622201588656606,1.9564576611003868
F. sonorensis,3,2,15,1500,34.22685548187158,529.1398753145942,1150.654541015625,0.09607587476433908,1.9191240754691536
F. sonorensis,3,2,16,1500,36.241896142723434,708.8789995750534,1501.09130859375,0.07829553285229357,1.8978535159937744
F. sonorensis,3,2,17,1500,7.82243365787881,246.06184927897976,401.1394653320313,0.09365501718210185,1.9261274633578724
F. sonorensis,4,2,1,1500,25.462217262470794,253.14068197758692,400.0973510742187,0.39252366386822973,2.1144822295667107
F. sonorensis,4,2,2,1500,19.201155553990493,194.2013354888804,299.8813171386719,0.4231604691981074,2.1513934203644456
F. sonorensis,4,2,3,1500,12.421050081659658,136.09227421899385,199.98988342285156,0.4774726333211616,2.208421653752812
F. sonorensis,4,2,4,1500,3.7598125259988606,70.22366437159451,89.9281005859375,0.5573209781342107,2.279957582429255
F. sonorensis,4,2,5,1500,3.3339167831772127,63.50406134104362,79.93006896972656,0.6318487071750326,2.3492192000233043
F. sonorensis,4,2,6,1500,2.7893943933869028,57.36854422726359,70.10961151123047,0.7534500756965009,2.4170093405202495
F. sonorensis,4,2,7,1500,1.8351176255282098,50.852453848851376,59.86996078491211,0.8226845892976538,2.5128113551754505
F. sonorensis,4,2,8,1500,1.0336831674277747,43.960121274338185,50.022361755371094,0.8636669851085788,2.524443918813107
F. sonorensis,4,2,9,1500,28.671688173719122,299.2491514370196,399.9342956542969,0.8496978728407808,2.5099234035732225
F. sonorensis,4,2,10,1500,27.284821558486954,283.2791991056566,399.9917297363282,0.614911086680628,2.370153012244147
F. sonorensis,4,2,11,1500,26.292968457290492,273.5282879067317,399.87457275390625,0.512243145409195,2.2528555006814712
F. sonorensis,4,2,12,1500,30.945679283315,343.0670928851479,499.8639831542969,0.47442814984705534,2.204539975564534
F. sonorensis,4,2,13,1500,33.650804559549606,406.1080984547333,599.96466064453125,0.3987876173382983,2.133468629456591
F. sonorensis,4,2,14,1500,38.32128764943836,522.4591988611362,799.91937255859375,0.29768392711338326,2.0400325805829196
F. sonorensis,4,2,15,1500,42.624851078882976,774.8645215331323,1150.1461181640625,0.23422778324257407,1.9119875322703448
F. sonorensis,4,2,16,1500,45.756097942499075,1030.4943595540972,1499.9378662109375,0.1975748756511791,1.8706511904393264
F. sonorensis,4,2,17,1500,16.661662898476404,226.8187227553924,400.1278076171875,0.1901592115063087,1.8523906596807065
F. sonorensis,4,2,18,400,11.99621358284401,267.92541501350547,395.83837890625,0.1931214478073382,1.8575677662321104
F. sonorensis,4,2,19,400,1.9638465637672644,89.6237334453562,109.44115447998048,0.2800344472151689,1.9807017922714876
F. sonorensis,4,2,20,400,1.9630227150202557,84.37457291210796,99.77159118652344,0.4082732185276778,2.1449997004528267
F. sonorensis,4,2,21,400,1.6047100169997859,77.45390960496538,89.5538101196289,0.4791926470095048,2.2178806351933744
F. sonorensis,4,2,22,400,1.1299118131215076,70.74417904461839,79.73927307128906,0.5506045360326522,2.2849551147657623
F. sonorensis,4,2,23,400,0.6597160698762599,63.4125524517271,69.8020248413086,0.6261740029939037,2.3487484338287032
F. sonorensis,4,2,24,400,-0.04978711975150363,56.28234926477998,59.689998626708984,0.6757036864552821,2.399603107368486
F. sonorensis,4,2,25,400,-0.6165991148854197,48.582116027507595,49.692569732666016,0.7064738093364162,2.421190131748168
F. sonorensis,4,2,26,400,15.394845223812654,325.16273730901975,395.3001098632813,0.6505948669220033,2.3806919889072886
F. sonorensis,4,2,27,250,8.873064289313103,301.5058162063349,395.4967651367187,0.20754320919892583,1.8742450869765308
F. sonorensis,4,2,28,250,0.9986226415865342,93.06359399689323,109.33688354492188,0.2038298239487514,1.8833006619821244
F. sonorensis,4,2,29,250,1.0031970565449388,85.29539469854586,99.828857421875,0.2362538108179534,1.936608368027955
F. sonorensis,4,2,30,250,0.8253875552768393,78.08062284274556,89.66756439208984,0.277987346835859,1.9920595211419712
F. sonorensis,4,2,31,250,0.42710165923469023,72.21331098831378,79.9876708984375,0.33407164609103474,2.064435035423841
F. sonorensis,4,2,32,250,0.10147268799306236,64.9184529952642,70.09749603271484,0.38843681765767574,2.130075439408436
F. sonorensis,4,2,33,250,-0.37533398668701945,57.662702014813185,59.97862243652344,0.4479270166902614,2.194172570586088
F. sonorensis,4,2,34,250,-1.015687105229698,50.735986738001905,50.01482772827149,0.5083921274352677,2.2704681804401043
F. sonorensis,4,2,35,250,11.080647981371255,332.55872706257543,395.56640625,0.49972941409910815,2.2565801281684545
F. sonorensis,4,2,36,150,5.907071193018785,308.8286463306746,395.5315551757813,0.14760768923715012,1.8123913375192495
F. sonorensis,4,2,37,150,0.17305940892202504,99.17369139439778,109.5200424194336,0.1491375350982773,1.812502424298873
F. sonorensis,4,2,38,150,0.29064079658032943,90.08621354101315,100.01224517822266,0.19075740459004845,1.8813798312949948
F. sonorensis,4,2,39,150,0.08859050116141814,83.19262498178564,89.865753173828125,0.26495694104469847,1.9967813993910095
F. sonorensis,4,2,40,150,-0.050587376957693886,75.29265080423703,80.1183090209961,0.35382058932486177,2.1112041285696614
F. sonorensis,4,2,41,150,-0.43492552163028525,67.79154956129707,70.184478759765625,0.41855610187348075,2.198000962059217
F. sonorensis,4,2,42,150,-0.8793166005835701,60.139416752331336,60.175872802734375,0.4641230939404896,2.2521396128294584
F. sonorensis,4,2,43,150,-1.2383951647386293,51.9053595422439,50.18947982788086,0.5078445616745947,2.295404504002072
F. sonorensis,4,2,44,150,7.278699904207067,348.0030831075245,395.622802734375,0.4789260294651758,2.280307855759951
F. sonorensis,4,2,45,100,3.876671353855032,324.08429965533713,395.8580627441406,0.12110603517305116,1.8236594883162616
F. sonorensis,4,2,46,100,-0.2802670967254339,104.73939398682992,109.8808822631836,0.1235710017920634,1.8315190805058228
F. sonorensis,4,2,47,100,-0.22838168844885331,95.0365264459451,100.2705078125,0.15537393219142415,1.8868098676305236
F. sonorensis,4,2,48,100,-0.3585015297866025,86.73765621833859,90.18089294433594,0.21106054494611445,1.9740823898381787
F. sonorensis,4,2,49,100,-0.5637559398064939,78.75138355135692,80.518646240234375,0.2828078730772969,2.079740888826287
F. sonorensis,4,2,50,100,-0.8494062015776922,70.55856263632309,70.58492279052734,0.35482344926984744,2.1680509993809975
F. sonorensis,4,2,51,100,-1.082378218824437,61.75109578665932,60.45500946044922,0.40080270753984987,2.214917400225531
F. sonorensis,4,2,52,100,-1.4410761686083091,53.6090559303791,50.53934097290039,0.4406452074094762,2.2650219004720276
F. sonorensis,4,2,53,100,4.7989689068877075,355.95332166052793,395.91409301757807,0.39825293966625774,2.2276492094971765
F. sonorensis,3,4,1,1500,23.978406703835947,274.75804616479235,399.9356384277344,0.4175977430341858,2.1704686758238823
F. sonorensis,3,4,2,1500,18.10067584910903,210.19073045055924,299.9306335449219,0.4511070655401259,2.2001037715705754
F. sonorensis,3,4,3,1500,11.552967177502723,145.6750884755755,200.01025390625,0.49781659054268407,2.2391370256975645
F. sonorensis,3,4,4,1500,3.3219026531013918,73.51628827851641,90.02860260009767,0.5649998466909163,2.2864775334666776
F. sonorensis,3,4,5,1500,2.804248003071465,66.45552389595537,79.93123626708984,0.6239950540182344,2.3308050975613295
F. sonorensis,3,4,6,1500,2.0825551816597034,59.49382847461776,69.935943603515625,0.6535364705507666,2.3528963501488325
F. sonorensis,3,4,7,1500,1.426725277336804,52.09592954473014,60.02083969116211,0.6640233521644434,2.363299595640041
F. sonorensis,3,4,8,1500,0.5748265882759667,45.00072011930685,49.86275100708008,0.6663325544623205,2.3693135035488666
F. sonorensis,3,4,9,1500,25.073160451777632,299.64450436508747,400.0606994628906,0.6062639580643756,2.3416145840014213
F. sonorensis,3,4,10,1500,23.938138794106433,278.17889681482933,400.0628051757813,0.4330755362279158,2.2355983238049957
F. sonorensis,3,4,11,1500,23.381544625912394,273.5366070970881,399.9818115234375,0.3990625710734384,2.2043095095116003
F. sonorensis,3,4,12,1500,28.254258884894952,345.6965475263957,499.9481506347656,0.3939861637230339,2.201188548432546
F. sonorensis,3,4,13,1500,31.636207545068544,418.37229270573187,599.99151611328125,0.3709783536063413,2.1859955542924
F. sonorensis,3,4,14,1500,36.221256927660605,568.815333724261,800.0347900390625,0.32849934495957495,2.1551857535296586
F. sonorensis,3,4,15,1500,40.61817116714158,831.3856032347823,1149.8804931640625,0.2596179798589594,2.0987433449731614
F. sonorensis,3,4,16,1500,42.6470900104505,1117.830663754006,1500.076904296875,0.224203750992743,2.0598334560719085
F. sonorensis,3,4,17,1500,18.43666145016363,253.48690568243347,400.0882263183594,0.24944838073510825,2.0841966972060617
F. sonorensis,3,4,18,400,10.896006684925606,282.569597774978,396.100341796875,0.19180634523590603,2.0318249177252583
F. sonorensis,3,4,19,400,1.5448178270519117,92.73438850347905,108.95944213867188,0.276322972737137,2.1078556719277985
F. sonorensis,3,4,20,400,1.364778760500291,89.44985836400694,99.39683532714844,0.5381020578663995,2.3085347600863315
F. sonorensis,3,4,21,400,1.0714939266531673,80.46671961190269,89.04530334472656,0.5328151426925137,2.311439031918417
F. sonorensis,3,4,22,400,0.6435193359552516,72.3313586742107,79.1880874633789,0.5002502163998253,2.29255199095975
F. sonorensis,3,4,23,400,0.2144662148517799,64.48272337227941,69.23511505126953,0.5160363164992035,2.3003194769796247
F. sonorensis,3,4,24,400,-0.29220334107773593,56.70964439188271,59.11882781982422,0.5639456885423372,2.3266140358175327
F. sonorensis,3,4,25,400,-0.8886152509309025,49.115214642914765,49.153907775878906,0.5976898959002924,2.3578674463991773
F. sonorensis,3,4,26,400,13.437760386538475,332.1331413919294,395.4606018066406,0.5593569110466299,2.3377578436553303
F. sonorensis,3,4,27,250,8.991390494269778,321.48489218628754,395.6877136230469,0.27189765382064646,2.114696011305321
F. sonorensis,3,4,28,250,1.1708494120800443,95.03790652953822,108.77670288085938,0.2793247309531684,2.126162730368029
F. sonorensis,3,4,29,250,1.0646028867994661,87.54623631503891,99.14179229736328,0.32424260939357996,2.16168256507082
F. sonorensis,3,4,30,250,0.6331370975890089,80.7292945250066,89.01215362548828,0.36712194263630754,2.201390487505181
F. sonorensis,3,4,31,250,0.22851482919265698,73.57906658378508,79.20809173583984,0.4068259730936717,2.231895057627844
F. sonorensis,3,4,32,250,-0.6008953493708897,67.70608709572309,69.31583404541016,0.4599702933827424,2.289882685583085
F. sonorensis,3,4,33,250,-0.6082733113423622,57.957177816630214,59.136226654052734,0.5055813509128346,2.298306708969787
F. sonorensis,3,4,34,250,-1.2929137306912066,50.75493855797445,49.16951370239258,0.5465764301568374,2.3382141492357915
F. sonorensis,3,4,35,250,9.90460417055159,344.0639947577077,395.4566955566406,0.5397168828674695,2.3382545588251813
F. sonorensis,3,4,36,150,5.951567300826865,329.1563583958184,395.6850280761718,0.2012331006865948,2.07104940590194
F. sonorensis,3,4,37,150,0.515501040898455,97.84644280168752,108.77342987060548,0.21505152336400324,2.0840717710015015
F. sonorensis,3,4,38,150,0.39522097475789664,90.8622785920342,99.18254852294922,0.2831088535940991,2.145157792789716
F. sonorensis,3,4,39,150,0.06569515222863426,83.67942817607549,89.060333251953125,0.3626434760895292,2.213475356282608
F. sonorensis,3,4,40,150,-0.375155789944486,76.46775692566011,79.26099395751953,0.39468827519335886,2.2398202468598902
F. sonorensis,3,4,41,150,-0.6065534362193091,67.89609273286389,69.31096649169922,0.42300317110340463,2.2611318384774495
F. sonorensis,3,4,42,150,-1.0771247189606068,60.02279844164583,59.15818405151367,0.4673103124507349,2.282715740858839
F. sonorensis,3,4,43,150,-1.4510747240331212,51.782402703037114,49.2821159362793,0.4946714381862564,2.312005858990364
F. sonorensis,3,4,44,150,6.342535009888027,354.27766465596926,395.44195556640625,0.47324941919196184,2.3204156341949127
F. sonorensis,3,4,45,100,3.9826822108329347,345.04936240931517,395.6967468261718,0.19419337674817908,2.0762420088831712
F. sonorensis,3,4,46,100,-0.023471214790939388,102.15053480568864,108.79718017578124,0.20466501678542456,2.0853172122979013
F. sonorensis,3,4,47,100,-0.05814645637942423,93.61539951665067,99.190277099609375,0.2579548680248826,2.133559182456869
F. sonorensis,3,4,48,100,-0.3238457392510944,85.66863433971929,89.0434341430664,0.3239429116977305,2.19132836094762
F. sonorensis,3,4,49,100,-0.6845888944627405,78.09487478369309,79.28878021240233,0.3678645341973621,2.2266848228056917
F. sonorensis,3,4,50,100,-0.7838814144829176,68.81556585934656,69.3435287475586,0.4020337826779932,2.2547797872649533
F. sonorensis,3,4,51,100,-1.1188380832760632,60.373619761699224,59.206886291503906,0.43789781177907144,2.278715362455114
F. sonorensis,3,4,52,100,-1.4280067447154208,51.86006664054379,49.241641998291016,0.46597848532001374,2.300866609644203
F. sonorensis,3,4,53,100,4.50642091666187,361.4321824296196,395.58203125,0.4398215539804202,2.2884021395272867
F. sonorensis,4,4,1,1500,22.38519894728775,255.28676050402032,400.1400146484375,0.3118084083443394,2.165274045016617
F. sonorensis,4,4,2,1500,16.520242414707187,194.06460757078068,300.0050048828125,0.3190045944035864,2.172822312557386
F. sonorensis,4,4,3,1500,10.434487932808814,135.26461209765827,199.9687042236328,0.3419075203336654,2.1898186718728248
F. sonorensis,4,4,4,1500,3.1348622135043893,69.42733932485021,90.02195739746094,0.37888832623842034,2.2152459088804317
F. sonorensis,4,4,5,1500,2.638673751876254,63.858096916427435,80.0982666015625,0.43353635417707104,2.2520959018998545
F. sonorensis,4,4,6,1500,2.0698140027377296,57.315178619973736,69.97577667236328,0.4737026549850966,2.27912294663582
F. sonorensis,4,4,7,1500,1.3287224326953784,50.841323922796015,59.913089752197266,0.4939217695860903,2.290497890602128
F. sonorensis,4,4,8,1500,0.7231493892715372,43.7568228400117,49.899879455566406,0.5241696640370608,2.306800863284909
F. sonorensis,4,4,9,1500,24.02534725685968,295.04455942701884,400.043212890625,0.5238572605637951,2.3088337572866875
F. sonorensis,4,4,10,1500,23.817258670341943,280.0396636056541,400.11968994140625,0.4307861904837522,2.256051863639004
F. sonorensis,4,4,11,1500,22.923916103529407,270.4123248848424,399.9271545410156,0.3714296796255388,2.210660242978556
F. sonorensis,4,4,12,1500,27.40740742760422,333.1086245838544,500.0421752929687,0.33705464911257466,2.1844492606972055
F. sonorensis,4,4,13,1500,30.500380907801873,384.2560700804312,599.94879150390625,0.28091499372791906,2.1468500747748767
F. sonorensis,4,4,14,1500,34.95791384936077,511.21665428451814,800.09515380859375,0.2327696411817607,2.091132427288001
F. sonorensis,4,4,15,1500,41.371590239108066,715.361017103999,1150.0770263671875,0.1770988259448016,2.049692271548265
F. sonorensis,4,4,16,1500,43.947117027657676,899.4018569715915,1499.95263671875,0.13148770839290022,2.005597088710274
F. sonorensis,4,4,17,1500,11.992058875556907,220.58252656397767,399.93402099609375,0.12208904452481492,1.999379051479802
F. sonorensis,4,4,18,400,10.349875052823759,266.96906770400966,396.6151123046875,0.15384262488531464,2.035430400427198
F. sonorensis,4,4,19,400,1.2224138128659816,90.5060211029931,109.30126953125,0.18452515304204217,2.052635798217816
F. sonorensis,4,4,20,400,1.3131313544292509,84.14752789428515,99.65260314941406,0.25370099699202,2.1168735284899594
F. sonorensis,4,4,21,400,0.47149838498087726,80.44435679639149,89.3894271850586,0.2825301369718928,2.154636557891892
F. sonorensis,4,4,22,400,0.9169178943793708,69.8208259340245,79.535919189453125,0.34566197693015555,2.161792907074414
F. sonorensis,4,4,23,400,0.32051347088189075,63.423461197918655,69.537384033203125,0.37889789821055847,2.2066657553357074
F. sonorensis,4,4,24,400,-0.19571031868584196,56.19434467410811,59.40425491333008,0.4132255176022395,2.2358294063303763
F. sonorensis,4,4,25,400,-0.7755631420642668,49.07973012219857,49.389301300048835,0.43554312287504526,2.2518219944934827
F. sonorensis,4,4,26,400,14.058072481128349,318.1828286782661,395.88864135742193,0.42148059080814304,2.2415127785663937
F. sonorensis,4,4,27,250,9.54715389700401,298.19555652179014,396.0821838378906,0.19903170750579047,2.071404351918958
F. sonorensis,4,4,28,250,0.7203329235512769,95.21233255869774,108.97960662841795,0.19430214167257404,2.068850887095512
F. sonorensis,4,4,29,250,0.7611985692621936,86.97327920451654,99.41857147216797,0.22671980782226916,2.093016146918904
F. sonorensis,4,4,30,250,0.5854771071967643,79.90502682937755,89.33497619628906,0.27695179888398364,2.1227780664688907
F. sonorensis,4,4,31,250,0.4514210412810665,71.37419610655121,79.37445831298828,0.2932989923826227,2.1375321500157587
F. sonorensis,4,4,32,250,-0.3073581388708494,66.36116830595839,69.53196716308594,0.3192889934764571,2.174564993628228
F. sonorensis,4,4,33,250,-0.7038987363643273,58.660611454689096,59.40842819213867,0.3386251042806354,2.19989562669344
F. sonorensis,4,4,34,250,-1.1985742470919394,51.47023836969625,49.3340950012207,0.3548014936553246,2.206180230400743
F. sonorensis,4,4,35,250,10.733900923218062,323.15709182424024,395.8415832519531,0.33887527684316887,2.192002943228523
F. sonorensis,4,4,36,150,5.732050715048582,309.12776362669285,395.80279541015625,0.13517795815836897,2.023860959822079
F. sonorensis,4,4,37,150,0.23460478030610837,97.86936010961685,109.09603881835938,0.14197587735724168,2.0248699320928716
F. sonorensis,4,4,38,150,0.6408261724896838,84.14283538089651,99.2660140991211,0.14954115321347217,2.030155038769415
F. sonorensis,4,4,39,150,-0.19848486570665408,84.19252545809852,89.23895263671875,0.19188935855351183,2.0709506017081
F. sonorensis,4,4,40,150,-0.5641646674256366,77.72820874731462,79.44700622558594,0.214525223412727,2.0964687576603462
F. sonorensis,4,4,41,150,-0.8546072380701226,70.15576170096892,69.49726867675781,0.23392993852102337,2.113091995438532
F. sonorensis,4,4,42,150,-0.8839848815258128,60.36323885397022,59.42716979980469,0.26892122311743605,2.123394334947239
F. sonorensis,4,4,43,150,-1.090146802757075,51.718289567536615,49.30791473388672,0.28442833141855056,2.132805911525502
F. sonorensis,4,4,44,150,7.273946234506243,332.0898522667399,395.8177185058594,0.26564788943369394,2.1405862031472496
F. sonorensis,4,4,45,100,3.7957844354880854,326.6722633583616,395.9464111328125,0.11740254071885704,2.005170006055225
F. sonorensis,4,4,46,100,-0.4307067881451045,105.64231554240884,109.00601959228516,0.11111866050391676,2.0026703251204454
F. sonorensis,4,4,47,100,-0.4799436254719126,96.88806177816564,99.367034912109375,0.1278010712976218,2.0152545849143353
F. sonorensis,4,4,48,100,-0.6546484267331811,88.74563416947015,89.23143768310547,0.15369730406534804,2.038511850010837
F. sonorensis,4,4,49,100,-0.7826713121290179,80.15608763359275,79.41215515136719,0.17295316328048738,2.055633820675139
F. sonorensis,4,4,50,100,-1.015679482650441,72.24162473169123,69.5008316040039,0.1936419090917592,2.0725263850824995
F. sonorensis,4,4,51,100,-1.297641847069535,64.1015948504537,59.346317291259766,0.2180168368439204,2.0915979889844603
F. sonorensis,4,4,52,100,-1.5705668615213775,55.81349806700183,49.38813018798828,0.24141191953283933,2.11023971210199
