Day,Plant,Rd,Slope,Cstar
0,1,-3.028395819401595,-47.77956484648009,47.77956484648009
0,2,-2.9967966988627257,-32.431080181663326,32.431080181663326
0,3,-2.7342820623577277,-40.03752329352229,40.03752329352229
0,4,-2.546010801814087,-40.13994305044568,40.13994305044568
2,1,-2.820959166836701,-1.4123016456192845,1.4123016456192845
2,2,-3.9046982925995355,-13.775713414348543,13.775713414348543
2,3,-2.13182788728269,-27.247420130701496,27.247420130701496
2,4,-2.05573209900862,-33.082294479282524,33.082294479282524
4,1,-2.464457171722032,-34.22787163317719,34.22787163317719
4,2,-2.6466318004637968,-26.844126047670727,26.844126047670727
4,3,-1.6440042520642577,-45.31544708185998,45.31544708185998
4,4,-1.5187374613603104,-46.7139464476448,46.7139464476448
