Day,Plant,GammaLowLight,Gamma
0,1,84.52639607454256,40.398712657048215
0,2,79.55932024909393,29.615310760700098
0,3,93.0003687801143,46.55269292064697
0,4,76.59706563485851,39.945580553258026
2,1,53.08572062172271,37.00934629655739
2,2,56.205989934446066,28.98485901971133
2,3,65.88847127894941,44.54466725864544
2,4,64.83662076949538,33.283485563168476
4,1,68.97800813762235,28.581097640467164
4,2,65.13892201514469,33.97704387738657
4,3,71.54823881924443,38.1007055954889
4,4,69.06318248494487,36.28155498080226
