Species,PhotosyntheticType,Genus,Family,Plant,CO2,AreaCell,AreaChloro,AreaMito,AreaCellM,AreaChloroM,AreaMitoM,DotsPerMitoArea,DotsPerMitoAreaM,nMito,nChloro,VacuolePARatio,VacuoleCircularity,VacuoleSolidity,MitoChloroEdgeDist,MitoChloroCentroidDist,ChloroMitoEdgeDist,ChloroMitoCentroidDist,ChloroSize,MitoSize,AreaSection,AreaBSVein,AreaVein,AreaMTissue,AreaBSTissue,BSFractionTissueArea,RatioChloroPerCell,RatioChloroPerCellM,ChloroAreaTissue,ChloroAreaTissueM,BSFractionChloroArea,RatioMitoPerCell,RatioMitoPerCellM,MitoAreaTissue,MitoAreaTissueM,BSFractionMitoArea,DotsPerCellArea,DotsPerCellAreaM,DotsTissue,DotsTissueM,BSFractionGDC
F. cronquistii,C[3],Flaveria,Asteraceae,1,200,599.25652,6.55464,0.847224,1830.82854,213.30512,8.01868,39.237060801031845,28.12234646165248,3.4,3.2,0.1804088,0.7068826,0.9391418,4.948849,6.4762798,3.2996972,4.7850634,2.0483249999999997,0.2491835294117647,237595.961,9759.4475,2117.7356,225718.7779,7641.7119,3.2746382674073393,0.010937953582883003,0.11650742564893597,83.58469005596469,26297.91373375294,0.3168307148942335,0.0014137918766407413,0.004379809373083074,10.803790207848886,988.6052191272765,1.0810178922677811,0.055473037823757676,0.12317051662583516,423.90897326695915,27801.898486095142,1.5018488802394014
F. cronquistii,C[3],Flaveria,Asteraceae,1,800,527.14882,10.94992,2.75904,1336.37126,117.5733,6.0892,27.257285365806634,40.18655668263831,11,3.6,0.2039814,0.675906,0.9120146,1.9013228000000002,3.2766496,0.3380822,1.6845808,3.0416444444444446,0.2508218181818182,538444.351,62579.6305,24081.2396,451783.4809000001,38498.3909,7.852297446499223,0.020771970996729158,0.0879795185059577,799.6874591955417,39747.693118527546,1.9722296429547748,0.005233892015541267,0.004556518223835493,201.49642074269656,2058.559663948685,8.915549578948243,0.14266168824142514,0.1831107778776395,5492.245440372319,82726.4246198667,6.225717794908954
F. cronquistii,C[3],Flaveria,Asteraceae,2,200,691.46852,12.356359999999999,2.58498,2100.57742,100.16874,4.41404,51.74368700704181,84.09474993294917,11.8,4.6,0.1887086,0.6266912,0.9102744,1.3277638,2.2163779999999997,1.0420494,1.7934518000000002,2.6861652173913044,0.21906610169491522,424997.835,45661.0676,6989.4727,372347.2947,38671.594900000004,9.408714752169871,0.01786973613780711,0.047686288087396465,691.0511968911673,17755.86036362691,3.746162031644495,0.0037383914454992106,0.002101346019419746,144.5695595579709,782.4305055595561,15.595420647531677,0.19343815686571372,0.1767121680257017,7480.562040513535,65798.29770494187,10.208349401857966
F. cronquistii,C[3],Flaveria,Asteraceae,2,800,1079.5246,8.18918,2.55922,3101.43582,148.7124,5.78214,45.34269529258771,74.14806399913881,9.6,3,0.1389412,0.7329144,0.9244022,2.2250756,3.7093826,0.6519942,1.8084072,2.7297266666666666,0.2665854166666667,426495.01,44557.4119,18866.0683,363071.5298,25691.3436,6.608486910108324,0.007585913280716346,0.0479495332584377,194.89230461468688,17409.110393336956,1.1070908585884507,0.002370691691509392,0.0018643429480994385,60.906254816232995,676.8898462383052,8.25516084039739,0.10749355100077972,0.13823742023202032,2761.6537535451557,50190.07163924509,5.215417879322161
F. cronquistii,C[3],Flaveria,Asteraceae,3,200,401.835,8.38924,2.3741,1642.20172,182.18428,5.89656,67.05264195705735,92.5712271386745,9.6,3.4,0.254237,0.6687818,0.9095880000000001,2.6052258,3.7271122,1.0597014,2.1880198,2.4674235294117643,0.24730208333333334,242478.448,17847.1035,4889.8261,219741.5184,12957.2774,5.568261475292087,0.020877325270322395,0.11093903859752381,270.5132948975973,24377.91279125609,1.0974870928962024,0.0059081463784886835,0.0035906429327086566,76.55349154588328,789.0133300656292,8.844319079069594,0.39615682374668665,0.33239022249764943,5133.113859188727,73039.93219294732,6.566347505206964
F. cronquistii,C[3],Flaveria,Asteraceae,3,800,666.6862199999999,18.23816,2.87998,1002.0879,163.23438,5.68102,33.75849223328776,66.34780420459565,12.8,4.4,0.2201288,0.661958,0.9105154,3.2895476,5.0913334,0.9326744,2.7594116,4.145036363636364,0.2249984375,276686.515,26578.2922,3624.9628,246483.26,22953.3294,8.519009779300598,0.02735643763568415,0.16289427304730453,627.9213242624154,40150.711456029756,1.5398292719756956,0.004319843298996041,0.005669183312162536,99.15478619823881,1397.3587843194196,6.625719148269416,0.14583139645817803,0.376137864395321,3347.3160797665532,92711.68702559665,3.4846458650992025
F. cronquistii,C[3],Flaveria,Asteraceae,4,200,698.80102,19.41402,3.2539399999999996,1015.89492,74.1533,4.19384,27.33190037956775,60.42826704231691,10,4.2,0.3834292,0.7051094,0.907429,1.4172366,3.1705083999999997,0.5600342,2.2579856,4.6223857142857145,0.32539399999999996,196126.31,12060.6978,1835.1479,182230.4643,10225.5499,5.3131880250692625,0.027781899917661827,0.07299308081981551,284.0852039248569,13301.563008482404,2.0910684531446395,0.0046564614344724335,0.004128222237788136,47.61487875562345,752.2878551257171,5.952583575328392,0.1272699400482997,0.24946131579509262,1301.4051227338969,45459.45140222865,2.783107965610429
F. cronquistii,C[3],Flaveria,Asteraceae,4,800,443.39014000000003,14.821100000000001,1.51546,833.72262,104.98304,2.98764,50.591621698164886,64.78779936195983,7.6,5.4,0.219254,0.7183084,0.90602800000000006,3.8561134000000004,5.3066282,2.5026362,3.8143599999999998,2.744648148148148,0.1994026315789474,140136.045,15180.0777,3849.0265,121106.94080000001,11331.0512,8.555740712227047,0.03342676948116167,0.1259208248421999,378.7604364416403,15249.885879651474,2.4235012347270506,0.0034178928742078026,0.003583493992282469,38.72831915376377,433.9859947805087,8.192753638331473,0.1729167432967746,0.23216668978678504,1959.3284716330097,28116.99755574014,6.514520656046154
F. pringlei,C[3],Flaveria,Asteraceae,1,200,374.03602,3.63994,0.97434,633.8064,92.08712,4.40736,19.49050029000873,19.12255948576148,4.8,2.2,0.6740268,0.7511482,0.9180452,2.623158,3.3028442,1.1590875999999999,1.8214988,1.6545181818181818,0.20298750000000002,244893.31,34427.3001,9847.6052,200618.4047,24579.694900000002,10.914699077682625,0.00973152264854064,0.14529219017037379,239.1978576135689,29148.287407349413,0.8139446279833642,0.0026049362839439903,0.006953795354543595,64.02853909328306,1395.0593306388068,4.388257926168603,0.0507715113976646,0.13297436531907175,1247.9482597664685,26677.105036307184,4.468919885434682
F. pringlei,C[3],Flaveria,Asteraceae,1,800,779.8916800000001,6.24826,0.98472,538.91452,58.14146,3.13728,4.041397846439994,20.77812560917656,4.6,2.2,0.3103516,0.7488722,0.9373352,3.4969362,4.4171176,4.3293076,5.2626532,2.8401181818181818,0.21406956521739132,314911.657,44541.004,13478.2346,256892.4184,31062.7694,10.787362310546293,0.008011702343074105,0.10788623769127616,248.8656623843506,27715.156512589165,0.8899494530049175,0.0012626368831117674,0.005821479814646671,39.220998336035585,1495.4940282513671,2.555588344192311,0.005102817980243603,0.12095943882001442,158.5076582104808,31073.562766780346,0.507515691574672
F. pringlei,C[3],Flaveria,Asteraceae,2,200,686.53006,4.24958,0.96732,1115.99706,69.61858000000001,3.3968,5.645503342467792,18.03520238198956,4.2,1.2,0.5837574,0.6263532,0.7496874,2.7057390000000003,3.2696436,1.3776636000000002,1.897567,3.541316666666667,0.2303142857142857,574201.27,64839.5958,15169.5494,494192.1248,49670.04640000001,9.132837147030463,0.0061899401753799385,0.06238240448411218,307.45461572434573,30828.893022136446,0.9874459885285031,0.0014089987552766442,0.0030437356170096006,69.98503355213317,1504.1901718994136,4.445822377951774,0.007954507182447253,0.05489438785003801,395.10074084128837,27128.374171205585,1.4355045723836088
F. pringlei,C[3],Flaveria,Asteraceae,2,800,820.9304199999999,6.57376,2.7277000000000005,795.2266,107.98028,2.89702,4.372728628405891,14.796735955020266,6,2.6,0.269695,0.7880156,0.940075,1.6176207999999999,3.0293678,2.2887496,3.7318828,2.5283692307692305,0.4546166666666667,95265.8665,12971.5369,2596.6576,79697.67199999999,10374.879299999999,11.518358423583367,0.008007694488894688,0.13578554842104124,83.07886379355756,10821.792100400262,0.7618509569379343,0.003322693292325555,0.003643011941501957,34.47254185879724,290.33957080590613,10.613071531104666,0.01452923608276418,0.05390468577939019,150.73907067988316,4296.077966508903,3.3898194915430615
F. pringlei,C[3],Flaveria,Asteraceae,3,200,719.60716,9.77222,2.61582,1003.08048,92.002439999999993,3.2763999999999998,8.369791973708276,23.56754557492001,7.2,3.8,0.2730364,0.7035892,0.9183798,2.6684348,4.1595874,1.5005533999999998,3.0601602,2.5716368421052636,0.3633083333333333,227373.848,15391.3217,3672.6182,208309.9081,11718.7035,5.32599074946851,0.013579937142370846,0.09171989868649423,159.13925692008124,19106.163666324923,0.8260407716095034,0.0036350666660959845,0.003266338110776515,42.59826846271234,680.4105916793834,5.891804486924315,0.03042475180578467,0.07697957228882364,356.5386454730801,16035.607629062159,2.175057734977349
F. pringlei,C[3],Flaveria,Asteraceae,3,800,836.60588,5.8371,1.76918,784.61754,94.83630000000001,4.3193,12.855558082964958,92.74240856184447,5.2,1.8,0.1185012,0.584683,0.7332554,2.2396734,3.7462421999999997,2.0472148,3.5406838,3.2428333333333335,0.34022692307692304,184846.63,17319.8759,2239.4285,165287.3256,15080.4474,8.360943393141522,0.006977120457245652,0.12086946208212476,105.218098058957,19978.190134265013,0.5239055883433665,0.002114711409869603,0.005504975073588082,31.890794182718388,909.9026074080374,3.3861772793112137,0.0271857953582874,0.5105446473974758,409.97395692781726,84386.55936772379,0.483479619807325
F. pringlei,C[3],Flaveria,Asteraceae,4,200,624.95602,10.3848,1.33802,1362.6741,53.1485,1.792,45.1981834201144,70.65533950107434,7.4,3.8,0.3510902,0.6413260000000001,0.761635,2.7517354,4.015944,1.8868956000000001,3.0974138,2.732842105263158,0.1808135135135135,231172.943,12005.3786,2061.9055,217105.6589,9943.4731,4.379436737947978,0.016616849294451154,0.039003089586864534,165.229193966129,8467.791463891954,1.9139209844903071,0.0021409826566675845,0.0013150613195040547,21.28880345414066,285.5072542648312,6.939073341562103,0.0967685268153453,0.09291610399428978,962.2152433150146,20172.611980101203,4.552747146420641
F. pringlei,C[3],Flaveria,Asteraceae,4,800,930.01626,8.563740000000001,2.57978,1278.69004,86.82494,4.43176,10.503507148307673,30.607997778055797,11.8,3.2,0.1428708,0.72323,0.931136,3.1228886,4.047739,2.3471406,3.3157144,2.67616875,0.21862542372881355,200953.153,9610.2575,1636.3054,189706.59009999997,7973.9520999999995,4.033756692114132,0.009208161586336137,0.06790147516907225,73.42543941850437,12881.357317084514,0.5667824833391852,0.002773908490589186,0.003465859482255762,22.11901343374147,657.496384144492,3.254636889123051,0.029135767659654862,0.10608301933193798,232.32721571481696,20124.64786497433,1.141265904162771
F. angustifolia,`sub-`*C[2],Flaveria,Asteraceae,1,200,649.4766999999999,151.5828,16.5762,903.87736,143.29466,2.65802,17.600505001436485,2.9253239051972284,19.5,20.25,0.3336205,0.3001635,0.761589,0.34165075,1.8974845,0.721386,2.5751495,7.48557037037037,0.8500615384615384,306582.844,30632.8961,7812.9645,268136.98339999997,22819.931600000004,7.84306212485103,0.23339220637168356,0.15853329925201357,5325.994185374904,42508.64062988439,11.134179671161423,0.02552239364399062,0.0029406865550875177,582.4192772241407,788.5068220061048,42.483637706741476,0.44920701697968757,0.008602460677289602,10250.87340171651,2306.6378558255547,81.63140921382663
F. angustifolia,`sub-`*C[2],Flaveria,Asteraceae,1,800,781.34762,190.31838,15.90246,1051.54792,220.9513,4.07958,11.438168928298285,1.596729707719526,19.6,24,0.29078,0.426077,0.7873284,0.795322,3.3636976,1.4753442,4.114748,7.9299325,0.8113499999999999,344830.93,40876.0033,10612.3662,293342.5605,30263.637099999996,9.35199551938371,0.24357709056565627,0.2101200485470981,7371.528674752854,61637.153053190064,10.682030854920654,0.02035260566865232,0.0038795949498906337,615.9438719954966,1138.0503163037877,35.11664269496416,0.2327965417690865,0.0061946645104090205,7045.270058234625,1817.1587489218612,79.49592839093398
F. angustifolia,`sub-`*C[2],Flaveria,Asteraceae,2,200,590.58796,79.15136,8.898480000000001,850.47636,90.99494,2.35006,16.775680633729884,2.018379687682974,15.2,17,0.3019566,0.4468106,0.8054242,0.62294,2.4294204,0.814342,2.6501799999999998,4.655962352941176,0.5854263157894738,287336.225,41729.1543,13558.0317,232049.039,28171.122600000002,10.825880065090239,0.13402128956370868,0.1069929092444145,3775.530179309338,24827.6017699806,13.199708989920818,0.015067154433693504,0.002763227892660062,424.4586547847133,641.2043770297624,39.830475686296346,0.25276177083872947,0.005577243050984098,7120.582834890954,1294.193890250288,84.61998538376473
F. angustifolia,`sub-`*C[2],Flaveria,Asteraceae,2,800,973.31746,159.2627,17.995,2177.10682,282.78112,4.76194,4.707092840290869,1.1472916373550515,23,23.2,0.231741,0.3769528,0.8208564,0.6557996,2.7063476,1.3848058,3.5889268,6.864771551724138,0.7823913043478261,329009.689,31989.9116,2972.3729,294047.4045,29017.5387,8.981952177347852,0.16362873013703053,0.12988849118574713,4748.10300918314,38193.37370759007,11.05714887380317,0.018488315210126817,0.0021872789870733124,536.4854021076536,643.1637090662965,45.478388194075784,0.08702621615462873,0.002509446890431639,2525.2865951815043,737.8963448620193,77.38722105319117
F. angustifolia,`sub-`*C[2],Flaveria,Asteraceae,3,200,967.64464,139.09436,12.217,1268.39766,194.72456,2.5996,20.26515472414092,2.1002194122345044,13.8,20.2,0.2569398,0.4045664,0.830253,0.6701277999999999,2.3991492,0.9753134,2.6371068,6.885859405940594,0.8852898550724637,366818.938,63447.4398,16790.0936,286581.4046,46657.3462,14.001176660274528,0.14374529062652586,0.1535201192345309,6706.773789381432,43996.01140459134,13.227624012612802,0.012625502684539235,0.002049514976241757,589.0724497015765,587.3528806400983,50.073084496615635,0.25585776537224414,0.0043044311387682764,11937.644336931167,1233.56992175219,90.63434928986189
F. angustifolia,`sub-`*C[2],Flaveria,Asteraceae,3,800,518.8808,77.01635999999999,10.0561,1452.57284,76.47918,2.24426,23.808301657245977,2.8291115358993193,14,14,0.3827288,0.3052916,0.791015,0.6202846,2.4433782,1.3042258,3.2533292,5.501168571428571,0.7182928571428572,286479.126,43011.6677,15798.8072,227668.6511,27212.8605,10.676671026145938,0.14842784701226175,0.052650839871135134,4039.1462950600207,11986.945692743433,25.20356365191205,0.019380366357745364,0.0015450240691544253,527.3952061322177,351.75354574142114,59.989302721323874,0.4614136084731431,0.004371045417286892,12556.38416018126,995.1500140505433,92.65655090223794
F. angustifolia,`sub-`*C[2],Flaveria,Asteraceae,4,200,578.83832,98.00198,7.06606,903.26892,124.06418000000001,1.24498,33.67287657471039,3.6768891681300144,11.2,17.2,0.37794300000000003,0.2609808,0.8087548,0.8733704,2.7106512,1.0477472,3.0750536,5.6977895348837215,0.6308982142857144,315443.529,36530.6833,4880.0256,274032.8201,31650.657699999996,10.354062289460119,0.16930803751900877,0.13735021459611388,5358.710741372904,37638.46664711327,12.46293609684217,0.012207312052180652,0.0013783049238536846,386.36945520065433,377.70078524134095,50.567269178963095,0.4110553120420537,0.005067874444897877,13010.170977209727,1388.7639260480873,90.35509268304371
F. angustifolia,`sub-`*C[2],Flaveria,Asteraceae,4,800,598.5689199999999,58.21674,8.477219999999999,1643.141,109.12368000000001,1.78688,25.908634234843756,2.1552841399183262,14.2,12.6,0.2999256,0.43603739999999996,0.8473182,1.4194414,3.2964674,1.6661116,3.5016392,4.620376190476191,0.5969873239436619,335541.952,38610.7499,12015.8758,284915.3263,26594.8741,8.53740072262494,0.09725987777648062,0.06641163478971068,2586.61420444689,18921.69259622685,12.026117296996457,0.01416247940170365,0.0010874781896380165,376.6493566321519,309.83920324484876,54.86607915208912,0.3669304986772487,0.0023438244946339106,9758.470415771646,667.7915206785533,93.59510124770648
F. sonorensis,`sub-`*C[2],Flaveria,Asteraceae,1,200,822.713,64.42676,10.86612,1518.02276,93.30234,5.1645,17.380783861114175,3.928904472701445,34,15.6,0.27591659999999996,0.4233634,0.845263,0.5821128,2.359119,0.4139062,2.1487986,4.129920512820513,0.31959176470588235,428954.602,47418.1592,5406.4637,376129.9791,42011.6955,10.047239500867487,0.07831012759005875,0.061463070553698415,3289.941234879697,23118.10344278441,12.458102351145767,0.013207667801529818,0.003402122903611801,554.8765179430252,1279.640416631138,30.246464749687675,0.2295596193677868,0.01336661589268043,9644.188827975362,5027.584956351618,65.73294388083941
F. sonorensis,`sub-`*C[2],Flaveria,Asteraceae,1,800,395.52252,75.61368,9.1351,639.66762,104.80238,6.09126,17.811561389223986,1.6155132826095628,15.6,23,0.4763176,0.2839156,0.7568092,0.3554588,1.9617244,1.3013684,2.8992136,3.287551304347826,0.5855833333333333,206834.219,40473.9057,13087.3774,153272.9359,27386.528300000005,15.15919933742392,0.1911741460385113,0.16383880741063614,5235.596160712023,25112.05502618288,17.252063853208263,0.023096282861466397,0.009522539221228674,632.5270042103546,1459.5475436606187,30.234439057348787,0.41138086004989055,0.015383788596065446,11266.293565834669,2357.9184433838905,82.6931756362243
F. sonorensis,`sub-`*C[2],Flaveria,Asteraceae,2,200,465.06672,49.911500000000004,6.99294,847.40012,90.39382,3.2134,27.081635875961073,2.1023276461007745,16.8,16.2,0.2638256,0.5568714,0.8964692,0.3578532,1.544807,0.5251934,1.7181484,3.0809567901234574,0.4162464285714286,263015.848,28561.0044,5490.1624,228964.6812,23070.842,9.153805664804,0.10732116028427062,0.10667194618759318,2475.989532175083,24424.10815182583,9.204388628104132,0.015036423160960648,0.0037920693237569994,346.9029429916637,868.2499438023209,28.54809026598454,0.40721093692200383,0.007972172175265007,9394.699186399517,1825.3458605810629,83.73138563225038
F. sonorensis,`sub-`*C[2],Flaveria,Asteraceae,2,800,1178.92824,155.317,19.3205,1907.2307,275.49894,7.40428,20.02929858963017,4.895050369136081,54.2,29.2,0.2155344,0.34663900000000003,0.7745672,0.7450044,2.6366664,1.0048902,2.9497268,5.319075342465754,0.35646678966789663,265551.752,30314.2186,2517.6501,232719.8833,27796.5685,10.669793906658759,0.131744235764511,0.14444971969043913,3662.03767390838,33616.3219090767,9.82349468934207,0.016388190005525695,0.003882215192949652,455.5354460796104,903.4686666487299,33.51979893313761,0.32824395096426706,0.019003638913313897,9124.055467688891,4422.524630181749,67.35320207587364
F. sonorensis,`sub-`*C[2],Flaveria,Asteraceae,3,200,852.23716,64.10258,7.32704,710.24014,68.39218,1.948,21.901256790046084,1.355323752846876,22.2,14.6,0.2327532,0.42972140000000003,0.8199008,1.2656032,3.0497286,0.8365042,2.5700236,4.390587671232877,0.3300468468468469,288286.545,36085.7146,7926.947099999999,244273.8833,28158.7675,10.336047245919907,0.07521683283559238,0.0962944448619871,2118.013307903812,23522.21798665532,8.26050780732721,0.008597419056451375,0.0027427343095533857,242.09272431068365,669.9783606547497,26.543185975450452,0.1882942824869773,0.00371729295748578,5302.134922130116,908.0375860887932,85.37822282896259
F. sonorensis,`sub-`*C[2],Flaveria,Asteraceae,3,800,881.4809,116.02816,10.6107,1446.50082,127.70049999999999,3.53678,25.50932970161344,1.1297780794703387,22.4,20.8,0.2443636,0.3787968,0.7988484,0.84303,2.8009416,1.6434784,3.5140778,5.578276923076923,0.4736919642857143,170084.488,36015.4857,14459.5812,119609.42110000002,21555.904499999997,15.269971155012868,0.13162867170462797,0.08828235576112566,2837.3750767268125,10559.401465932491,21.179535746466847,0.012037356680105036,0.0024450591047711955,259.47611102878113,292.452104076967,47.01265561846048,0.30706490028871836,0.0027623741795798663,6619.061665925635,330.4059764811353,95.24559299384394
F. sonorensis,`sub-`*C[2],Flaveria,Asteraceae,4,200,1122.58564,124.32624,10.58622,1613.58784,143.31692,3.05898,29.261713997133075,3.7308221286739256,25.2,24,0.2241504,0.3754598,0.8524848,0.5969568,2.0591602,0.756193,2.2976072,5.18026,0.42008809523809526,141604.164,22637.4387,3574.5207,115392.2046,19062.917999999998,14.177903847301982,0.11074989343352014,0.08881879030521203,2111.2161370319327,10248.996023223523,17.080743515233472,0.009430211489254397,0.001895762922953113,179.76734834231442,218.75626307849964,45.10833064605857,0.2759441515310405,0.007072754263673036,5260.3007332157995,816.1407070792814,86.56877195150508
F. sonorensis,`sub-`*C[2],Flaveria,Asteraceae,4,800,852.98448,94.09066,10.68496,1636.1974,228.4338,5.32308,12.948601432061235,1.1832646502799269,25.4,22,0.2243056,0.5139806,0.8486782,0.4432138,2.205448,1.0976618,2.895397,4.276848181818182,0.4206677165354331,301932.549,16794.6455,1370.253,283767.6505,15424.392499999998,5.155348499692553,0.11030758730803637,0.1396126164239107,1701.4275223671712,39617.54414277085,4.117787674282111,0.012526558513702385,0.003253323834886915,193.2145551895622,923.1880609415098,17.306888428759983,0.16220141350932554,0.0038495430897348163,2501.8582660226393,1092.3757980725595,69.60754979802489
H. glutinosa,C[3],Homolepis,Poaceae,1,200,961.94454,23.586940000000002,2.61072,199.4229,83.85394,3.22268,49.014963157299384,75.39401399309317,15.4,6,0.3959522,0.8784172,0.9745286,2.8994694,5.3002848,0.9062328000000001,2.6793240000000003,3.931156666666667,0.16952727272727272,67547.6553,19289.5827,2598.6549,45659.4177,16690.927799999998,26.76958349813795,0.024520062248079295,0.4204830037071971,409.26258863419713,19199.00910201756,2.0871935838654925,0.002714002618071932,0.016160029765889473,45.29922174724958,737.8575491251806,5.784183120422572,0.1330267383336098,1.218369510298273,2220.3396849957735,55630.042383653294,3.8380726377242804
H. glutinosa,C[3],Homolepis,Poaceae,1,800,592.30912,19.998,2.0551999999999997,109.39074000000001,43.16748,1.70044,8.76736856143865,25.643300035146694,11.2,4.2,0.827087,0.8107928,0.9402928,2.2764482,3.8555014,2.0825588,4.0914588,4.761428571428572,0.1835,18613.258,5081.4228,712.9719,12818.8633,4368.4509,25.41671635932506,0.03376277576141323,0.39461731404321787,147.4910281614438,5058.545404533181,2.833077141665392,0.0034698098182246455,0.015544642992633561,15.157693823252288,199.26465356987254,7.069083053858173,0.030421101514473914,0.39861594419934304,132.89308828989493,5109.803297891806,2.534823276056275
H. glutinosa,C[3],Homolepis,Poaceae,2,200,1086.42204,11.90762,0.72582,136.42266,22.3951,1.1537199999999999,28.672533605464146,19.948794674809125,5.4,5.4,0.1976008,0.7766582,0.9420358,1.4761858,2.938449,1.7302836,3.0636764,2.2051148148148147,0.1344111111111111,30855.1947,7707.9927,1656.9746,21490.2274,6051.018099999999,21.970749652552932,0.0109603998829037,0.1641596784581095,66.32157807468816,3527.8288199756544,1.845264408263619,6.680829118672888e-4,0.008456952825872182,4.042581792009669,181.7418393390658,2.1759530575265664,0.019155629741751178,0.16870601549787095,115.91106228423469,3625.530636797171,3.098032031681612
H. glutinosa,C[3],Homolepis,Poaceae,2,800,874.1762200000001,46.18182,2.90796,133.467625,83.06015,3.324175,10.408407961935833,24.177181044869457,13.2,6.2,0.347411,0.7270152,0.9211516000000001,2.3835454,4.8224566,1.9636225999999999,4.3035206,7.44868064516129,0.22030000000000002,9547.7389,2891.7862,329.3141,6326.6386,2562.4721,28.827091780958465,0.05282895936016196,0.6223243277161783,135.37273443244885,3937.2211134482236,3.323993000256953,0.0033265146471268686,0.02490622725923234,8.524100973503947,157.57269875863153,5.132007953946599,0.03462372153865147,0.6021623655911231,88.72232044096346,3809.6636656161118,2.2758731628496185
H. glutinosa,C[3],Homolepis,Poaceae,3,200,1054.5499399999999,37.878280000000004,2.55374,232.44758000000002,126.12312,2.70122,10.590577446606526,20.404993803421924,8,4.6,0.2276432,0.7229574,0.9419994,2.4996146,4.861625,1.778834,3.9495526,8.234408695652176,0.3192175,60792.4439,15788.31,1548.9837,43455.150200000004,14239.326299999999,24.680571111517057,0.03591890584148154,0.5425873652889825,511.46102061583167,23578.215455255006,2.1231543774700796,0.002421639699680795,0.011620770584060285,34.48251786478884,504.98233117008147,6.391986044406747,0.025646562787246426,0.2371217517587379,365.1897760010393,10304.16133836307,3.4227927461247916
H. glutinosa,C[3],Homolepis,Poaceae,3,800,667.97612,30.85618,2.86272,177.48366,76.32286,4.14896,7.500263118110556,9.888445962030936,9.6,5,0.5315138,0.5971952,0.9168458,3.9557492,6.1541434,2.1659066,4.23006,6.1712359999999995,0.2982,71679.7339,20393.4583,3341.1675,47945.108100000005,17052.2908,26.235343396180117,0.04619353757736129,0.4300275304216738,787.7056358498921,20617.71643204319,3.6799350807074522,0.004285662188043489,0.02337657449705511,73.08035790108185,1120.7923912690105,6.121285367463397,0.03214359404566357,0.23115799369151996,548.1219130238036,11082.894995719043,4.712588050764411
H. glutinosa,C[3],Homolepis,Poaceae,4,200,1305.30136,27.50752,2.02944,135.20958,45.91066,1.7795,15.57852531817408,25.080368468868873,8.8,5.2,0.1015332,0.4977962,0.7324626,4.180816999999999,5.7039408,4.2892104,5.691046399999999,5.289907692307692,0.2306181818181818,38506.4748,12133.2027,1675.0892,24698.182900000003,10458.1135,29.74748358305455,0.021073692898013988,0.3395518276145818,220.39107219157418,8386.313142454213,2.5606906743296793,0.0015547673986948118,0.013161049683018025,16.25993392165009,325.05401222716625,4.763923099280741,0.02422098328443878,0.33008397548718194,253.30579227026354,8152.474398941537,3.013471522073506
H. glutinosa,C[3],Homolepis,Poaceae,4,800,1228.07828,26.8796,2.4967800000000002,199.44634,82.82422,1.9127399999999999,3.5086283690725435,5.598377484943017,8.4,5.6,0.3758724,0.6621462,0.9502064,1.4101884,3.469318,0.9584998,2.9681404,4.7999285714285715,0.2972357142857143,48855.204,12320.6191,1243.5902,35290.9947,11077.0289,23.889370389295607,0.0218875298405245,0.4152706938618177,242.44880059310228,14655.315856142732,1.627417308431451,0.002033078868555513,0.009590248685435891,22.520473382968717,338.4494155294,6.238878664041677,0.007133318194775782,0.053689832315548656,79.01597179642717,1894.7675876919166,4.003274392300145
H. isocalycia,`sub-`*C[2],Homolepis,Poaceae,1,200,722.55456,48.28122,7.8635,267.68426,48.31706,1.50682,41.65202524996135,25.935253906597104,16.6,7.6,0.164656,0.765173,0.931258,1.3424821999999998,3.3352424000000003,0.4602528,2.1683274,6.352792105263158,0.4737048192771084,47252.6196,13874.3404,1120.9683,32257.310899999997,12753.372099999999,28.33410037346023,0.06682017202963883,0.18050019078447122,852.1825176799962,5822.450771644002,12.767480710034704,0.010882915194667098,0.005629094516054101,138.79386701033343,181.57945188984215,43.32254242856594,0.453295458481462,0.14599199553809644,5781.045653254186,4709.30918898379,55.10819929539083
H. isocalycia,`sub-`*C[2],Homolepis,Poaceae,1,800,542.12348,56.8363,4.11628,159.66628,64.46928,1.4598,97.26476135475791,68.9565876670893,17.2,8.8,0.212691,0.6702664,0.902655,0.6288254,2.7274836000000002,0.3957728,2.4760346,6.458670454545454,0.23931860465116278,29054.7432,8579.8621,719.7068,19755.1743,7860.1553,28.463014614897087,0.10484013715842008,0.40377517406931507,824.0597597384826,7976.648941752159,9.363561364085436,0.007592882713731566,0.009142819636055904,59.68123730461555,180.61799550374693,24.836216332080866,0.7385199251457673,0.6304576437580743,5804.881303790106,12454.800641208065,31.790703262387456
H. isocalycia,`sub-`*C[2],Homolepis,Poaceae,2,200,934.58148,75.50462,3.41026,320.079875,102.727325,2.0841250000000002,25.866524428042407,14.993389567743682,9.4,9.2,0.35366899999999996,0.7965022,0.9368732,0.6125228,2.7529506,0.613086,2.5548706,8.207023913043479,0.3627936170212766,18800.9531,6138.572,2278.7697,10383.611399999998,3859.8023000000003,27.09885692641225,0.0807897669874648,0.32094278029819895,311.83252843468074,3332.5451122520735,8.556537197278995,0.003648970232108601,0.006511265352124997,14.084303694524314,67.61044913875013,17.240157055457484,0.09438617764603671,0.09762593800336183,364.3119855663811,1013.709802787401,26.437316785941167
H. isocalycia,`sub-`*C[2],Homolepis,Poaceae,2,800,608.15192,82.26622,4.60372,298.14668,86.13258,1.2083599999999999,20.343310130606078,20.470222171981383,14.4,13,0.2167118,0.6670524,0.8890796,0.6931691999999999,3.080471,0.898764,3.3636852,6.32817076923077,0.3197027777777778,37268.1332,8982.192,859.793,27426.148199999996,8122.398999999999,22.848750904790844,0.13527248257310442,0.28889330580504874,1098.7370771793007,7923.230618997186,12.178463880389927,0.007570016386694956,0.004052904429457339,61.486693529274724,111.1555575227334,35.61509025432713,0.15399919104830553,0.08296385411279919,1250.8428753715657,2275.3789581408096,35.47260877020986
H. isocalycia,`sub-`*C[2],Homolepis,Poaceae,3,200,633.3376,62.37144,4.898639999999999,269.74298,111.45806,1.68284,45.190356445114524,21.31627409936154,16,11.8,0.196043,0.7970006,0.9297446,0.4804036,1.7347538,0.4589744,1.8612076,5.285715254237288,0.30616499999999996,33909.78,8438.9399,882.9704,24587.869700000003,7555.969499999999,23.506742467775904,0.09848055760466456,0.41320096634210834,744.1160896038384,10159.731520333848,6.824344178523337,0.007734642629775967,0.0062386795015017624,58.44272380398699,153.3958386829863,27.588330999735163,0.34953125741515395,0.13298540227207978,2641.047520325552,3269.827743067982,44.68115807961208
H. isocalycia,`sub-`*C[2],Homolepis,Poaceae,3,800,509.42442,31.47038,2.63282,154.16048,62.85812,1.55054,16.804272773165046,13.762429912901382,6.4,6.4,0.2981078,0.7435316,0.9214086,1.8877698,3.9931313999999998,1.5161289999999998,3.8068794,4.917246874999999,0.411378125,31919.7291,8446.1857,861.4187,22612.124700000004,7584.767,25.117707727514215,0.061776347509999614,0.407744708630902,468.55920197437723,9219.974197327125,4.836224252559815,0.005168224954744023,0.010057960379988438,39.19978208531896,227.43185433995797,14.70184956701664,0.08684826189259713,0.1384219747963298,658.7238308103282,3130.014955314867,17.386361741871777
H. isocalycia,`sub-`*C[2],Homolepis,Poaceae,4,200,463.4259,45.19378,3.82276,195.79762,65.18751999999999,1.2943799999999999,24.610776339631702,9.141912494467144,8.4,8,0.2316076,0.7328774,0.9118044,0.9199306,3.1450338,0.7528456,3.006347,5.6492225,0.4550904761904762,37977.3893,9585.9654,1103.7363,27287.6876,8482.229099999999,23.713304034616325,0.09752104921196678,0.33293315822735736,827.1958814882765,9084.976013389498,8.345253595891927,0.008248913148790346,0.006610805585890165,69.9691711540421,180.3935976121058,27.947115099768297,0.20301215654992627,0.06043540618414249,1721.9956219415399,1649.1424839319884,51.080542174801735
H. isocalycia,`sub-`*C[2],Homolepis,Poaceae,4,800,310.40637999999996,23.35376,3.84044,216.33958,45.505700000000004,1.86682,57.3741552617427,29.875773281503403,5.4,3.6,0.1552678,0.4900258,0.5602176,0.40463780000000005,1.7032784,0.1984686,1.6098778,6.487155555555556,0.7111925925925926,23565.0453,6150.9735,756.6327,16657.439100000003,5394.3408,24.46215600038707,0.07523608245423308,0.21034384923923768,405.84906921503364,3503.789858762184,10.380730207866364,0.012372297244663594,0.008629119091384016,66.7403878166164,143.7390257513766,31.708748463923612,0.7098501030597604,0.2578016055932815,3829.1733728194704,4294.314545052307,47.13705998620666
H. aturensis,C[2],Homolepis,Poaceae,1,200,688.57712,115.65916,7.84856,152.28426000000002,47.47482,1.3256999999999999,44.64293963183061,8.15241254950189,28.4,13.6,0.223749,0.5926322,0.8265358,0.5126341999999999,2.6991382,0.4452022,2.4850958,8.50435,0.27635774647887323,72036.4521,22983.5204,1777.9243,47275.007399999995,21205.596100000002,30.96584290469929,0.16796834608736344,0.31175132610553447,3561.868904713645,14738.046248598954,19.46385474945159,0.01139822943870107,0.008705430226341184,241.70624973222462,411.54927837046307,37.00026089855452,0.5088504687416864,0.07097025862603694,10790.477515431878,3355.1195017258096,76.28152775979501
H. aturensis,C[2],Homolepis,Poaceae,1,800,836.4439199999999,235.28736,14.41244,412.2951,444.60301999999996,3.95574,21.121215973237987,3.900297934184967,41,19.8,0.311668,0.3380042,0.706915,0.5609428,3.1618592,1.2863998,4.2290882,11.8832,0.3515229268292683,67404.968,18971.6483,1666.4499,46766.86979999999,17305.1984,27.008958640108332,0.2812948416195075,1.0783611544255558,4867.863043122155,50431.575706397656,8.802734988272237,0.017230611228544766,0.009594438546565312,298.17914586323496,448.70185831132113,39.92324670149818,0.3639314611089936,0.0374211688428333,6297.906138493019,1750.0709310366015,78.25452388945627
H. aturensis,C[2],Homolepis,Poaceae,2,200,638.18342,111.1465,10.78022,347.65104,93.62974,1.86682,44.33152960393196,4.624706959803701,38,14.4,0.32382500000000003,0.5100012,0.8096856,0.7248468,3.2436732,0.552962,3.0554532,7.718506944444444,0.28369,60982.4149,20013.9343,1632.636,39335.844600000004,18381.298300000002,31.847207565085487,0.17416074519767374,0.2693210410070972,3201.300609628734,10593.970616565404,23.205782308579618,0.01689204022254292,0.0053698099105355755,310.4976302261598,211.22600817236733,59.51381294113056,0.7488499811964708,0.02483379726607677,13764.834886321723,976.8583900863008,93.37349942255533
H. aturensis,C[2],Homolepis,Poaceae,2,800,789.46428,147.1923,7.89738,147.8689,78.98648,1.46236,32.12974944987823,6.221792372150334,25,15.2,0.210269,0.5546376,0.8629528,0.5152634,3.3512756,1.262328,3.8476358,9.683703947368421,0.3158952,68562.7229,24394.3687,1772.0719,42396.28229999999,22622.2968,34.793588406794335,0.1864458009423808,0.5341656020975337,4217.832246032258,22646.635661476506,15.700412383203581,0.010003467161300825,0.009889571099805301,226.30140315200074,419.2810481732669,35.05383436111741,0.32140889352268015,0.06153085803260702,7271.007383429668,2608.6796273116292,73.59552357807037
H. aturensis,C[2],Homolepis,Poaceae,3,200,438.1762,135.0596,7.4009,854.40032,262.33096,3.27744,34.0043709028883,3.4789678049141783,28,11.2,0.3494688,0.5177206,0.7814714,1.0229386,3.8313088,0.6711852,3.4686046,12.058892857142856,0.26431785714285716,34052.7924,9564.3672,706.1905,23782.234699999997,8858.1767,27.13867969200903,0.3082312549152601,0.30703518463101703,2730.3669205021174,7301.982822052679,27.215627351193334,0.016890237306362143,0.0038359536194930263,149.6167065646879,91.22754927709764,62.12176663369274,0.5743418940033393,0.013345159143360251,5087.621983294251,317.3777068562444,94.12807169194478
H. aturensis,C[2],Homolepis,Poaceae,3,800,597.4303199999999,107.06572,7.35692,421.37806,89.12046,1.38548,34.42152929394516,8.36246775760346,29.2,13,0.239942,0.6338218,0.8737414,1.1552028,3.57641,1.3855266,3.8055646,8.235824615384615,0.25194931506849316,68577.8184,18149.4779,1739.605,48688.7355,16409.872900000002,25.20771688262387,0.1792103889203347,0.21149762756988344,2940.8197045422608,10297.552047627563,22.214361098148256,0.012314272901315086,0.0032879737497486226,202.07565316649485,160.0872842324539,55.79688927249169,0.4238761054062523,0.027495574470119404,6955.753015063604,1338.7247527961963,83.86004772978464
H. aturensis,C[2],Homolepis,Poaceae,4,200,651.17974,102.53782000000001,8.44352,286.73753999999997,70.6853,2.4386200000000002,35.746609767113824,2.279273055668977,36.6,10,0.2727598,0.5834440000000001,0.8400416,0.8587302,3.1080994,0.2853284,2.385998,10.253782000000001,0.2306972677595628,41068.9469,14784.715,1055.3378,25228.8941,13729.3772,35.24123823225185,0.15746469630642992,0.24651568120449108,2161.8922112744235,6219.318015097466,25.794511208798024,0.01296649677706496,0.008504711311954481,178.02192521490915,214.56446104037167,45.34592422141447,0.46350830033628027,0.019384559339581005,6363.680290647679,489.05099475345514,92.86341497447425
H. aturensis,C[2],Homolepis,Poaceae,4,800,609.04038,75.19644,5.8695200000000005,296.34568,55.59506,1.1848400000000001,64.7635802990424,15.467001781067072,24.6,13,0.1996046,0.6952004,0.9194774,0.5207296,2.591095,0.5512146,2.4926132,5.784341538461538,0.23859837398373984,34880.8152,9908.4516,816.1322,24156.231399999997,9092.3194,27.3465134005179,0.12346708439923144,0.18760205986468234,1122.6021667445696,4531.758769207919,19.85374084640858,0.009637324868344526,0.003998168625235232,87.62563586455138,96.58068648740215,47.5692879298299,0.6241476629789889,0.061839681247519825,5674.949904568523,1493.8136499173293,79.16218552106415
S. hians,C[2],Steinchisma,Poaceae,1,200,288.1192,75.11318,7.1492000000000004,110.32486,45.81922,1.73996,34.64257482572121,4.577470258323816,25,9.8,0.3792084,0.6531844,0.8876846,0.455398,2.4735538,0.1162626,1.8069104,7.664610204081632,0.285968,20046.4941,5901.8746,882.5988,13262.020700000001,5019.2758,27.45579778764597,0.2607017512196341,0.41531183452215575,1308.5339909143302,5507.874146387805,19.196825726345583,0.024813341144915024,0.01577124140470244,124.54500272581627,209.15852997386085,37.32205101883142,0.8595980272888656,0.07219238846687054,4314.559576098743,957.4169502300784,81.8395065788204
S. hians,C[2],Steinchisma,Poaceae,1,800,350.32736,48.721759999999996,4.361592,102.46704,30.675079999999998,1.4038000000000002,30.376810995315417,7.4567813335135815,25.6,9.4,0.277828,0.6595288,0.906449,0.3601874,1.7979468,0.3155562,1.68814,5.183165957446808,0.17037468749999998,31343.685,8892.2228,1105.5013,21345.960900000002,7786.7215,26.728474203254276,0.13907494978411047,0.29936533738068355,1082.9379015953534,6390.24078654338,14.49099435176318,0.012450046722014519,0.013700015146333887,96.94504648631496,292.439987643051,24.896962643435025,0.3781927161574813,0.10215801721203586,2944.881354046857,2180.661041029645,57.4550189434713
S. hians,C[2],Steinchisma,Poaceae,2,200,392.2203,72.1288,8.49072,79.25762,36.29706,0.48444,44.67731519352394,5.604603698894636,28.8,11,0.3346782,0.6099954,0.8421026,0.524192,3.2097756,0.5487624,2.9576874,6.5571636363636365,0.29481666666666667,34231.616,9861.0285,1393.5233,22977.0642,8467.5052,26.92835475749908,0.18389869162814876,0.45796303245038145,1557.163127634546,10522.645997839098,12.890626925145975,0.021647834138110646,0.0061122198723605374,183.3031481331894,140.44086841174388,56.61977944471085,0.9671671090454971,0.034256570105089174,8189.492525111713,787.1154105764347,91.23148280268416
S. hians,C[2],Steinchisma,Poaceae,2,800,326.45092,87.18209999999999,6.76418,104.01888,51.23588,1.24594,32.91777830704325,6.72690695342003,27.2,11.2,0.3383666,0.3140542,0.5769796,0.5330294,2.4029502,0.6760927999999999,2.6796948,7.7841160714285715,0.24868308823529411,21600.7729,6506.8092,1172.5717,13921.392,5334.237499999999,27.70222339394305,0.267060359333648,0.49256327312887815,1424.5633835210201,6857.16641003018,17.201278223666463,0.02072035820882355,0.011978017836761943,110.52731177093939,166.75068168855503,39.86155208061456,0.6820681579605774,0.08057501147430306,3638.313545749235,1121.7163201382707,76.43467894651272
S. hians,C[2],Steinchisma,Poaceae,3,200,524.23656,74.06054,9.42184,99.42402,41.41624,0.588108,32.914388673554186,0.11493618742873957,26,11.4,0.2349428,0.7352132,0.9283852,0.2373386,2.1497258,0.2091104,1.752429,6.496538596491228,0.36237846153846154,19106.904,6253.8087,725.8844,12127.210899999998,5527.9243,31.310574727289545,0.14127313058822147,0.4165617121496395,780.9471715157027,5051.731736103769,13.38916789154155,0.017972496996394145,0.005915150081439073,99.3506028780442,71.7342725427638,58.07094439743841,0.591553751573602,6.798647984294053e-4,3270.064358079878,8.244863794039386,99.74850255921476
S. hians,C[2],Steinchisma,Poaceae,3,800,442.5952,15.4565,2.41404,84.49588,40.950900000000004,0.48908,35.20342005024718,11.015940944194208,5.4,2,0.052781,0.1265242,0.178664,0.0715012,0.516771,0.0111326,0.40484020000000004,7.72825,0.4470444444444444,30822.2169,9512.578,1063.8377,20245.801199999998,8448.7403,29.443719461417423,0.034922430247774944,0.48464966575885127,295.0505438083151,9812.120784600149,2.919219771995055,0.00545428418563961,0.005788211212191648,46.08183060686605,117.18697350564311,28.224516531101,0.19200945726049154,0.06376259288602595,1622.2380395378423,1290.9247795670155,55.68648717122909
S. hians,C[2],Steinchisma,Poaceae,4,200,317.36626,23.4453,3.1985200000000003,84.63278,15.48864,0.5296,31.694618717479948,2.852542456197826,13.2,6.2,0.2455756,0.8342423999999999,0.9546326,0.2132958,1.7925752,0.1485612,1.7147814,3.7815,0.24231212121212126,37931.2667,11421.4384,1323.6196,25186.208700000003,10097.8188,28.618668319539196,0.07387458263521775,0.18300994012012842,745.9721493760552,4609.326546040058,13.929608632559985,0.01007832401591776,0.006257622637469784,101.76908972042584,157.60578971315843,39.23629379324103,0.3194286369957347,0.017850134248247176,3225.532495913905,449.5772064993711,87.76697179395342
S. hians,C[2],Steinchisma,Poaceae,4,800,357.22634,66.59908,7.37086,104.94426,51.00184,0.9606399999999999,29.3874760934738,11.64769427145155,23.4,10.2,0.2946088,0.6222908,0.8638296,0.4422472,2.8991966,0.452935,2.45682,6.529321568627451,0.31499401709401714,21438.3918,6608.251,931.1367,13899.004100000002,5677.1143,29.00020414670152,0.18643384471592997,0.4859898006808567,1058.4062458407855,6754.774232221411,13.546420037429987,0.02063358485827221,0.009153811747302806,117.13921965916064,127.22886700638988,47.93556362352703,0.6063689817451376,0.1066208006510048,3442.42601734176,1481.9229453935984,69.9062158955846
S. laxum,PK,Steinchisma,Poaceae,1,200,467.80334,20.17512,1.87462,107.61342,22.84202,0.9358799999999999,22.884996471229297,20.94614805427989,9.4,5.8,0.202119,0.7682052,0.9306332,2.0833968,3.8339036,1.006375,2.5102524,3.4784689655172416,0.19942765957446806,15062.6579,3583.4851,663.5051,10815.6677,2919.98,21.25840778516764,0.04312735347293587,0.21225995791231242,125.93100959390328,2295.733170795557,5.200184675219941,0.004007282205381432,0.008696684855847903,11.701183894069676,94.06045349247331,11.063731787078519,0.09170663912937402,0.18216204857200397,267.78155212498956,1970.2041849060545,11.965293062154803
S. laxum,PK,Steinchisma,Poaceae,1,800,873.90586,82.99064,4.71272,340.12576,94.93984,0.6416999999999999,14.7967415122599,9.423106459570072,9.4,8.8,0.2524126,0.6388054,0.905403,0.3982422,2.5085034,0.310882,2.6344834,9.430754545454544,0.5013531914893616,24221.7227,7154.1506,1052.876,16014.696099999997,6101.2746,27.587640998276417,0.09496519453479807,0.27913157768467756,579.4087292992223,4470.207388533652,11.474312418582127,0.005392709004148342,0.001886655100748617,32.902398472201575,30.214208084003978,52.12954286904173,0.07979452118521951,0.017778151866845116,486.8482853265417,284.7116993671721,63.09921392823474
S. laxum,PK,Steinchisma,Poaceae,2,200,553.55082,49.22632,4.90316,250.13902000000002,68.13816,1.13524,20.465867811187223,11.970492955809592,15,7.4,0.35788159999999997,0.7422128,0.9174618,0.43613240000000003,2.3129874,0.19095779999999998,2.3280772,6.652205405405406,0.3268773333333333,15327.549,3701.2299,652.3112,10974.0079,3048.9186999999997,21.74238507388322,0.08892827581756631,0.2724011631611893,271.1350830989357,2989.33251650008,8.315834303407303,0.008857651046384503,0.004538436266361002,27.006257913396276,49.80483544069214,35.159319746825105,0.18127951543292942,0.05432731935686516,552.7065045303971,596.1884318080612,48.10766302895192
S. laxum,PK,Steinchisma,Poaceae,2,800,637.15742,27.754,3.6326,158.04344,46.71186,1.71546,9.034922748133736,9.118878087961624,13.4,6.4,0.4505112,0.8563132,0.9575102,0.6490492,2.326334,0.180807,1.7797276,4.3365625,0.271089552238806,35383.8901,10653.008,1354.0893,23376.792799999996,9298.9187,28.4581980716778,0.04355909407756721,0.29556342230971433,405.052474472949,6909.324882593088,5.537757415286333,0.005701259823671205,0.010854357510821075,53.015551587894876,253.74006650758798,17.282666872426404,0.05151044207390791,0.09897956286432798,478.99141304632906,2313.824732513969,17.15083944239492
S. laxum,PK,Steinchisma,Poaceae,3,200,509.61414,52.980720000000005,5.10052,126.95912,56.88224,1.20724,15.153724464829073,6.795662781425993,16.4,7,0.5091294,0.3743858,0.6512292,0.3127956,1.864792,0.39166460000000003,1.8485718,7.568674285714287,0.3110073170731708,2151.1315,633.0354,117.6055,1400.4906,515.4299,26.90246803038017,0.10396242145086478,0.4480358717042147,53.58534049217708,627.4700267845587,7.867985932838782,0.010008591990795233,0.00950888758523216,5.158727568956388,13.31710767957434,27.921485007648734,0.15166744530940604,0.06461919345572588,78.17393616908262,90.49857301432561,46.34657808053308
S. laxum,PK,Steinchisma,Poaceae,3,800,417.79504,34.356680000000004,3.2778,194.3436,83.18224,1.28166,25.187135767285586,10.994069393866043,12.8,6.2,0.3852422,0.5381279999999999,0.7319804,0.3708886,1.7231064,0.2967984,1.6868646,5.5414,0.256078125,38711.1697,11434.7224,1190.7328,26085.7145,10243.9896,28.197283335429095,0.08223333623108596,0.42801635865549464,842.3974411245479,11165.112533216836,7.015588102151494,0.007845473704043975,0.006594814544960575,80.36895103129996,172.03044940028897,31.841973829523177,0.1976050113424245,0.07250384874697367,2024.2636810996787,1891.314698564738,51.69769277542001
S. laxum,PK,Steinchisma,Poaceae,4,200,387.64732000000004,52.5359,5.55948,177.1482,67.12682,2.24412,86.76491354561229,78.20100179651692,16.4,8.4,0.4061056,0.6356606,0.8904716,0.426886,2.2247584,0.1561668,1.9646252,6.254273809523809,0.33899268292682927,28991.017,7689.5065,1143.7277,20157.7828,6545.7788,24.51275563181804,0.13552499215008115,0.37893029677975837,887.1166204861677,7638.394618825909,10.405436056380697,0.014341592765300169,0.012668037270488777,93.87689388133522,255.35954380081762,26.88061260285059,1.2443470563876478,0.9906532053478362,8145.22058154467,19969.37214352548,28.97150480249166
S. laxum,PK,Steinchisma,Poaceae,4,800,810.54752,22.74184,3.9564,90.99958000000001,33.00842,0.9443,95.82243523193769,68.45683789096627,13,7.2,0.2242516,0.8580868,0.9636616,0.645602,2.3240022000000002,0.1788338,1.5938404000000002,3.1585888888888887,0.30433846153846156,43567.8322,11890.8851,1190.6399,30486.3072,10700.2452,25.979948736860045,0.028057380275495755,0.3627315642555713,300.2208486174481,11058.345899031885,2.6431226341085607,0.004881145031447385,0.010376970970635249,52.229448693248735,316.35552481626837,14.170259898536024,0.46772320363356157,0.7103746195360401,5004.75296460864,21656.698878258838,18.77149449364109
T. forrestii,PK,Tribulus,Zygophyllaceae,1,200,551.76156,38.01508,4.6707600000000005,1533.21626,247.66748,6.29966,28.463441733790503,24.75298452336616,11.2,8.6,0.4125186,0.6622272,0.8909884,1.6770174,3.701218,0.6811214,2.6849576,4.420358139534883,0.4170321428571429,119856.059,23536.6658,5558.4405,90760.9527,17978.2253,16.533346702326554,0.06889765934401083,0.161534603083325,1238.6576423292768,14661.034469858934,7.790450491678138,0.00846517832811695,0.004108787627911017,152.18888318756385,372.91747955117694,28.98248697536412,0.2409481101085029,0.10170475656347974,4331.819409139872,9230.820599822999,31.939352561722416
T. forrestii,PK,Tribulus,Zygophyllaceae,1,800,506.19136,76.27506,2.02172,610.59048,120.58521999999999,3.21854,14.942922960344442,18.81330122529924,5.8,12.8,0.2547496,0.7104228,0.9111520000000001,0.9649182000000001,3.2370778000000002,2.7658822,4.9374122,5.9589890625,0.3485724137931035,89697.3469,12403.0172,3782.0489,73512.28080000001,8620.9683,10.49631957150956,0.1506842392568692,0.19748951867051712,1299.044049943085,14517.904951563898,8.212987535202375,0.003993983619159364,0.005271192567561814,34.43200617149215,387.49738817747703,8.160608536084627,0.059681789525976046,0.09916853359009892,514.5148155907116,7290.105087799585,6.592439118876351
T. forrestii,PK,Tribulus,Zygophyllaceae,2,200,974.7820800000001,51.72418,3.49716,942.03836,153.74233999999998,4.5338,23.900716689778065,17.8454777229553,10.2,8.6,0.1649952,0.7142802,0.914304,1.6013868,3.8450112,0.8986607999999999,2.9035528,6.014439534883721,0.34285882352941177,193303.498,42245.8383,8971.091,142086.5687,33274.7473,18.974964410052674,0.05306230085805434,0.1632017829932106,1765.6346522083315,23188.78135122731,7.075439681558747,0.0035876326327213565,0.004812755183345188,119.37756925903686,683.8278699946571,14.862644527153313,0.08574699114167574,0.08588591541042422,2853.209461974599,12203.23502032563,18.950087886477586
T. forrestii,PK,Tribulus,Zygophyllaceae,2,800,300.02338,26.00276,2.8126800000000003,991.6158800000001,167.1186,5.0395,10.117432612772825,9.84665900780236,5.6,5,0.244506,0.518565,0.7282566,0.7371034000000001,2.4435184000000003,0.2759826,1.9304972,5.200552,0.5022642857142858,157200.552,17095.9516,3697.2819,136407.3185,13398.6697,8.944014762688905,0.08666911225385168,0.1685315890665244,1161.2508082815814,22988.94214710851,4.808453540833517,0.00937486938517925,0.00508210901180808,125.61077837265886,693.236862625425,15.339945074465055,0.09484960925809807,0.05004179447975359,1270.858585623318,6826.06699791129,15.695569540711292
T. forrestii,PK,Tribulus,Zygophyllaceae,3,200,633.84824,70.13574,4.35436,342.02544,96.51656,1.9717,35.607993927465,33.20680602850387,8.6,11.2,0.6810456,0.7245188,0.919869,1.5322288000000002,3.771408,1.1831728,3.3425848,6.262119642857143,0.5063209302325581,242690.993,11066.6246,1920.1471,229704.22129999998,9146.477499999999,3.8293702073941764,0.11065068193610507,0.28219117268002053,1012.0639726882414,64820.503578197946,1.5373302460153215,0.006869720108396924,0.005764775859947728,62.833740402750024,1324.1933498783305,4.530101887917473,0.24461695190318192,0.19142979377908578,2237.383446701035,43972.231713644476,4.841813633239325
T. forrestii,PK,Tribulus,Zygophyllaceae,3,800,537.08174,45.06472,5.3766799999999995,1122.15484,258.73388,7.08354,17.914075554938677,22.57672713312237,10,5.6,0.1946512,0.4642812,0.6880764,1.5624712,3.6959676,0.4663558,2.5822374,8.04727142857143,0.5376679999999999,93780.9342,29686.8962,12375.8453,51718.1927,17311.0509,25.077851063110877,0.08390663216366284,0.230568786746043,1452.5119802327445,11924.600943537058,10.858187327190569,0.01001091565689796,0.006312444368194322,173.2994704921675,326.4682142423037,34.67600562934401,0.1793362994517886,0.14251433404373823,3104.4998080275545,7370.583790586224,29.636993144745773
T. forrestii,PK,Tribulus,Zygophyllaceae,4,200,364.89842,56.143119999999996,14.51906,709.9264000000001,55.239580000000004,1.7979800000000001,26.328737718725844,8.30948878123407,25.6,15.8,0.281551,0.6333774,0.882324,1.2170256,3.3602646,0.4406566,2.6085325999999998,3.5533620253164555,0.56715078125,172021.078,22310.029,5880.8803,143830.1687,16429.148699999998,10.251602818819944,0.1538595864569652,0.07781029132033969,2527.7820248219873,11191.467327200604,18.425075308142304,0.03978931999760372,0.0025326287344716297,653.704654912515,364.268418133522,64.21630121870146,1.0476025702233613,0.021044850056123048,17211.218404701794,3026.8843338383826,85.04363589342704
T. forrestii,PK,Tribulus,Zygophyllaceae,4,800,591.99458,62.61258,6.83382,405.9689,133.61084,3.5594,13.516043642637694,14.251422300275177,11.6,12.6,0.7258648,0.731521,0.9182688,1.2009446,3.1456068,1.2083986,3.1124392,4.969252380952381,0.5891224137931035,137865.59,26797.6182,5187.6951,105880.2767,21609.9231,16.95026216438638,0.10576546156892179,0.3291159495222417,2285.5834911404054,34846.887801798184,6.155215129931443,0.011543720552306408,0.008767666685797853,249.458913423231,928.3229747056487,21.180399863300813,0.15602543078338713,0.12495172052735928,3371.6975608733687,13229.92274357787,20.30944871067402
T. cristatus,C[2],Tribulus,Zygophyllaceae,1,200,809.25172,102.60872,13.35202,2021.6129600000002,204.21188,4.41694,25.027360404551256,5.984180312038291,18.4,20.4,0.2102642,0.6265744,0.8928028,0.4947762,2.2490448,0.7688512,2.5645776,5.029839215686275,0.7256532608695653,436389.529,29340.1642,2488.4345,404560.9303,26851.7297,6.224140408860509,0.12679456523119903,0.10101433065605199,3404.6533930171745,40866.4515838442,7.690464005352119,0.016499217326346863,0.0021848593610124065,443.03252390862264,883.9087356658428,33.38750081904138,0.41293185841949953,0.013074592372743003,11087.93464679907,5289.469253610194,67.70263903989074
T. cristatus,C[2],Tribulus,Zygophyllaceae,1,800,482.28846,72.88222,10.83578,603.36096,47.66694,1.3718,26.74488892652017,4.61597978324021,18.8,21,0.472337,0.40871599999999997,0.7286252,0.791345,2.3550961999999998,1.4392196,2.9424214,3.470581904761905,0.5763712765957446,208640.987,26962.2287,10089.226,171589.5323,16873.002699999997,8.952974499679737,0.1511174868252083,0.079002360378106,2549.805763218954,13555.97806787526,15.831615461622162,0.02246742540760772,0.002273597549301168,379.0929295646136,390.1255401230136,49.28286884720278,0.6008887969913456,0.010494880322798678,10138.798294034725,1800.8116061334981,84.91733296823939
T. cristatus,C[2],Tribulus,Zygophyllaceae,2,200,856.7064,77.43238,8.95552,932.7147,112.20436,1.2618399999999999,17.17497657457349,1.9566276746387332,18.4,20.2,0.1953158,0.5108064,0.8947116,0.6064708,2.449745,0.9130022,2.7607334,3.8332861386138615,0.4867130434782609,313308.654,21946.0185,3506.1961,287856.4394,18439.822399999997,6.020257084312871,0.0903838000976764,0.12029869369486725,1666.661221638255,34628.75363147571,4.591933246618515,0.010453429552995051,0.0013528681385637,192.7593844281401,389.43180534465245,33.10929258537335,0.17953740769664422,0.002647059240050724,3310.6379120825122,761.9730477218711,81.29030601640206
T. cristatus,C[2],Tribulus,Zygophyllaceae,2,800,819.46004,121.14978,19.36418,1392.37546,140.8888,3.44112,23.67170733685383,2.2696889786568346,19,28.4,0.3489824,0.342887,0.683353,0.6923526,2.807682,2.1778944,4.1719852,4.265837323943662,1.0191673684210527,166751.821,10947.7649,920.5466,154883.5095,10027.2183,6.0803917572668675,0.14784098563244158,0.10118592581342967,1482.4338366236555,15672.031301990628,8.641679146770558,0.023630413997978474,0.0024714023615440626,236.94731967710592,382.7794711425322,38.234157888143606,0.5593722444088405,0.005609314701823033,5608.947605648398,868.7903469082972,86.58805970122032
T. cristatus,C[2],Tribulus,Zygophyllaceae,3,200,898.3334,220.96008,24.109460000000002,1260.46442,125.31054,1.4732399999999999,17.626098558801672,3.8743127808349245,36.4,26.4,0.3793078,0.2447952,0.6259494,0.780384,2.6167004,0.964636,2.8708774,8.3697,0.6623478021978023,442030.414,43431.4154,6494.2219,392104.7767,36937.1935,8.609226151647018,0.2459666756239944,0.09941616598745405,9085.318692075214,38981.55356488081,18.90141435354248,0.02683798687658725,0.001168807287713841,991.3199144109639,458.2949205543683,68.38505584379395,0.4730490018065527,0.004528325013122738,17473.10251471049,1775.5778680955157,90.77558651926311
T. cristatus,C[2],Tribulus,Zygophyllaceae,3,800,500.71168,63.533339999999995,9.55078,1208.36584,66.82258,1.4119599999999999,17.97807467021491,23.72884174518524,14.2,19.6,0.3596744,0.408554,0.752349,1.0263917999999999,2.3901824,1.5867384,2.910283,3.24149693877551,0.6725901408450704,137540.642,8410.4674,1266.5818,127863.5928,7143.8856,5.291473986969895,0.12688607543566788,0.055299957833961945,906.4596071453815,7070.85129033888,11.362972044016036,0.019074410247430215,0.001168487185966793,136.26540469510914,149.40696973847588,47.699888715276884,0.34292117171861286,0.027726847517082865,2449.7896205757256,3545.2543405519746,40.863580591907905
T. cristatus,C[2],Tribulus,Zygophyllaceae,4,200,603.5053,59.8275,8.53028,1193.6915,121.21372,2.51082,18.87400397313588,1.4017037791399505,12.8,9.4,0.323774,0.6678406,0.9074912,0.5744736,2.2558802,0.860607,2.4070552,6.3646276595744675,0.6664281249999999,129814.488,9739.1963,1168.345,118906.9467,8570.8513,6.723407083012212,0.09913334646771121,0.1015452652548837,849.6571714461331,12074.437443299817,6.574210393637194,0.014134556896186328,0.002103407790036203,121.14518534860255,250.10979797819957,32.63126174442833,0.26677568301713595,0.002948354648366157,2286.4947095958078,350.5798490259719,86.70572859308172
T. cristatus,C[2],Tribulus,Zygophyllaceae,4,800,409.75437999999997,58.45046,7.2604999999999995,846.54984,97.07566,0.9525399999999999,13.49304826952452,2.726374349475405,13,14.8,0.5104656,0.4080034,0.7818328,1.002482,2.8257394,1.442291,3.3278164,3.949355405405405,0.5585,246075.217,33673.8723,10087.0894,202314.25530000002,23586.782900000002,10.44120163764701,0.14264755388337766,0.11467211428449386,3364.596884663281,23199.80340514387,12.665811567198405,0.01771915165372973,0.0011252025043203598,417.9377832286991,227.64450672326865,64.73811158292372,0.23908536855880044,0.0030677232457445177,5639.254682762912,620.6441439293011,90.0853965677069
