PhotosyntheticType,Species,CO2,VacuolePARatio_Mean,VacuolePARatio_SE,VacuoleCircularity_Mean,VacuoleCircularity_SE,VacuoleSolidity_Mean,VacuoleSolidity_SE,MitoChloroEdgeDist_Mean,MitoChloroEdgeDist_SE,MitoChloroCentroidDist_Mean,MitoChloroCentroidDist_SE,ChloroMitoEdgeDist_Mean,ChloroMitoEdgeDist_SE,ChloroMitoCentroidDist_Mean,ChloroMitoCentroidDist_SE,BSFractionChloroArea_Mean,BSFractionChloroArea_SE,BSFractionMitoArea_Mean,BSFractionMitoArea_SE,BSFractionGDC_Mean,BSFractionGDC_SE,DotsPerMitoArea_Mean,DotsPerMitoArea_SE,DotsPerMitoAreaM_Mean,DotsPerMitoAreaM_SE,nChloro_Mean,nChloro_SE,nMito_Mean,nMito_SE,AreaChloro_Mean,AreaChloro_SE,AreaMito_Mean,AreaMito_SE
C[3],F. cronquistii,200,0.25169590000000003,0.04691248066506397,0.67686625,0.01888904171636296,0.9166083,0.007535588187836872,2.5747688,0.8432124430287858,3.8975695999999997,0.914413528135876,1.4903705500000002,0.6141156528449799,2.75613015,0.6839966557536491,1.8128870731448927,0.7396462388726932,7.868335298549361,3.0331251014002696,5.26491343822869,1.9674709449084629,46.34132253617469,8.514560859489624,66.30414764389826,14.430410335343502,3.85,0.33040379335998343,8.7,1.8303005217723127,11.678564999999999,2.848551334747483,2.2650609999999998,0.50846018406000415
C[3],F. cronquistii,800,0.19557635,0.019238934030480142,0.6972716999999999,0.01687329091187211,0.91324005,0.00393205526357822,2.81801485,0.4556947994142599,4.34599845,0.5022549491828585,1.10634675,0.4810104790797208,2.5166899,0.494716370720554,1.760662752061493,0.28284846491972965,7.997295801486631,0.4855504316194119,5.360075548844118,0.6843635938920415,39.23752364746175,5.320828239758755,61.36755606208315,7.351173679717953,4.1000000000000005,0.5196152422706632,10.25,1.099621146880446,13.04959,2.200221689625843,2.428425,0.3114242309535339
C[3],F. pringlei,200,0.4704777,0.09464889885115763,0.6806041500000001,0.028854107387034165,0.83693685,0.04698790064398671,2.6872668,0.027328259214349254,3.6870048000000004,0.23332828250078622,1.48105005,0.15259957633450094,2.46915995,0.3523927332358162,1.1353380931529196,0.2625233300523262,5.416239533151699,0.6153346293343395,3.15805733480407,0.795665158313822,19.6759947565748,9.01896812770667,32.845161735936344,12.660069815646578,2.75,0.6396613687465162,5.9,0.8185352771872451,7.011635,1.7794274981835216,1.473875,0.3903660833435712
C[3],F. pringlei,800,0.21035465,0.04700336285411751,0.7112002,0.044225843919816855,0.8854504,0.0507661070240766,2.61927975,0.4253747711430818,3.81011665,0.2941886082458482,2.75310315,0.5293965623129815,3.9627335500000003,0.44157322318175324,0.6856221204063508,0.08555485104429497,4.952368510932811,1.8956828471548308,1.3805201767719573,0.6868615177818703,7.943297926529629,2.2109342002022343,39.731316976024274,17.96841575744692,2.45,0.298607881119482,6.9,1.6583123951777001,6.805715,0.605077551358777,2.015345,0.402991068252966
C[3],H. glutinosa,200,0.23068234999999998,0.06130337922161523,0.71895725,0.08045966200630703,0.8977566,0.055628319619656565,2.7640217,0.5593215698055247,4.7010749,0.6121967899568488,2.1761402,0.7322551239734687,3.84589985,0.6700797479338179,2.1540757609822174,0.14892097929736436,4.779011330409157,0.9304209523192293,3.3430922344010474,0.18709669696782988,25.964149881886033,8.57750576631147,35.207042735048276,13.445745848378584,5.3,0.2886751345948129,9.4,2.127596452964393,25.220090000000003,5.364630668433756,1.97993,0.438025595941607
C[3],H. glutinosa,800,0.52047105,0.10992187892991322,0.69928735,0.045647719147355346,0.93212415,0.007892609623935114,2.5064828,0.5299578624095378,4.57535485,0.5982710550340726,1.79264695,0.2811295353620507,3.89829495,0.313152736383269,2.8661056327653123,0.44790427341412287,6.140313759827461,0.3967965599403638,3.381639720492612,0.5843565473818177,7.546167002639395,1.4716085853142598,16.326826131747527,5.041305285932212,5.25,0.4272001872658765,10.6,1.039230484541326,30.9789,5.5417225212082455,2.5806649999999998,0.1978693170377864
PK,S. laxum,200,0.3688089,0.06389171516352231,0.6301161,0.08993655055465494,0.84744895,0.06593845445834953,0.8148027,0.4237936488086114,2.55911035,0.4358462586717353,0.43629105,0.19698672313145668,2.16288165,0.15439459982703146,7.947360241961681,1.0697033747275253,25.256287286100736,5.076419301868243,33.84775974353286,8.476366713016883,36.31737557321447,16.89317742557391,29.478326397008097,16.501829761828493,7.15,0.5377421934967227,14.299999999999999,1.6663332999933314,43.729515,7.895998985479397,4.359445,0.8396059313104373
PK,S. laxum,800,0.32810439999999996,0.05382286187900702,0.7228333499999999,0.08025331186974469,0.8896388,0.05415301080426338,0.5159455,0.0760608166833401,2.2204865000000003,0.1713329828055007,0.2418303,0.035918926586643245,1.923729,0.23993739682096246,6.6676951425321285,1.841614832440703,28.856110867381833,8.661152922427503,37.67981015992269,11.624722796032605,36.210308814904224,20.14976929665496,24.498222958091002,14.658630496461026,7.15,0.590903263374528,12.15,0.9251126057585279,41.96079,13.881858668544112,3.89488,0.3058084232543854
PK,T. forrestii,200,0.3850276,0.11086932067465734,0.6836009000000001,0.02159229992543639,0.90187135,0.00903245852592195,1.5069146500000001,0.10105130717582284,3.66947545,0.10716886344914978,0.8009029,0.15806430333473986,2.88490695,0.16486843391175837,8.707073931848628,3.5278322443107246,28.147883652284094,13.02537428295727,35.19372249371659,17.51356337799628,28.575222517439855,2.522731114832982,21.02868926401485,5.276423976399331,11.05,1.6977926846349647,13.9,3.9365805804869116,54.004529999999995,6.618484284418903,6.7603349999999995,2.5980948803482264
PK,T. forrestii,800,0.3549429,0.12433539695617654,0.6061975000000001,0.06732296789499108,0.81143845,0.06020308082118805,1.11635935,0.17629046692691344,3.13054265,0.25872835834959373,1.1791548,0.5658593375715558,3.1406465,0.6458485815655683,7.508710883289476,1.3177739601478036,19.839239775798625,5.6166598304798505,18.05861262875186,4.797414807610252,14.12261869267341,1.6190916449234978,16.372027416624785,2.7618761031704957,9,2.14009345590327,8.25,1.50858653491715,52.48878,10.896881683163613,4.261225,1.1171448038452012
`sub-`*C[2],F. angustifolia,200,0.317614975,0.025531531158953732,0.353130325,0.043511189407426654,0.80150525,0.014398073622392468,0.6270222375,0.10954415290440991,2.359176325,0.16912174851185055,0.88969715,0.07433987401058176,2.734372475,0.11473323010319322,12.506112192634303,0.49038410475000643,45.73861676715414,2.7019208341297976,86.81020914262425,2.213731691007262,22.07855423350442,3.9358408850837043,2.68020304331118,0.39028393880929907,18.6625,0.9030907577130145,14.925,1.735595478983126,116.957625,17.023434658476678,11.189435,2.088137591194204
`sub-`*C[2],F. angustifolia,800,0.30129385,0.0310666798656669,0.3860897,0.029868563186344708,0.8116295,0.0140662719023201,0.8727119,0.1861166369217701,2.9524727,0.2249431496305159,1.45762185,0.07778955737425493,3.6146608,0.18121898667656205,14.742215169408082,3.4985926932067994,48.862603190613235,5.4791233115455995,85.7837003985174,4.265081080599399,16.465549415169722,5.054896281355677,1.9321042552230558,0.3631847847855651,18.45,2.9915157807818207,17.7,2.1916508237703685,121.20354499999999,31.813525188096097,13.107695,2.281264129415604
`sub-`*C[2],F. sonorensis,200,0.24916144999999998,0.012334432282942731,0.44635400000000003,0.03877853182660049,0.85352945,0.015927266244059792,0.7006315,0.19610479987784593,2.2532037000000003,0.3142648473762802,0.6329492,0.09841020464789209,2.18364445,0.1779927811668472,11.750935575452646,1.9911245751071194,32.61151790929531,4.233791658561329,80.35283107338937,4.907886644025953,23.906347631063603,2.6671735374959065,2.779344500080755,0.6266966781925188,17.6,2.1587033144922905,24.55,3.5975686233899693,75.69177,16.56085688355225,8.94308,1.0333046986247572
`sub-`*C[2],F. sonorensis,800,0.2901303,0.06235499240710402,0.380833,0.04855807652951945,0.79472575,0.019941361968761496,0.59667675,0.1170569633287536,2.4011951,0.19293682487255595,1.2618497,0.14147674822505876,3.0646038,0.15033530890071475,13.093220490824823,3.807164009990722,32.01844550942671,6.101181508906764,78.72488012599169,6.462211288865904,19.074697778132208,2.6051282866416345,2.2059015953739776,0.9029538392699051,23.75,1.87149672722129,29.4,8.517041739947034,110.262375,17.139671189478083,12.437815,2.3218191333287925
`sub-`*C[2],H. isocalycia,200,0.23649389999999998,0.041383208324673584,0.7728883,0.015273662673046041,0.92742005,0.005426355151403817,0.8388348,0.19146959697339241,2.74199515,0.3569591027065648,0.5712897,0.07050614352321836,2.39768815,0.24758662666499007,9.12340392043224,1.2744877125988805,29.02453639588172,5.373764164429895,44.32680408393645,6.337788674851834,34.3299206156875,5.304503771703426,17.84670751704237,3.6671668750090687,9.15,0.9464847243000458,12.600000000000001,2.149418526020468,57.837765,6.975372652015926,4.99879,1.0051147334342816
`sub-`*C[2],H. isocalycia,800,0.2206946,0.02937315951862629,0.64271905,0.05387436561676774,0.8183402,0.08629572214229395,0.90360055,0.3338332511216578,2.8760911,0.47320925548197307,0.7522835999999999,0.29421184366413033,2.81411925,0.4875187303488238,9.189744926225385,1.5634961181641318,26.71547615433706,4.582527875397526,32.94668344016894,6.131931362528999,47.94662488006793,18.825837728907143,33.26625325836886,12.34717532250061,7.95,1.9906029237394383,10.85,2.9216148502725905,48.481665,13.32913947451066,3.798315,0.419318103780809
C[2],H. aturensis,200,0.29245065000000003,0.027903204048086792,0.5509495,0.021552770660327347,0.8144336000000001,0.01262036397282847,0.7797874499999999,0.1079134582014179,3.2205548999999998,0.23417877726914108,0.48866945,0.0819972130731842,2.8487879,0.25385851094776535,23.91994390450564,1.7015260136609536,50.99544117369807,5.945165322468776,89.16162846219234,4.301217200083322,39.68136247644117,2.7980918258732967,4.6338400924721865,1.266825148446899,12.3,1.02469507659596,32.75,2.6437032107758744,116.10077,6.880713736575585,8.6183,0.7516098590359229
C[2],H. aturensis,800,0.2403709,0.025251198029202494,0.555416,0.0779720273788406,0.84077165,0.04627022590416542,0.6880346500000001,0.15605535964653433,3.17015995,0.21079751353866225,1.12136725,0.19191141230928008,3.59372545,0.3791965522102257,16.642812329008162,2.939772496828838,44.58581456623429,4.538607487476921,78.71807017959385,2.103420436873305,38.109018754025946,9.347015274076119,8.487889961251458,2.4984150211149183,15.25,1.602862023589887,29.95,3.827422979847755,141.185455,34.652990646099006,8.884065,1.892003586102574
C[2],S. hians,200,0.29860125,0.03495613533028453,0.70815885,0.04940247337197973,0.9032012500000001,0.02458527092839329,0.3575561,0.07778380402690953,2.4064076,0.30174278745031613,0.25567415,0.0995731177883996,2.05795205,0.3005073542052216,14.851557293898274,1.463875500153242,47.812267163555425,5.5257328713262295,90.14661593366819,3.742146609438859,35.98222435256982,2.960777536148312,3.2873881502112545,1.2002549027358325,9.6,1.1832159566199232,23.25,3.445165695096053,61.186955,12.595718279260284,7.06507,1.3706485543590912
C[2],S. hians,800,0.2408961,0.06399010899946439,0.4305995,0.12754044257814853,0.63148055,0.167731658469739,0.3517413,0.09985929408824866,1.9042161499999999,0.5143781818467444,0.36392915,0.139096349610366,1.80737375,0.5134881929774392,12.03947809621367,3.13719750761821,35.229648719669406,5.312964339068252,64.87060023919943,4.986850376962935,31.971371361519914,1.3089742278638063,9.211830875644843,1.239734158904389,8.2,2.0992061991778384,20.4,5.060303021229723,54.48985999999999,15.199478981546264,5.2276679999999995,1.1409327775687168
C[2],T. cristatus,200,0.27716545,0.04451643802509921,0.51250415,0.09522447116280475,0.83023875,0.06817446265156162,0.6140261499999999,0.060219717394409115,2.3928426,0.08793307305616016,0.8767741,0.04177411097003344,2.6508108999999997,0.10302315425018141,9.439505499787577,3.218381297342998,41.87827774815925,8.836972443610966,81.6185650421594,5.029007736908109,19.675609877765574,1.8197405788299084,3.304206136662975,1.038539282602408,19.099999999999998,3.5388321990924254,21.5,5.139066063011838,115.20717,36.327493633981504,13.73682,3.625242751311054
C[2],T. cristatus,800,0.42286485,0.04038670822538647,0.3920401,0.01638507634129301,0.73654,0.020802370139161232,0.8781428499999999,0.08138891159043615,2.5946749999999996,0.12844517762472307,1.66153585,0.17552626345511899,3.3381265,0.2936919043808153,12.125519554901791,1.4929189815047754,49.98875675838675,5.488254557099936,75.61359245726862,11.633267517618227,20.47192980077836,2.951167753521678,8.335221214139422,5.1562757419646905,20.95,2.815877601506618,16.25,1.5500000000000003,79.00395,14.362950861893482,11.75281,2.6426577933777202
