Species,Plant,CO2,f_GDC,f_Rd,f_rubisco
F. cronquistii,1,200,1.5018488802394014,1.0810178922677811,0.3168307148942335
F. cronquistii,1,800,6.225717794908954,8.915549578948243,1.9722296429547748
F. cronquistii,2,200,10.208349401857966,15.595420647531677,3.746162031644495
F. cronquistii,2,800,5.215417879322161,8.25516084039739,1.1070908585884507
F. cronquistii,3,200,6.566347505206964,8.844319079069594,1.0974870928962024
F. cronquistii,3,800,3.4846458650992025,6.625719148269416,1.5398292719756956
F. cronquistii,4,200,2.783107965610429,5.952583575328392,2.0910684531446395
F. cronquistii,4,800,6.514520656046154,8.192753638331473,2.4235012347270506
F. pringlei,1,200,4.468919885434682,4.388257926168603,0.8139446279833642
F. pringlei,1,800,0.507515691574672,2.555588344192311,0.8899494530049175
F. pringlei,2,200,1.4355045723836088,4.445822377951774,0.9874459885285031
F. pringlei,2,800,3.3898194915430615,10.613071531104666,0.7618509569379343
F. pringlei,3,200,2.175057734977349,5.891804486924315,0.8260407716095034
F. pringlei,3,800,0.483479619807325,3.3861772793112137,0.5239055883433665
F. pringlei,4,200,4.552747146420641,6.939073341562103,1.9139209844903071
F. pringlei,4,800,1.141265904162771,3.254636889123051,0.5667824833391852
F. angustifolia,1,200,81.63140921382663,42.483637706741476,11.134179671161423
F. angustifolia,1,800,79.49592839093398,35.11664269496416,10.682030854920654
F. angustifolia,2,200,84.61998538376473,39.830475686296346,13.199708989920818
F. angustifolia,2,800,77.38722105319117,45.478388194075784,11.05714887380317
F. angustifolia,3,200,90.63434928986189,50.073084496615635,13.227624012612802
F. angustifolia,3,800,92.65655090223794,59.989302721323874,25.20356365191205
F. angustifolia,4,200,90.35509268304371,50.567269178963095,12.46293609684217
F. angustifolia,4,800,93.59510124770648,54.86607915208912,12.026117296996457
F. sonorensis,1,200,65.73294388083941,30.246464749687675,12.458102351145767
F. sonorensis,1,800,82.6931756362243,30.234439057348787,17.252063853208263
F. sonorensis,2,200,83.73138563225038,28.54809026598454,9.204388628104132
F. sonorensis,2,800,67.35320207587364,33.51979893313761,9.82349468934207
F. sonorensis,3,200,85.37822282896259,26.543185975450452,8.26050780732721
F. sonorensis,3,800,95.24559299384394,47.01265561846048,21.179535746466847
F. sonorensis,4,200,86.56877195150508,45.10833064605857,17.080743515233472
F. sonorensis,4,800,69.60754979802489,17.306888428759983,4.117787674282111
H. glutinosa,1,200,3.8380726377242804,5.784183120422572,2.0871935838654925
H. glutinosa,1,800,2.534823276056275,7.069083053858173,2.833077141665392
H. glutinosa,2,200,3.098032031681612,2.1759530575265664,1.845264408263619
H. glutinosa,2,800,2.2758731628496185,5.132007953946599,3.323993000256953
H. glutinosa,3,200,3.4227927461247916,6.391986044406747,2.1231543774700796
H. glutinosa,3,800,4.712588050764411,6.121285367463397,3.6799350807074522
H. glutinosa,4,200,3.013471522073506,4.763923099280741,2.5606906743296793
H. glutinosa,4,800,4.003274392300145,6.238878664041677,1.627417308431451
H. isocalycia,1,200,55.10819929539083,43.32254242856594,12.767480710034704
H. isocalycia,1,800,31.790703262387456,24.836216332080866,9.363561364085436
H. isocalycia,2,200,26.437316785941167,17.240157055457484,8.556537197278995
H. isocalycia,2,800,35.47260877020986,35.61509025432713,12.178463880389927
H. isocalycia,3,200,44.68115807961208,27.588330999735163,6.824344178523337
H. isocalycia,3,800,17.386361741871777,14.70184956701664,4.836224252559815
H. isocalycia,4,200,51.080542174801735,27.947115099768297,8.345253595891927
H. isocalycia,4,800,47.13705998620666,31.708748463923612,10.380730207866364
H. aturensis,1,200,76.28152775979501,37.00026089855452,19.46385474945159
H. aturensis,1,800,78.25452388945627,39.92324670149818,8.802734988272237
H. aturensis,2,200,93.37349942255533,59.51381294113056,23.205782308579618
H. aturensis,2,800,73.59552357807037,35.05383436111741,15.700412383203581
H. aturensis,3,200,94.12807169194478,62.12176663369274,27.215627351193334
H. aturensis,3,800,83.86004772978464,55.79688927249169,22.214361098148256
H. aturensis,4,200,92.86341497447425,45.34592422141447,25.794511208798024
H. aturensis,4,800,79.16218552106415,47.5692879298299,19.85374084640858
S. hians,1,200,81.8395065788204,37.32205101883142,19.196825726345583
S. hians,1,800,57.4550189434713,24.896962643435025,14.49099435176318
S. hians,2,200,91.23148280268416,56.61977944471085,12.890626925145975
S. hians,2,800,76.43467894651272,39.86155208061456,17.201278223666463
S. hians,3,200,99.74850255921476,58.07094439743841,13.38916789154155
S. hians,3,800,55.68648717122909,28.224516531101,2.919219771995055
S. hians,4,200,87.76697179395342,39.23629379324103,13.929608632559985
S. hians,4,800,69.9062158955846,47.93556362352703,13.546420037429987
S. laxum,1,200,11.965293062154803,11.063731787078519,5.200184675219941
S. laxum,1,800,63.09921392823474,52.12954286904173,11.474312418582127
S. laxum,2,200,48.10766302895192,35.159319746825105,8.315834303407303
S. laxum,2,800,17.15083944239492,17.282666872426404,5.537757415286333
S. laxum,3,200,46.34657808053308,27.921485007648734,7.867985932838782
S. laxum,3,800,51.69769277542001,31.841973829523177,7.015588102151494
S. laxum,4,200,28.97150480249166,26.88061260285059,10.405436056380697
S. laxum,4,800,18.77149449364109,14.170259898536024,2.6431226341085607
T. forrestii,1,200,31.939352561722416,28.98248697536412,7.790450491678138
T. forrestii,1,800,6.592439118876351,8.160608536084627,8.212987535202375
T. forrestii,2,200,18.950087886477586,14.862644527153313,7.075439681558747
T. forrestii,2,800,15.695569540711292,15.339945074465055,4.808453540833517
T. forrestii,3,200,4.841813633239325,4.530101887917473,1.5373302460153215
T. forrestii,3,800,29.636993144745773,34.67600562934401,10.858187327190569
T. forrestii,4,200,85.04363589342704,64.21630121870146,18.425075308142304
T. forrestii,4,800,20.30944871067402,21.180399863300813,6.155215129931443
T. cristatus,1,200,67.70263903989074,33.38750081904138,7.690464005352119
T. cristatus,1,800,84.91733296823939,49.28286884720278,15.831615461622162
T. cristatus,2,200,81.29030601640206,33.10929258537335,4.591933246618515
T. cristatus,2,800,86.58805970122032,38.234157888143606,8.641679146770558
T. cristatus,3,200,90.77558651926311,68.38505584379395,18.90141435354248
T. cristatus,3,800,40.863580591907905,47.699888715276884,11.362972044016036
T. cristatus,4,200,86.70572859308172,32.63126174442833,6.574210393637194
T. cristatus,4,800,90.0853965677069,64.73811158292372,12.665811567198405
