CO2_ppm,Global_local_index,Original_plant_ID,r_squared,Intercept,Slope,Gamma,is_ambient
8,274,WT_r1_21O,0.9774579217602793,0.09934627129855231,0.6062941885481625,-0.16385819487474848,FALSE
8,275,WT_r4_21O,0.9997508185894213,-1.3737863960839727,0.46557821294052404,2.950710230634158,FALSE
8,276,WT_r4_2O,0.9992172980662981,-0.49329175347684345,0.47096429437578174,1.0474079656731825,FALSE
8,277,WT_r4_10O,0.9967878712197218,-0.5118787293535203,0.4909364211150671,1.0426578826457544,FALSE
8,278,WT_r1_2O,0.9985891500819761,-0.5334600979754526,0.7247746547363317,0.7360358071151396,FALSE
8,279,WT_r1_10O,0.9901081034246909,-0.025601876169688644,0.6722429041260515,0.038084263906024166,FALSE
8,280,WT_r2_21O,0.9714518347831379,0.5285745235471522,0.5157413704995227,-1.0248829234606482,FALSE
8,281,WT_r2_2O,0.9778130966895837,0.05307425233558619,0.603858400332095,-0.08789188377009864,FALSE
8,282,WT_r2_10O,0.9789471409493737,-0.11176280980563792,0.7102763494733917,0.15735116323174825,FALSE
8,283,WT_r3_21O,0.9808573023673028,0.801403167793966,0.5112714190514029,-1.5674710886066436,FALSE
8,284,WT_r3_2O,0.9884550617927608,0.14749785848557792,0.6033498420043363,-0.24446489949444264,FALSE
8,285,WT_r3_10O,0.9908943846515628,0.023846346427482092,0.6092252395395861,-0.03914208552078974,FALSE
178,1155,329,0.9931783648473911,-0.712302640710158,0.14743718922284427,4.831227755119142,FALSE
180,1091,697,0.9953399788244676,-0.8211032319864142,0.44455429222341436,1.8470257656937932,FALSE
180,1094,700,0.963465112365131,-0.6440663727095686,0.5166658714955902,1.2465819947526102,FALSE
180,1097,703,0.9982891619811336,-0.8169609560878227,0.2212181255395889,3.6930109325133964,FALSE
180,1100,706,0.9969974056459089,-0.9789556450290965,0.44639916697719473,2.193005089274973,FALSE
180,1104,709,0.9944789372713355,-0.68826003797603,0.4045070919142805,1.701478297250422,FALSE
215,847,73,0.9840620192921855,-2.6809504650977685,0.3775846759624983,7.100262896696688,FALSE
273,1092,698,0.994848983617582,-1.1095486085638218,0.46194850573912044,2.4018880779547866,FALSE
273,1095,701,0.989023360092921,0.21226519511698363,0.5437720782275131,-0.3903569227182208,FALSE
273,1098,704,0.9981084402339065,-0.5012014773945562,0.2037897090177756,2.4594052359672336,FALSE
273,1102,707,0.9907503491896161,-0.5539914543015032,0.5381477085601406,1.0294412583930792,FALSE
273,1105,710,0.997248682551262,-0.5611932958026677,0.3406851413781476,1.6472491096398139,FALSE
276,1150,325,0.9953363801549434,-0.9393349869406692,0.1904321016910527,4.932650422902952,FALSE
375,1145,324,0.9933822790595264,-1.8599111552656376,0.2515338254123258,7.394278492034962,FALSE
380,1093,699,0.998404586090728,-0.9545515472912168,0.34545252471256227,2.763191694967239,FALSE
380,1096,702,0.9850825164889578,-0.22946159937984245,0.4595800371843383,0.49928539278089884,FALSE
380,1099,705,0.9973329798124465,-0.5524858262906028,0.20317550179212165,2.7192541493308426,FALSE
380,1103,708,0.9831492823372803,0.18777916310413617,0.5908395622401077,-0.3178175178252971,FALSE
381,1230,663,0.9639553409982714,1.3984990463895919,0.44678186229175043,-3.130160743804694,FALSE
390,1127,826,0.9994042069146707,0.054265711408236376,-0.22014903832941116,0.24649533706814591,FALSE
390,1128,827,0.9664819242523256,-0.02776996411992795,-0.15293420887687814,-0.18158111467581825,FALSE
390,1129,828,0.9813660279764758,-0.02698834263681394,-0.27203619840484067,-0.0992086450077877,FALSE
390,1133,832,0.9998876176553307,0.08506015915694538,-0.13177307545305633,0.6455048488812705,FALSE
390,1135,833,0.9952197248712674,0.12438619754844941,-0.15443596727175363,0.8054224656719567,FALSE
390,1136,834,0.9992355555289426,0.09748610017656215,-0.15640446822539777,0.6232948539300864,FALSE
390,1140,838,0.9984339833482001,0.218090916062735,-0.1515321945249272,1.439238154944419,FALSE
390,1141,839,0.9990614095600299,0.3132505327058213,-0.19870300031185612,1.5764761086354389,FALSE
390,1146,843,0.9999262245107247,0.0261052957431722,-0.15233770234792982,0.17136464145658004,FALSE
390,1147,844,0.9992807093298994,-0.0021726835622523292,-0.10257899064449323,-0.021180590183248853,FALSE
400,1,10_1,0.992411483717549,0.3176669315450121,0.39475863538206923,-0.8047117987363506,TRUE
400,2,10_6_1,0.9942984509720402,-2.2530955685705947,0.9211144926420134,2.44605376049191,TRUE
400,3,2901_2,0.9995638595549947,0.33458619016943386,0.3706120035880207,-0.9027937220872267,TRUE
400,8,2502_1,0.9991622253711956,2.275555039016199,0.556545998230015,-4.088709731546276,TRUE
400,9,2502_2,0.9995132879271387,0.8330680715463741,0.4721609330911944,-1.7643731472918645,TRUE
400,10,2902_1,0.9998876071784386,-0.08247063170777222,0.3641047373468766,0.2265024957068982,TRUE
400,11,2902_2,0.9999021876308662,0.4032233804047628,0.30947647285073165,-1.3029209512777653,TRUE
400,13,10_6_2,0.9990441194680683,-3.1302782147632393,0.7677300010156968,4.077316518335771,TRUE
400,14,1705_2,0.9987075535293346,0.7111611086613144,0.4608810955698813,-1.543046819444744,TRUE
400,15,2109_1,0.9998455057886998,0.8030571348313036,0.3331815445902791,-2.410268959581303,TRUE
400,17,2511_1,0.9984720158186793,5.603657184685996e-4,0.3871187027462069,-0.0014475294386279564,TRUE
400,21,1710_2,0.996119108175096,1.670849752949117,0.45133832586415995,-3.7019895213862153,TRUE
400,24,11_10_1,0.9813530502322297,-2.2472813525967723,1.1538774800488671,1.9475909630384667,TRUE
400,25,2507_1,0.9969349336501825,1.6944318562896201,0.36749368699922563,-4.610778133702173,TRUE
400,26,2507_2,0.9942958373572613,0.9240827466707022,0.3439181373352394,-2.68692646985913,TRUE
400,31,2106_1,0.9989280684746893,1.3722171705594512,0.3630061588393873,-3.780148455185277,TRUE
400,33,2510_1,0.9993426152822424,0.3571996641314593,0.4238541041554068,-0.842742020496023,TRUE
400,34,2510_2,0.9985426152292172,1.1686715250021995,0.3302669799515502,-3.5385660569931705,TRUE
400,35,11_10_2,0.9992363556193016,-1.0752341725734893,0.8085579261965685,1.329817119759567,TRUE
400,36,2912_1,0.9995962225301318,0.7677056521064091,0.3709434385119672,-2.069602997120117,TRUE
400,42,2509_1,0.9942514780975615,1.8734040455931822,0.3836601260042721,-4.882978236764489,TRUE
400,43,2509_2,0.9974768157151351,1.0867939142997487,0.5135597542982375,-2.1161975898692,TRUE
400,45,2911_2,0.999855148655195,1.4502972441056274,0.34701373855852724,-4.17936549178159,TRUE
400,46,14_10_1,0.9985686158266674,-0.9539368713133876,0.6383903914311138,1.494284506968998,TRUE
400,52,2512_2,0.9997657410211618,0.05765346823643597,0.3460299962356105,-0.16661407642006834,TRUE
400,60,2508_1,0.999773249193147,-0.23362890759500207,0.26619932888920483,0.8776464935876719,TRUE
400,63,2910_2,0.9999819284356452,0.9457524894022287,0.4513103730554429,-2.0955700242370545,TRUE
400,90,10_10_1,0.9984893572888976,-0.5316787777014461,0.4901717047427722,1.0846786392544947,TRUE
400,112,10_2,0.9984180795531594,0.3455074033665197,0.318493329114075,-1.084818336156639,TRUE
400,113,11_12_1,0.9688332428435209,1.9786934231025641,1.0514616213276173,-1.8818503528490056,TRUE
400,114,2529_2,0.9992777771036102,-1.7935968777629303,0.27990450313628223,6.407888610815414,TRUE
400,124,11_12_2,0.9622932178768073,2.3839433105513552,0.8968105200895659,-2.658246371054241,TRUE
400,134,14_9_1,0.9996955898676115,-3.040402087512731,0.9569225523832496,3.177270804142406,TRUE
400,135,14_9_2,0.9957342356285617,-0.3019289768715725,0.6984151393793808,0.43230588778454865,TRUE
400,136,15_6_1,0.9797833760256639,-2.354627083494345,0.8380163543737079,2.809762686856007,TRUE
400,137,15_6_2,0.9746623585495825,3.65350443550879,0.9075189178413544,-4.025816281823745,TRUE
400,138,10_9_1,0.9876526985205453,1.846120363534289,0.7982866694063351,-2.312603271838675,TRUE
400,139,10_9_2,0.9999943464223144,0.9647744326279919,0.6079766745289417,-1.5868609324124088,TRUE
400,140,11_5_1,0.999655886631691,-2.386312674634826,0.5178484343440836,4.608129553693397,TRUE
400,141,11_5_2,0.9908251093992752,-5.034803447149734,0.8368160372608563,6.016619212545351,TRUE
400,143,14_7_1,0.9920851490148647,0.3525924839929426,0.47928998398083245,-0.7356558571585825,TRUE
400,144,14_7_2,0.9988010673744303,-1.0041021057907917,0.37900125969320475,2.6493371198913582,TRUE
400,145,15_9_1,0.9919039302066924,2.06283210646938,0.6722527854101367,-3.0685363470987492,TRUE
400,146,15_9_2,0.9997832241661732,-3.173631897995928,0.6970852563251178,4.552717001542432,TRUE
400,147,10_5_1,0.9840397425432551,0.3993680511645503,0.5281297179858778,-0.7561931047690624,TRUE
400,148,10_5_2,0.9999361192804037,-3.818079399236719,0.8140979524571127,4.689950868581577,TRUE
400,149,11_8_1,0.9995268203355847,-1.3577255304919105,0.4298295349953185,3.158753459104894,TRUE
400,150,11_8_2,0.9992604016299486,-1.5753899370835274,0.8760242785319132,1.7983404977355733,TRUE
400,151,14_6_1,0.9997562113231194,-1.3774936591999263,0.5091056994480921,2.705712508607211,TRUE
400,156,10_23_1,0.9967649638705767,2.0843707415831867,0.5993195544857499,-3.4778954332162493,TRUE
400,157,10_23_2,0.9979590859654812,0.6261038732272581,0.7043904944902111,-0.8888590605987502,TRUE
400,160,14_23_1,0.9970683854365495,-0.5718046800614386,0.6805643915256606,0.8401918865892923,TRUE
400,161,14_23_2,0.999078780864432,-1.5430248105713118,0.5072503259055087,3.0419395153996387,TRUE
400,166,1728_2,0.9976185995339234,0.8758360758389426,0.31016898672035126,-2.8237383920933317,TRUE
400,175,14_3,0.9972569847118,-0.11236105518411792,0.3145562325364866,0.35720498773167597,TRUE
400,193,2503_2,0.9990182274359949,-0.18153315895890224,0.35710439767487384,0.5083475872626451,TRUE
400,194,2903_2,0.9998671719167099,1.6816864192055807,0.49324422599466217,-3.409439645875915,TRUE
400,202,2904_1,0.9997238574375081,1.3063747866412925,0.4151001102071673,-3.1471318713678724,TRUE
400,208,15_3,0.978183984537549,0.6970645571341834,0.5316309080508257,-1.3111813978045492,TRUE
400,210,2505_2,0.999180110204915,-0.03762485292032487,0.21301674390921702,0.17662861721499107,TRUE
400,211,2905_1,0.9997095717460273,0.7187726035493242,0.38983029869917374,-1.8438089752074154,TRUE
400,212,2905_2,0.999991786705699,0.08896044271155093,0.31701951695352054,-0.28061503457717324,TRUE
400,216,2501_1,0.9994288478536482,0.494848826418384,0.3526761991649132,-1.4031250977245282,TRUE
400,217,2501_2,0.9997069273092263,0.3914012871015201,0.2974541432338694,-1.3158374021833208,TRUE
400,218,2901_1,0.9998688146347199,-0.04362114810247112,0.3297484284313945,0.13228614404616237,TRUE
400,249,Maize 1_2000PAR_28C,0.9963647012093753,2.4281122513696554,0.543600690123832,-4.466720325201449,TRUE
400,286,2013_02_68,0.9999633247350213,0.6811764705882349,0.16823529411764707,-4.0489510489510465,TRUE
400,358,2014_10_241,0.993128909104692,-1.2161286679843815,0.3383928605198791,3.593836661080913,TRUE
400,361,2014_10_276,0.9987107089336384,-1.0764342199353967,0.31162315539766833,3.4542818827494965,TRUE
400,362,2015_02_298,0.9940622345580639,-1.945642501002345,0.3443937841856084,5.649470432816394,TRUE
400,366,2015_02_312,0.9968561632658944,-2.400891851911593,0.38812616690766383,6.185854128414823,TRUE
400,380,2015_10_540,0.9997985489850708,-0.45346233752894227,0.3543690883930477,1.2796328810316138,TRUE
400,382,2015_10_542,0.9989930495047201,-0.7093339247657429,0.17843756110579245,3.9752500559296,TRUE
400,390,2016_02_635,0.9946958693410678,-1.973487085863501,0.28418378327416827,6.944404297551229,TRUE
400,397,2013_02_69,0.9871312917700082,0.2956027753686016,0.23006071118820473,-1.2848902963130422,TRUE
400,441,2013_02_70,0.9965475524645854,-0.512709984152141,0.1277812995245642,4.012402331638359,TRUE
400,442,2014_02_185,0.980395204730793,-1.4040366386319383,0.25513740198988966,5.503060812258236,TRUE
400,445,2014_02_192,0.978568139967048,-2.4456161592771495,0.35493434596480683,6.89033390845653,TRUE
400,452,2013_02_71,0.9764560663670537,0.4055451713395637,0.15961059190031154,-2.5408412218210192,TRUE
400,458,2014_10_274,0.9988550348179143,-1.4284725953640731,0.26252950369632233,5.441188800693581,TRUE
400,497,2016_02_616,0.9800610729772145,-1.330077523285275,0.24769733946513273,5.369769114829367,TRUE
400,525,Ainc_P1,0.9870323753584267,-0.6901831021685404,0.22250883603596283,3.101823345374878,TRUE
400,526,Aretro_P2,0.9997495649333468,-0.9610347462704387,0.4901849742074323,1.9605552940995623,TRUE
400,528,Aretro_P4,0.9988406003617731,-0.6613802600755729,0.5492964602450323,1.2040497398809777,TRUE
400,529,Aretro_P5,0.9989794618828821,-0.5307502869312614,0.633320239517726,0.8380440949359652,TRUE
400,532,Aros_P3,0.9998076924659823,-1.7401038973863712,0.638547440005544,2.7250972885761837,TRUE
400,533,Aros_P4,0.99232524825089,-2.7006039678819316,0.5639730570169178,4.788533661814487,TRUE
400,534,Aros_P5,0.9926275689216865,-2.2713400505742523,0.44921146883087076,5.056282415241311,TRUE
400,535,Bcocc_P1_Feb,0.9730623426359377,-0.2845167887039581,0.6063415360072464,0.46923519470148556,TRUE
400,536,Ainc_P2,0.9917271420744981,-1.8562214897794589,0.3983828760510634,4.65939075539365,TRUE
400,538,Bcocc_P3_Feb,0.9903062384090617,-1.3457831760725882,0.6279134956044411,2.143262066341021,TRUE
400,539,Bcocc_P4_Feb,0.989343740715045,0.3374458079709597,0.33544787876271115,-1.0059560048959553,TRUE
400,540,Bcocc_P5_Feb,0.992069480030843,-0.8255355563087247,0.45825137714362324,1.801490617342954,TRUE
400,541,Bcocc_P1_May_R1,0.9757391908716913,-1.7890128610318936,0.5119287117556952,3.4946523216022585,TRUE
400,542,Bcocc_P1_May_R2,0.9995925188240012,-0.9282620038031717,0.41727927410560245,2.2245581350590946,TRUE
400,543,Bcocc_P2_May,0.9927926194709353,-0.7156062928317208,0.49473077058521364,1.4464560026966486,TRUE
400,544,Bcocc_P3_May,0.9981901147508027,-0.2652731369489692,0.28500612541890324,0.9307629320565289,TRUE
400,545,Bcocc_P4_May,0.9998750287855798,-1.6872971170056916,0.3331823802934665,5.064184713247811,TRUE
400,547,Acara_P1,0.9995899749924182,-0.2932762568972647,0.3689004930099194,0.795000989303039,TRUE
400,548,Ksco_P1,0.9969410977889333,-5.893665554624144,1.1425055333246574,5.158544429516898,TRUE
400,549,Ksco_P2,0.9773525259464069,-2.808944721386333,0.7614792031275966,3.6888003110909056,TRUE
400,550,Ksco_P3,0.9924955118242552,-4.418874592315416,0.8958746956582658,4.932469477853195,TRUE
400,553,Pcap_P1,0.9971742683432211,-1.263061280909323,0.5381366805804644,2.3471012597522884,TRUE
400,554,Pcap_P2,0.9952937187209712,-1.0967825596762817,0.8380301171316513,1.3087627010712568,TRUE
400,555,Pcap_P3,0.9991010321747787,-1.167777256128544,0.7997648011179466,1.460150852470843,TRUE
400,556,Pcap_P4,0.9968267299790791,-1.0370561927515485,0.9468663609679557,1.0952508564053265,TRUE
400,557,Pcap_P5,0.9917780836334972,-4.25904162340074,1.012292072867418,4.207324879406178,TRUE
400,570,Pami_P3_R1,0.9952970026006829,-2.0697433070795825,0.290092100935059,7.1347799557731575,TRUE
400,572,Pole_P3_R1,0.9960531181556167,-4.216123508169182,0.9776674398581842,4.312431135868402,TRUE
400,574,Pole_P1_R1,0.9973586226832707,-3.092324463785415,0.6033226076837713,5.1254907812210515,TRUE
400,575,Pole_P2_R1,0.9988987445712498,-2.176315830543189,0.4157280017600575,5.234951269410225,TRUE
400,576,Pole_P3_R2,0.990124786571873,-4.881255254479597,1.000733294817021,4.877678478132488,TRUE
400,578,Pole_P5_R3,0.992089795979565,-3.4515522353006696,0.5777919707625343,5.973693664772674,TRUE
400,579,Pole_P1_R2,0.9976952041719143,-1.5283033341414718,0.48049920546627545,3.180657359585869,TRUE
400,582,Set_P1,0.9986287740035552,-1.513046166385952,0.474403081759234,3.1893683337281593,TRUE
400,583,Set_P2,0.9940841865204696,-1.3841356949017503,0.5665345474252221,2.4431620299103556,TRUE
400,584,Set_P3,0.9900446191971309,-2.2378173014307707,0.6530383292123829,3.4267778801433595,TRUE
400,586,Set_P4,0.997915782210846,-1.708965662732197,0.3841772185339425,4.44837845735303,TRUE
400,587,Tport_P5_R2,0.9984035885664584,0.37456236244153535,0.3743773233478475,-1.0004942582847516,TRUE
400,588,Tport_P1,0.9884956818626794,-0.5537844460867511,0.9451830920727979,0.5859017694363271,TRUE
400,589,Tport_P2,0.990369363017652,-0.5568932828088949,0.5988077412424446,0.9300034793361507,TRUE
400,590,Tport_P3,0.9952455994215036,0.30021978316187103,0.8695390625401115,-0.34526313548797244,TRUE
400,591,Acara_P5,0.9993398113654611,-0.7785860725222609,0.35859465732543605,2.1712149264278335,TRUE
400,593,Tport_P5_R1,0.9832245549737278,0.5529039453598779,0.4218151926542761,-1.310772952203842,TRUE
400,597,Zpent_P1,0.9661374328734186,-3.7757661468328667,0.5751122123644321,6.565268595688022,TRUE
400,602,Altern,0.999865063940133,-0.9994541796006251,0.22348439885949822,4.472142953607107,TRUE
400,604,Panicum_virgatum2,0.9996503944564504,-0.42151812612148,0.1837825676161497,2.293569687207045,TRUE
400,612,Zea_mays_L3,0.9565190505955251,0.7446408864572444,0.37131776301445807,-2.005400658487351,TRUE
400,613,Zea_mays_L4,0.9526510849420603,0.6069972866406989,0.4301873212655901,-1.4110069186951917,TRUE
400,626,Zea_mays_12,0.9684783255796017,-0.5194578952400304,0.24344688080255422,2.13376278852935,TRUE
400,627,Zea_mays_13,0.9914911903970588,-0.7428117646477655,0.2567296935870878,2.8933613181592843,TRUE
400,628,Zea_mays_14,0.9741124358774123,1.015574207718859,0.3032632569814872,-3.3488204862907445,TRUE
400,631,Zea_mays_17,0.9904956207303509,-0.47287111242549656,0.25348804110322454,1.8654572829845475,TRUE
400,637,Zea_mays_22,0.9999031070454135,-0.15942029504066382,0.20297531725862453,0.7854171492070422,TRUE
400,646,Dalby-e,0.9800708833950464,-1.3095186568630353,0.18488399808987338,7.082920481990384,TRUE
400,658,55834_2_a,0.9886915860266098,0.15747448332043834,0.1669844282934361,-0.9430489113854003,TRUE
400,660,55834_3_a,0.9744818768544418,-1.2722171839584002,0.1771650796349934,7.180970350249055,TRUE
400,661,55834_4_a,0.9941138240812308,-0.5304528590106669,0.2576175627090226,2.059071025409126,TRUE
400,670,44869_1_b,0.975464219671026,-0.4839513718044561,0.22101627072421584,2.189664001743703,TRUE
400,674,55903_1_a,0.9901040350780902,-1.0274019602914046,0.1385229448632123,7.416835971152191,TRUE
400,675,65490_1_a,0.9575474222942805,-0.9289336294627965,0.18373711828146277,5.0557755457979034,TRUE
400,676,65490_1_b,0.9946821310164762,-0.09295387865813841,0.23609201119564666,0.39371886489250424,TRUE
400,677,Birdwood,0.9996300915594124,0.06559470455799957,0.032369404282549884,-2.0264415120349066,TRUE
400,678,Brisbane_Water,0.9940772856158624,0.24391356516488238,0.06451612438956235,-3.780660532118752,TRUE
400,680,Forbes_1_a,0.9924027556999956,-0.7615618917425958,0.2553145052341929,2.9828383273564354,TRUE
400,682,Forbes_2_a,0.9938535687944267,-0.7624326347847536,0.21060240789310142,3.620246522403262,TRUE
400,685,Panawonica_1_b,0.9549796947313246,-0.250141606992858,0.2553556868907166,0.979581109152701,TRUE
400,686,Panawonica_2_a,0.9726833552790879,-0.4106980693137299,0.2376277346299027,1.7283254833589963,TRUE
400,695,Rainbow_Valley,0.9980897405517329,0.038431610529182245,0.05219868831577518,-0.7362562502852715,TRUE
400,699,Tasmania,0.9982405056359682,0.04783317307169143,0.038371107585673546,-1.2465934939431014,TRUE
400,748,81,0.9538226947256387,-2.5032475264278147,0.43443185765048487,5.762117769092712,TRUE
400,833,772,0.978668614485157,-0.35609792061166995,0.13538136875832313,2.6303318091528554,TRUE
400,855,98,0.956305560377737,1.0427628195382181,0.7694156795649069,-1.355265881932488,TRUE
400,898,137,0.9899119213354555,2.171053616966299,0.4508273906807475,-4.815709208990201,TRUE
400,938,ddim_r1,0.9872835154602784,-0.6259243419980489,1.0350753768157772,0.6047137783565022,TRUE
400,939,eesc_r5,0.9938433015760062,0.46571740048583193,0.6136540955890866,-0.758924944579339,TRUE
400,940,pvag_r1,0.9891801298064808,-0.3603789475921614,0.4692558338985053,0.7679796851925921,TRUE
400,941,pvag_r2,0.9936298118691307,-0.5614325026321942,0.4871962315516853,1.1523744772082323,TRUE
400,942,pvag_r3,0.9947163218974941,-0.07861567391159861,0.45327690034375717,0.1734385181596015,TRUE
400,943,pvag_r4,0.9838347678085648,-0.5963746720878483,0.4560146809328069,1.3077970886111083,TRUE
400,944,eind_r1,0.9978396390802624,1.8013332267699715,0.6881716840957698,-2.6175637103361087,TRUE
400,945,eind_r2,0.9921642472214354,1.6408284847685966,0.5254430682838598,-3.122752175849759,TRUE
400,946,eind_r3,0.9970290280532776,1.568101707104183,0.6245065234778726,-2.5109452794366907,TRUE
400,947,eind_r4,0.9992378371665964,1.4741081299117949,0.82748121109544015,-1.781440001471857,TRUE
400,948,eind_r5,0.992876745321208,1.7544046257861396,0.6329177823848459,-2.771931322857624,TRUE
400,949,ddim_r2,0.985527520577581,-0.7251113715369872,1.3473540524619192,0.5381743352551214,TRUE
400,950,cgay_r1,0.9824114681417124,1.742565728575866,0.7052519056585874,-2.470841573903442,TRUE
400,951,cgay_r2,0.9809204056669107,1.529461332790062,0.5129544310325417,-2.981670963854162,TRUE
400,952,cgay_r3,0.9652628575313379,1.7468534249054166,0.4765900752294339,-3.6653164127777287,TRUE
400,953,cgay_r4,0.954098170238549,1.9763193556828176,0.43099793214509297,-4.585449739507105,TRUE
400,954,cgay_r5,0.9908270665707711,1.292081791797554,0.6251199074763822,-2.06693432147075,TRUE
400,955,ecur_r1,0.9982315240136291,-0.8671271413992347,0.5424688561252665,1.5984828098573798,TRUE
400,956,ecur_r2,0.9956903890428691,-1.3625950413623404,0.54703185650083,2.490887916616741,TRUE
400,957,ecur_r3,0.9979391883360499,-1.2850246984556322,0.46776420188518875,2.7471634068548014,TRUE
400,958,ecur_r4,0.9936676821249971,-1.2926903450160472,0.5802712106707745,2.227734757893192,TRUE
400,959,pale_r1,0.9904026529822006,-0.58572866261507,0.28455349123470236,2.058413200532323,TRUE
400,960,ddim_r3,0.9896680319767469,-0.0012491216211029835,1.1734635127009216,0.0010644741890848588,TRUE
400,961,pale_r2,0.9900466935672695,-1.372509271282324,0.26401833565152943,5.198537699646215,TRUE
400,962,pale_r3,0.9935030981879456,-0.4678432889266634,0.23950062965113142,1.9534115196613357,TRUE
400,963,pale_r4,0.989560095622009,-1.663181565972317,0.3024851298952442,5.498391165702279,TRUE
400,964,pale_r5,0.9908026058525873,-0.7599853133366288,0.28888364487320384,2.6307661469385013,TRUE
400,965,pale_r6,0.9901896103597717,-0.47719181873189453,0.3282346246625989,1.4538131655745115,TRUE
400,966,pvir_r1,0.9841719652644484,-1.7578354398565903,0.6957813832037543,2.526419191848112,TRUE
400,967,pvir_r2,0.9667190904700756,-4.401312376609064,1.0130175502527912,4.344754318926408,TRUE
400,968,pvir_r3,0.9953354865806225,-1.3640097756121528,0.5977794802830622,2.2817942411911885,TRUE
400,969,pvir_r4,0.9955487736650945,-0.9439165064455718,0.5474478645332752,1.7242126010488772,TRUE
400,970,pvir_r5,0.9901066505029039,-2.276150018320644,0.7340084937329864,3.1009859392017467,TRUE
400,971,ddim_r4,0.9833178428691098,0.21072743132492364,1.2500569073874617,-0.1685742705628741,TRUE
400,972,sair_r1,0.9908791172409944,-0.4725299091573635,0.3066305021945863,1.541040130630899,TRUE
400,973,sair_r2,0.9839970874630846,-1.1786078947644105,0.9355623876788056,1.2597854619707591,TRUE
400,974,sair_r3,0.9846151372868086,-0.20184469710618885,0.6525173145505595,0.309332323610777,TRUE
400,975,sair_r4,0.9840198111207237,0.39180885268089105,0.672915388539039,-0.582255747682549,TRUE
400,976,sair_r5,0.9867397583392489,-0.6351411224865624,0.6154523423560891,1.0319907469278615,TRUE
400,977,eari_r1,0.9755235294550776,0.22468014532141942,0.6733282837125796,-0.33368588659692716,TRUE
400,978,eari_r2,0.9561640752389452,0.8800526831773209,0.6670382623962805,-1.3193436310771791,TRUE
400,979,eari_r3,0.981967002174789,0.5244733222527088,0.7185736912650605,-0.7298810527412507,TRUE
400,980,eari_r4,0.9673553903745935,0.5836313804356796,0.7414127874036561,-0.7871881768852286,TRUE
400,981,eari_r5,0.9770218529155303,0.1634204765138308,0.7457187306112751,-0.21914492663993157,TRUE
400,982,ddim_r5,0.9855303648423639,-0.4210674518410691,1.1870674110334405,0.35471233388042805,TRUE
400,983,eser_r1,0.9836258639224312,-0.04334193968150835,0.5482469517372583,0.07905550508610858,TRUE
400,984,eser_r2,0.9956411818329001,-0.12764382492293738,0.7654445596684082,0.16675776620351562,TRUE
400,985,eser_r3,0.9866636096268395,-0.38047728270167824,0.6188910863017777,0.6147726007418268,TRUE
400,986,eser_r4,0.9899478696510957,-0.16335787519599018,0.5013858153551702,0.32581271785734744,TRUE
400,987,eser_r5,0.990477939435089,-0.4534295396076935,0.6948330540006411,0.6525733584448548,TRUE
400,988,iafr_r1,0.9829291221882284,-1.464082513348622,0.7915450392030651,1.849651555927473,TRUE
400,989,iafr_r2,0.9937944916458099,-1.360727451227334,0.7235818336179466,1.8805439661518675,TRUE
400,990,iafr_r3,0.9905429331923351,-1.1441940220484386,0.7034415239202595,1.62656593780799,TRUE
400,991,iafr_r4,0.9848608677998686,-1.102725423480364,0.6282248948927677,1.7553036061529994,TRUE
400,992,iafr_r5,0.9790473452464181,-1.7127392958297663,1.2287249306648937,1.3939159636835563,TRUE
400,993,eesc_r1,0.9930801573603006,0.7774467084112803,0.6067270831477279,-1.281377953952296,TRUE
400,994,pmil-r1,0.9966618682667511,-1.2732018213428644,0.8625662268867855,1.476062685572752,TRUE
400,995,pmil-r2,0.9887350149805276,-0.7882903269791951,0.8059044285300545,0.9781436843783239,TRUE
400,996,pmil_r3,0.9953578111140089,0.141987285025206,0.6343536967869646,-0.22382983774569168,TRUE
400,997,pmil_r4,0.9805606838928335,-0.4994581917781863,0.7480636777175944,0.6676680163138993,TRUE
400,998,pmax_r1,0.9935193713362136,-0.4524103498110012,0.6402902683212196,0.7065707104953793,TRUE
400,999,pmax_r2,0.9961791646870927,-0.050578627484809256,0.6159575579941913,0.08211381909090275,TRUE
400,1000,pmax_r3,0.998226600429545,-0.13203307587725943,0.5024907988522631,0.26275720108474737,TRUE
400,1001,pmax_r4,0.9888563664870752,-0.48570522480455475,0.6516124367099148,0.7453897400377294,TRUE
400,1002,ecol_r1,0.9944747110525811,0.13169244632603722,0.5564633986277564,-0.23665967366549523,TRUE
400,1003,ecol_r2,0.9869479232140792,0.18667867965338575,0.6681129547920827,-0.2794118544093795,TRUE
400,1004,eesc_r2,0.9928502939012468,0.23517845785835734,0.6501972714322011,-0.3617032371426684,TRUE
400,1005,ecol_r3,0.9949266818555043,0.3487652576867851,0.5218417561151557,-0.6683352828703545,TRUE
400,1006,ecol_r4,0.9909854111087627,0.10070392330640877,0.6369439186232669,-0.15810485093268015,TRUE
400,1008,dsan_r3,0.9975863506633036,-0.4416284626461511,0.520169951407375,0.8490080241107323,TRUE
400,1009,dsan_r2,0.9984112045446704,-0.14499276811111492,0.42480087318755977,0.34131937400019685,TRUE
400,1010,dsan_r4,0.957050910200537,-1.260525347889967,0.6674192775989919,1.8886558872327528,TRUE
400,1011,hcon_r1,0.968295055912827,-0.6053970069651579,0.3805329952174281,1.5909185657323812,TRUE
400,1012,hcon_r2,0.9739763107703854,-0.28372115442246915,0.3138272046416205,0.9040680674783074,TRUE
400,1013,hcon_r3,0.997517647046714,-0.03167710625604265,0.36649046435093147,0.08643364381156275,TRUE
400,1014,hcon_r4,0.9983078369237127,0.16076222322211545,0.38622167559757653,-0.4162433995279477,TRUE
400,1015,eesc_r3,0.9937149975128041,0.8739171179936848,0.6738049212941836,-1.2969883275936065,TRUE
400,1016,pdil_r1,0.9920017209663566,0.36706178859007366,0.2930671395033676,-1.2524836090873157,TRUE
400,1017,pdil_r3,0.9990435617963744,0.10326972916416571,0.3612955442147569,-0.28583172645711175,TRUE
400,1018,pdil_r4,0.9990105501724726,0.3756351483760718,0.29358348870133716,-1.2794832231120665,TRUE
400,1019,pdil_r5,0.999390338767361,0.3722918333511073,0.26286888862799246,-1.4162643411102496,TRUE
400,1020,udic_r1,0.9928188467653141,-0.07529597187950791,0.8520751829087037,0.08836775602649558,TRUE
400,1021,udic_r2,0.9986016080361798,-0.5843391979432022,0.7602340278948247,0.7686306801621396,TRUE
400,1022,udic_r3,0.9899692517444242,-0.23102177386549583,0.6812922740141337,0.33909348847349935,TRUE
400,1023,udic_r4,0.9991226729715956,-0.217186417236259,0.9227412779774155,0.2353708698415622,TRUE
400,1024,pmut_r1,0.9982839517433315,0.5180880924269153,0.3973589206319663,-1.303829020883536,TRUE
400,1025,pmut_r2,0.9985698392690823,0.5164087563612385,0.3977099834350283,-1.2984556030024863,TRUE
400,1026,eesc_r4,0.991660472805156,0.5036806205138901,0.5428270362829402,-0.927884181972385,TRUE
400,1027,pmut_r3,0.9995950439289899,0.47846277128195425,0.3287446066381383,-1.455423941931362,TRUE
400,1028,pmut_r4,0.99729033502396,0.5542274351796467,0.3556001815884292,-1.5585690443237967,TRUE
400,1034,LW04,0.9841392564638195,-0.44625660801372596,0.6332063966698673,0.704756948698971,TRUE
400,1038,UW03,0.9871293108527295,2.8791629979933426,0.6351394627525352,-4.5331193648648,TRUE
400,1048,S1_25C,0.9969953733932589,-0.57694457029008706,0.3590213671946298,1.606992293518058,TRUE
400,1049,S3_25C,0.9993244762274627,-0.9668396811587906,0.4088073694124711,2.365025079044713,TRUE
400,1050,S2_25C,0.9975631220534319,-1.608722029709357,0.4256919772783973,3.779075283481964,TRUE
400,1052,S4_25C,0.9988554770091973,-0.5742932919899487,0.40237618540067244,1.4272546756664715,TRUE
400,1053,S5_25C,0.9993296204997723,-0.7613259153831027,0.4113445342842571,1.8508229766752975,TRUE
400,1059,Scane2,0.9798109932220515,0.1915185583649469,0.3089953818994913,-0.6198104230154587,TRUE
400,1060,Scane4,0.97762244010265,0.74541991822778,0.4008742968367747,-1.8594854399739553,TRUE
400,1106,711,0.9952566513099731,-0.4636635352905441,0.29980802403125006,1.5465347760079122,TRUE
400,1108,713,0.9731988349676719,1.09318819103926,0.7075541796603225,-1.5450240030580695,TRUE
400,1109,714,0.9551186085315104,-0.21927687281776523,0.8254742346723218,0.2656374525181986,TRUE
400,1111,716,0.9822270867693338,-0.1223188129039778,0.5093675843267956,0.24013858884569605,TRUE
400,1114,718,0.9530813067079457,0.05972768115876232,0.49935895802399094,-0.11960871072606812,TRUE
400,1163,7,0.9985178551932371,1.5772452440470157,0.617739336227376,-2.55325369706822,TRUE
400,1173,346,0.996886151459544,-0.6254758850863982,0.3972447409227359,1.5745353447185177,TRUE
400,1175,347,0.9845855191765112,0.0742297232965203,0.32228286619440616,-0.23032475841189695,TRUE
400,1176,348,0.9673854176043055,0.08887135672661624,0.2189199134808692,-0.40595373583674677,TRUE
400,1185,9,0.9790137088678676,-1.640552237246825,0.22105776294707402,7.421373560355845,TRUE
400,1241,SD_d00_10,0.9969239106084951,-0.8569122929336753,0.4401848781327752,1.9467099746102603,TRUE
400,1242,SD_d00_11,0.9968389046545668,-1.4014197267135695,0.5376981392146128,2.606331739887642,TRUE
400,1243,SD_d00_12,0.9974333304686817,-0.4127595602983194,0.5205650589463716,0.7929067716026666,TRUE
400,1244,SD_d00_13,0.9972440166303567,-1.1507352738532803,0.9064719911686551,1.2694658909093404,TRUE
400,1246,SD_d00_15,0.9678555743119683,0.5347823020562247,0.5252535387123524,-1.0181412644400871,TRUE
400,1247,SD_d00_16,0.9882261261650584,-0.9143952010013254,0.6555540644909649,1.3948433096991775,TRUE
400,1249,SD_d00_18,0.9763818681796977,-0.5525243840496544,0.7063865874062427,0.7821841381196807,TRUE
400,1251,SD_d00_2,0.9950954400127036,-0.4490756842951144,0.6296996489484407,0.7131585431960188,TRUE
400,1252,SD_d00_20,0.9846628203792402,0.41163265072222577,0.5505871704231403,-0.7476248500412306,TRUE
400,1254,SD_d00_22,0.9933335073962062,-0.8812697271007148,0.6101843086236193,1.4442680918632234,TRUE
400,1255,SD_d00_23,0.9941563755944668,1.0270465476451436,0.3619179081546112,-2.8377886932480543,TRUE
400,1260,DV_d13_4,0.962474334710625,0.8967403621455861,0.8514280726526923,-1.0532191631310908,TRUE
400,1263,DV_d13_6,0.9954031364788172,-0.7361230153445535,0.8152649480941616,0.9029248921658933,TRUE
400,1265,DV_d13_8,0.9535586953897769,-6.0604638498408345,1.9218312017483434,3.1534839502696497,TRUE
400,1267,DV_d13_10,0.9644382574266896,-0.46075641192683986,0.5004159210003903,0.9207469079035966,TRUE
400,1270,DV_d13_13,0.9513762550600584,-1.0120844859554337,0.43207258432947115,2.3423945944778626,TRUE
400,1273,SD_d00_4,0.9938507336887917,-0.2266330342611122,0.6048753161977991,0.37467727346804375,TRUE
400,1275,DV_d13_17,0.9999523406823564,-0.6272246587068645,0.48144239331642447,1.3028031336962587,TRUE
400,1276,DV_d13_18,0.9789438325389769,-2.8051103460595117,0.541992027307142,5.175556474504893,TRUE
400,1277,DV_d13_19,0.9773051505045109,-2.1960062419006534,0.7559640797963182,2.904908183590324,TRUE
400,1280,DV_d13_22,0.9784776016105633,1.1841156501048398,0.6932233391418033,-1.7081300978278535,TRUE
400,1281,DV_d13_23,0.9696164887292047,-0.006274350919482644,0.16297433958721055,0.038499011165651166,TRUE
400,1283,SD_d00_5,0.9822008016223096,-1.3088295573328956,0.5687115197195726,2.3013944890342115,TRUE
400,1284,SD_d00_6,0.9726930782580124,0.06818681181318502,0.4779203081615533,-0.1426740204355065,TRUE
400,1286,SD_d00_8,0.9926271706384903,-0.7300588948983903,0.9150412125780414,0.7978426379742164,TRUE
400,1287,SD_d00_9,0.9922505049971019,-1.6742874768618945,0.5926237020686582,2.825211801380027,TRUE
400,1288,Fermi_Ager_1,0.9991693907904624,0.17290093574547652,0.16759076731129133,-1.0316853280128602,TRUE
400,1289,Fermi_Zmay_5,0.9979437912416299,1.0805744187702586,0.40807716146252304,-2.6479659260948285,TRUE
400,1290,Fermi_Zmay_6,0.9979984582576674,-1.0650942171994393,0.35858965285528693,2.9702313179384197,TRUE
400,1291,Fermi_Zmay_7,0.9991265678482212,1.132121160507609,0.379576814473101,-2.98258775915787,TRUE
400,1292,Fermi_Zmay_8,0.9945953347625998,-0.9130753921489313,0.5456526190077449,1.6733638955299714,TRUE
400,1293,KBS_Ager_1,0.9976846767754011,0.06003338683415574,0.15554711468533058,-0.3859498580581347,TRUE
400,1294,KBS_Pvir_1,0.9995637147692685,-0.35711325826867635,0.19442235132051613,1.8367911705787117,TRUE
400,1295,KBS_Pvir_2,0.999793102347554,-1.2286426377520079,0.19169298125119313,6.409429441456718,TRUE
400,1298,KBS_Pvir_7,0.9995501673950481,-0.0516879981193128,0.18588432043066067,0.2780654011030138,TRUE
400,1299,Fermi_Ager_2,0.9907776581618083,-0.5249529238526578,0.2055693608871807,2.553653528848393,TRUE
400,1300,KBS_Pvir_8,0.9999484370551247,-1.260647720121779,0.22959135734537262,5.49083264587088,TRUE
400,1302,KBS_Zmay_2,0.9882828497802358,0.47109501388562536,0.4647550642671951,-1.0136414858188298,TRUE
400,1304,KBS_Zmay_4,0.9921387750705997,0.10751257608040693,0.5182241538840267,-0.20746346011588485,TRUE
400,1305,KBS_Zmay_5,0.9920544554359988,2.5699532182400393,0.5280817390824836,-4.866582250515249,TRUE
400,1306,KBS_Zmay_6,0.9995380318289763,-1.0729938820597045,0.4484484223644705,2.3926806931380904,TRUE
400,1308,KBS_Zmay_8,0.9942263004999012,-0.5081322405872838,0.5871340505335637,0.865445020818523,TRUE
400,1309,KBS_Zmay_9,0.9911599378889095,2.2718166487940605,0.46467425290548375,-4.889052136177115,TRUE
400,1310,Fermi_Ager_3,0.9973247032384781,0.8807910864534785,0.26640234767645754,-3.306243710446534,TRUE
400,1311,KBS_Zmay_10,0.97888077119684,0.7530352094658291,0.6350419368911155,-1.1858039063567305,TRUE
400,1313,KBS_Zmay_12,0.9944513588812817,-0.8443661626668131,0.5830598316993122,1.4481638363012088,TRUE
400,1315,SEPAC_Pvir_1,0.9970634812309165,-0.14438584742537047,0.17388097245499357,0.8303717502082785,TRUE
400,1318,SEPAC_Zmay_2,0.9855579590759423,0.3467350722361875,0.3933514665513826,-0.8814892067801514,TRUE
400,1319,SEPAC_Zmay_3,0.9887094184964453,1.6810500819485978,0.4029860859283147,-4.1714841793511255,TRUE
400,1320,SEPAC_Zmay_4,0.9908182386985328,0.0168418049511839,0.4042955162512447,-0.041657164806937305,TRUE
400,1321,Fermi_Ager_4,0.9972917424187717,-0.9128026448684511,0.255419169413274,3.57374368950169,TRUE
400,1322,SEPAC_Zmay_5,0.9958009186766914,1.6257810795231182,0.375588836259524,-4.328619284093252,TRUE
400,1323,SEPAC_Zmay_6,0.9856751490393715,-0.3570972285627799,0.4234499845277697,0.8433043844859596,TRUE
400,1324,SEPAC_Zmay_7,0.995816182676704,0.5852961894889612,0.316507424273924,-1.8492336817426809,TRUE
400,1325,SEPAC_Zmay_8,0.9978597950409164,-0.7926686721084057,0.40019077247521867,1.9807270097850413,TRUE
400,1326,Fermi_Pvir_1,0.9999615688115978,-0.029892823143939692,0.18996464627089735,0.15735992844327099,TRUE
400,1327,Fermi_Zmay_1,0.9997252847696274,1.231856226909998,0.4195612861649408,-2.9360578955459733,TRUE
400,1328,Fermi_Zmay_2,0.9941137030056458,-0.5999821116793247,0.3572883799150001,1.6792656727936746,TRUE
400,1329,Fermi_Zmay_3,0.998749554525615,0.9443525143373456,0.402925556436593,-2.343739430898956,TRUE
400,1330,Fermi_Zmay_4,0.9998316171756652,-1.267652621056739,0.41255545576608177,3.072684176974006,TRUE
400,1334,sors4_2000,0.9867573053458786,-0.9881512600981325,0.24356652897557246,4.057007603853628,TRUE
400,1354,fuscac1_2000,0.9985859985191062,0.2680583677062743,0.665314934479024,-0.40290447999063456,TRUE
400,1365,fuscac3_2000,0.969840000089482,-2.0332949006869057,0.7520779725283699,2.7035692773334157,TRUE
400,1376,fuscac4_2000,0.9555802221191538,3.281023046483667,0.6640558517123001,-4.940884171148241,TRUE
400,1431,gayac5_2000,0.9987140629472517,1.8915637266452303,0.506343498031581,-3.735732233155391,TRUE
400,1443,maxc1_2000,0.99929157147662,0.020101966452404252,0.48935081214052245,-0.041078845592334996,TRUE
400,1446,col1.5,0.9999766518499313,-1.3758369585945265,0.3868692038168775,3.5563362113614287,TRUE
400,1447,col1.3,0.9956245083997459,0.19665678590227625,0.4225689151917779,-0.46538393817497414,TRUE
400,1449,col1.4,0.9859403022939461,0.8077624028475833,0.4683070252460355,-1.7248564708658969,TRUE
400,1454,maxc2_2000,0.9989148700624498,0.39974885777798846,0.48251152431658273,-0.828475254231871,TRUE
400,1465,maxc3_2000,0.99617525760704,-0.9003583197437084,0.5240332987500307,1.7181318856861205,TRUE
400,1477,cg1.1,0.9998750796204732,0.3184678016996453,0.4098133233783374,-0.777104558422659,TRUE
400,1488,maysc6b_2000,0.9984668406138643,0.9011604365798888,0.5288927767392495,-1.7038622499928218,TRUE
400,1489,maysc7_2000,0.9994092302632108,-0.4592346148990924,0.5048327539427181,0.9096767420744661,TRUE
400,1491,sorc1b_2000,0.9798256340683553,1.1675961559511259,0.4573561249663516,-2.5529255917082727,TRUE
400,1493,antic3_2000,0.9984934866825734,1.409297635776121,0.39838674869517193,-3.5375113263479903,TRUE
400,1495,sorc3_2000,0.9815329342512616,1.576172014883478,0.6912179466290904,-2.280282250439392,TRUE
400,1496,sorc3b_2000,0.9959520987193322,1.3821990879673218,0.42211011661013387,-3.2744988418364254,TRUE
400,1515,cilc1_2000,0.9967023945964072,2.4786968589312695,0.6000306041637775,-4.130950724397906,TRUE
400,1533,antis5_2000,0.9857405634979908,0.5380419986357349,0.1914268461578139,-2.810692488723178,TRUE
400,1537,cilc3_2000,0.9856837198114085,1.832337688346636,0.9804454372421474,-1.8688828758291125,TRUE
400,1542,cols2_2000,0.9904476115667289,-0.09967893687872743,0.27334984599864637,0.36465700763270614,TRUE
400,1543,cols3_2000,0.9990683400502496,-0.3228877269674779,0.26564275561442463,1.215496075624751,TRUE
400,1544,cols3b_2000,0.9915636322675977,1.1409715699113736,0.2508613561221297,-4.548215745736069,TRUE
400,1545,cols4_2000,0.9976229035318996,-1.694144532815466,0.3014496626866596,5.619991469608763,TRUE
400,1558,gayas3_2000,0.9859777186255888,-1.2270120859260822,0.28422665534221697,4.317019754705008,TRUE
400,1559,colc2_2000,0.9970952008769153,1.9714042199972597,0.5427093116808931,-3.632523300349088,TRUE
400,1560,maxs1_2000,0.9695064163991867,0.5832365897335312,0.22464687722798904,-2.5962372454508573,TRUE
400,1562,maxs2_2000,0.9999521750501796,0.679557587657725,0.21958318104634206,-3.0947615587839916,TRUE
400,1564,maxs3_2000,0.9954939973556028,0.598523460187066,0.2690345568865555,-2.2247084802546278,TRUE
400,1565,maxs3b_2000,0.9999642009686636,0.7163337610486499,0.23023105725397605,-3.1113689421077395,TRUE
400,1566,mayss1_2000,0.9782713155031139,0.623817504397715,0.46827640214869704,-1.3321566099323263,TRUE
400,1568,mayss4_2000,0.9982255922529469,2.103069696408833,0.4228739001147165,-4.973278549085947,TRUE
400,1639,Aci-AZ-Sb-r1,0.9754470533968224,1.2241703193699232,0.37858571176867883,-3.2335354486856818,TRUE
400,1641,Aci-WT-Sb-r7,0.9742055267959119,1.5558649490285743,0.3959464226519016,-3.9294835362016167,TRUE
400,1642,Aci-WT-Sb-r8,0.9986968901425637,-1.4182065826233936,0.5453206379634266,2.6006838617366057,TRUE
400,1643,Aci-WT-Sv-r1,0.9630566999942887,-0.2098691891658867,0.363522957325152,0.5773203175670962,TRUE
400,1645,Aci-WT-Sv-r3,0.9806280990339857,-0.08255250804523648,0.3101286790175837,0.2661879201457403,TRUE
400,1646,Aci-WT-Sv-r4,0.9757278854006801,-0.40989811301710977,0.4192080269750988,0.9777916610395868,TRUE
400,1649,Aci-Line225-3-Sv-r2,0.9645978727538141,-0.298278878508495,0.38046085152157966,0.7839936154155842,TRUE
400,1652,Aci-WT-Sv-r10,0.9625581437538872,-1.3807863244199028,0.23610811436716636,5.848110422298631,TRUE
400,1655,Aci-WT-Sv-r8,0.9981791606806022,-2.2134537722377927,0.3732458007156055,5.930284461322937,TRUE
400,1656,Aci-WT-Sv-r9,0.9995431914693695,-2.0424191372616542,0.49480169955038855,4.127752873762437,TRUE
400,1657,Aci-WT-Sv-r11,0.9791435283900353,-1.2888395801252888,0.5049551049416935,2.5523844942098552,TRUE
400,1658,Aci-WT-Sv-r12,0.9980358702291402,-0.776815217928596,0.4919730236213344,1.578979294861706,TRUE
400,1659,Aci-WT-Sv-r13,0.9660874644930163,0.7730855325842682,0.41805796205780615,-1.8492304961228587,TRUE
400,1662,Aci-Line25-Sb-r8,0.9589542150452274,0.06272454180668226,0.3851875985850784,-0.16284154016663638,TRUE
400,1663,Aci-WT-Sv-r16,0.9638665089499339,-0.8833981906875321,0.5068912651696126,1.742776511234486,TRUE
400,1664,Aci-WT-Sv-r17,0.9832538228321782,-0.3251271063389264,0.2955046498468545,1.1002436222490026,TRUE
400,1665,Aci-WT-Sv-r18,0.9709879246863068,-0.502931146485855,0.3911022533112379,1.2859326230616832,TRUE
400,1666,Aci-WT-Sv-r19,0.9796750984884094,-0.4186760990876958,0.295933755146246,1.4147629048967139,TRUE
400,1667,Aci-WT-Sv-r20,0.9811298076511558,-0.6163283058914598,0.433659708934585,1.4212256596437214,TRUE
400,1668,Aci-Line25-Sb-r9,0.9799625683965085,-1.5863253641621702,0.5127346197112789,3.093852654333017,TRUE
400,1669,Aci-Line26-8-Sb-r1,0.9877839212328451,0.10369688500295292,0.46657266890795,-0.22225237763211383,TRUE
400,1672,Aci-Line225-5-Sv-r2,0.979783265509909,-0.8564426456597098,0.27321093214136183,3.134730513699132,TRUE
400,1675,Aci-Line26-8-Sb-r3,0.9935038443920476,0.3511830242343777,0.5612950988941732,-0.6256655811288135,TRUE
400,1677,Aci-Line26-8-Sb-r5,0.9766559006244604,0.7037066959784662,0.3552796063247604,-1.980712327560984,TRUE
400,1678,Aci-Line26-8-Sb-r6,0.9996524229213855,-0.4683077757092256,0.4050988059219897,1.1560334635975404,TRUE
400,1680,Aci-AZ-Sb-r2,0.9834573128081933,1.0763044709271372,0.3949342432218998,-2.7252751297192512,TRUE
400,1681,Aci-Line26-8-Sb-r7,0.9982669322337063,-1.387955551258189,0.30444803865110814,4.558924266379527,TRUE
400,1682,Aci-Line225-7-Sv-r2,0.9755856850133054,-0.13860443719583138,0.3448111984100654,0.4019719714294098,TRUE
400,1685,Aci-Line26-8-Sb-r8,0.9998964120445297,-1.8231765404058975,0.3717437559197211,4.904390487730523,TRUE
400,1686,Aci-Line26-Sb-r1,0.9704565647906687,1.427345272115086,0.4122156133536114,-3.462618168445417,TRUE
400,1687,Aci-Line26-Sb-r2,0.9765024673981597,1.2546561046820182,0.3312274647459427,-3.7878987651110436,TRUE
400,1688,Aci-Line26-Sb-r3,0.970938213252314,1.3293179027532833,0.4084611994891514,-3.254453310169525,TRUE
400,1693,Aci-Line25-11-Sb-r4,0.9870925569492963,0.1325259540299839,0.5727909444646,-0.23136880097477583,TRUE
400,1694,Aci-Line26-Sb-r5,0.9564544845495158,1.8294808584842985,0.39456597304205804,-4.636691918411547,TRUE
400,1695,Aci-Line26-Sb-r6,0.9832302087498002,1.0466444492034839,0.3910664376095406,-2.676385259756051,TRUE
400,1696,Aci-Line26-Sb-r7,0.9817902574468067,0.08730304644346026,0.5435031494334928,-0.16063024940050202,TRUE
400,1697,Aci-Line25-11-Sb-r5,0.9704624584507032,0.4987752240001161,0.34004429789808566,-1.4667948472689976,TRUE
400,1698,Aci-Line25-11-Sb-r6,0.9863669384714194,0.22486451708173502,0.37959447494054355,-0.5923809010048312,TRUE
400,1699,Aci-Line25-11-Sb-r7,0.999030595620175,-0.7646754061386395,0.44626000398914684,1.7135199195606976,TRUE
400,1700,Aci-Line25-11-Sb-r8,0.9966858097406709,-0.20796632752207575,0.5307390653612541,0.3918428868252253,TRUE
400,1701,Aci-Line25-11-Sb-r9,0.9983889865288585,-0.3340165727868279,0.40195530379568745,0.8309793890830395,TRUE
400,1702,Aci-Line25-6-Sb-r1,0.9975274917847232,-1.0538188893809564,0.40187045911067243,2.6222850311342287,TRUE
400,1703,Aci-Line25-6-Sb-r2,0.9969241899873781,-0.9171769044523937,0.341736729977866,2.683869844812404,TRUE
400,1704,Aci-Line25-6-Sb-r3,0.9984959066695975,-1.49556290454348,0.4103008936933659,3.645039354121352,TRUE
400,1705,Aci-Line25-6-Sb-r4,0.9992854154653641,-0.6783491005711596,0.42722222419737027,1.5878132319674747,TRUE
400,1706,Aci-Line25-6-Sb-r5,0.9996450448537897,-0.669949862051683,0.3176275110701656,2.1092312180215633,TRUE
400,1708,Aci-Line25-Sb-r1,0.9848525216683675,1.3861484369374875,0.41645612317425057,-3.3284381230180764,TRUE
400,1710,Aci-Line25-Sb-r3,0.9567160035775483,1.3273331696768744,0.33677701163539336,-3.941281987245293,TRUE
400,1712,Aci-Line25-Sb-r5,0.9664464964676666,1.5963896630401437,0.42726951232049576,-3.736259239209861,TRUE
400,1713,Aci-Line25-Sb-r6,0.9816094876460135,0.2874409301519917,0.17826962789440298,-1.6123942903064548,TRUE
400,1714,Aci-Line25-Sb-r7,0.9991228432036239,-0.34508824962697904,0.2182375109170151,1.5812508499430191,TRUE
400,1715,Aci-AZ-Sb-r3,0.9618187237441292,1.6659681936059867,0.45301994936130346,-3.677472031761019,TRUE
400,1716,Aci-Line26-Sb-r9,0.9632732641196455,-0.5464710625455361,0.43740159223972047,1.2493577349531904,TRUE
400,1717,Aci-Line26-Sb-r10,0.9853652463188921,0.2345558898923771,0.47175860086185195,-0.497194729388863,TRUE
400,1718,Aci-Line26-Sb-r11,0.9634296955976175,-2.8946265123348724,0.45986994806601816,6.294445906953078,TRUE
400,1719,Aci-Line26-Sb-r12,0.9721265411057823,-0.10728001802947384,0.49462339550280154,0.21689232455415913,TRUE
400,1723,Aci-Line289-2-Sv-r4,0.955613837643538,-0.1962348212780866,0.1351186252362338,1.4523151115177548,TRUE
400,1725,Aci-Line289-6-Sv-r2,0.953260861104018,-0.151074049266435,0.27781224538573407,0.5437991009239825,TRUE
400,1726,Aci-AZ-Sb-r4,0.9511748232346208,1.4692196954750145,0.34091596872176366,-4.309624160416225,TRUE
400,1727,Aci-Line289-6-Sv-r3,0.9624928090634479,-0.20954019490609122,0.18193484160422488,1.151732087479528,TRUE
400,1729,Aci-Line32-Sb-r1,0.9722451635128923,-0.655851201223387,0.3341668920571633,1.9626456624290467,TRUE
400,1730,Aci-Line32-Sb-r2,0.9726874728143787,-1.3067906142214742,0.5075232025306124,2.5748391555411736,TRUE
400,1731,Aci-Line32-Sb-r3,0.9875298688707013,-1.0152923376549863,0.4761432716885717,2.132325285316754,TRUE
400,1732,Aci-Line32-Sb-r4,0.9967686595466275,-0.5854763422532706,0.36328523798430123,1.6116161105301257,TRUE
400,1733,Aci-Line32-Sb-r5,0.9808554523008564,-2.8090379701157198,0.5003377623663618,5.61428335296999,TRUE
400,1734,Aci-Line32-Sb-r6,0.9946999142423965,-1.8998729376309265,0.45501359625291526,4.175420148489143,TRUE
400,1735,Aci-Line38-Sb-r1,0.9524592794204739,1.5535177597543743,0.35460575154503265,-4.38097169317088,TRUE
400,1736,Aci-Line38-Sb-r2,0.9848905635719957,0.11266715629463765,0.3806983457035453,-0.29594863641034314,TRUE
400,1737,Aci-AZ-Sb-r5,0.9889997073702161,0.1612799413151309,0.22455778719155764,-0.7182113046810176,TRUE
400,1738,Aci-Line38-Sb-r3,0.9666403605678912,1.2457059921789089,0.4716984143673439,-2.640895017316705,TRUE
400,1739,Aci-Line38-Sb-r4,0.9994602035812084,-0.5717819559983776,0.5077035183925112,1.1262123173949066,TRUE
400,1740,Aci-Line39-Sb-r1,0.9972122975441603,-0.6128521759127977,0.3440569940714623,1.781251904402517,TRUE
400,1741,Aci-Line39-Sb-r2,0.9612114283454893,1.0901034109254633,0.30870697925868856,-3.5311913373101436,TRUE
400,1743,Aci-Line39-Sb-r4,0.9997323454565684,-0.47975516779915695,0.489477189621889,0.9801379471222302,TRUE
400,1744,Aci-Line225-2-Sv-r1,0.9767323808784204,-0.18361524175857127,0.338256158742212,0.5428289685584293,TRUE
400,1748,Aci-AZ-Sb-r6,0.9861211580220497,1.1077198448210028,0.31990570281692454,-3.4626448827482394,TRUE
400,1754,Aci-ndhO-2-Sv-r2,0.9948577687175773,-0.9163099290664243,0.17232073666296396,5.317467571291797,TRUE
400,1756,Aci-ndhO-2-Sv-r4,0.9722639448960904,-1.4650368332787935,0.6194918703914333,2.3649008216251373,TRUE
400,1757,Aci-ndhO-2-Sv-r5,0.9941056983377144,-0.8614425618363455,0.406569471506437,2.118807786144137,TRUE
400,1758,Aci-ndhO-2-Sv-r6,0.985893461952507,-0.8361690830461499,0.4357568532508232,1.918889116277072,TRUE
400,1767,Aci-pgr5-1-Sv-r11,0.9900440562954853,-1.0629641199894226,0.4875321949363427,2.1802952318425133,TRUE
400,1770,Aci-Line25-Sb-r11,0.9665193136155175,0.11215397300820466,0.4531220546356687,-0.24751382516214468,TRUE
400,1772,Aci-pgr5-1-Sv-r8,0.9654828456475203,0.17025933589991785,0.5182562313261088,-0.32852347084039873,TRUE
400,1773,Aci-pgr5-1-Sv-r9,0.9585769871631645,-1.1671484033425241,0.38120202494021516,3.0617581413046557,TRUE
400,1775,Aci-pgr5-3-Sv-r2,0.9902906129690731,-3.8551077171057777,0.5497083880849032,7.0130050780857855,TRUE
400,1776,Aci-pgr5-3-Sv-r3,0.9923907086790407,-2.0263959053166576,0.47375678241196156,4.277291598866395,TRUE
400,1777,Aci-pgr5-3-Sv-r4,0.9976527167192781,-2.0080906656882562,0.35313958099345366,5.686393635171361,TRUE
400,1778,Aci-pgr5-3-Sv-r5,0.9999678334226643,-1.9339473834172873,0.3837425736271107,5.039699830898976,TRUE
400,1779,Aci-pgr5-3-Sv-r10,0.9591161992409537,-1.949198292878317,0.5799476183801738,3.360990253434503,TRUE
400,1782,Aci-pgr5-3-Sv-r6,0.9656640571711016,-1.278203362592707,0.5212905263322284,2.4519980663874246,TRUE
400,1785,Aci-pgr5-3-Sv-r9,0.967828870428995,-0.3282417729805431,0.4324269521149751,0.759068719873106,TRUE
400,1786,Aci-WT-Sb-r1,0.9648286157299012,1.2464922258183857,0.4490130718569289,-2.7760711300974354,TRUE
400,1790,Aci-WT-Sb-r5,0.9701421475881724,0.9593955437487064,0.3738856567111988,-2.5660132356716057,TRUE
400,1791,Aci-WT-Sb-r6,0.9605256918071207,1.526038071907674,0.38165823526997095,-3.9984413563831813,TRUE
542,1203,379,0.9995477926626909,-2.6725215715439132,0.7701002242347442,3.470355529632033,FALSE
550,295,2014_02_180,0.9652969288017568,-1.2697829915324397,0.20393490883291882,6.226413117789246,FALSE
550,297,2014_02_187,0.9683082070612776,-0.8031533959072013,0.3111983242165958,2.580841005262618,FALSE
550,348,2016_02_644,0.9976005725664734,-1.5575662440208704,0.2186132661082007,7.124756295667651,FALSE
550,402,2015_02_283,0.9905674796554342,-1.8259329954566537,0.259910905696862,7.025226550463669,FALSE
550,426,2016_02_647,0.9991638792171702,-0.7945861091282297,0.23960145835221827,3.316282440819598,FALSE
550,427,2016_02_648,0.9999995135229732,-1.1356739311239197,0.2129593617454384,5.332819941869712,FALSE
550,510,2013_02_73,0.9999072123135199,0.7012187159956501,0.16825897714907503,-4.167496604798568,FALSE
750,1130,829,0.9999802650879049,-0.052152302043626475,-0.16634945918625202,-0.3135104995155681,FALSE
750,1131,830,0.99653123052362,0.026336478134677266,-0.1872839117923435,0.1406232808928009,FALSE
750,1132,831,0.9986782216345961,0.01890486004898121,-0.15689706836145575,0.12049211783504228,FALSE
750,1137,835,0.9808180859286688,0.10358190020480862,-0.1597297877034486,0.6484820501803764,FALSE
750,1138,836,0.9913038431066877,0.09959464092467345,-0.14737619939990984,0.6757851086553015,FALSE
750,1139,837,0.9759333307927447,0.14481897967438132,-0.15300086585478836,0.9465239223667374,FALSE
750,1142,840,0.9998871100922947,0.21372585641721217,-0.17340318762693877,1.2325370677557783,FALSE
750,1143,841,0.9907254882657359,0.186901401315136,-0.1295488952315739,1.4427093413729402,FALSE
750,1144,842,0.9948689902116686,0.23013935202187255,-0.12213098979580309,1.8843649134970089,FALSE
750,1148,845,0.9968345131688442,-0.02328451670657106,-0.15848462800945304,-0.14691971706670645,FALSE
750,1149,846,0.9998487653901746,0.003837039336418751,-0.11050281565857135,0.03472345309529788,FALSE
180,NA,NA,NA,NA,NA,7,FALSE
180,NA,NA,NA,NA,NA,6.1,FALSE
180,NA,NA,NA,NA,NA,5.6,FALSE
400,NA,NA,NA,NA,NA,4.4,TRUE
400,NA,NA,NA,NA,NA,4.3,TRUE
400,NA,NA,NA,NA,NA,4.9,TRUE
400,NA,NA,NA,NA,NA,5,TRUE
400,NA,NA,NA,NA,NA,4.9,TRUE
