Species,Enzyme,p_mgchl,t_mgchl,p_molchl,t_molchl,ChlLetter,MolLetter,SameLetter,dp
F. angustifolia,Ala-AT,0.1,1.583363926788372,0.1,1.583596420032677,,,TRUE,0
F. angustifolia,Asp-AT,0.055,1.9358800502311666,0.055,1.935957459104954,^,^,TRUE,0
F. angustifolia,NAD-ME,0.328,0.4791407516866588,0.328,0.4793372385423999,,,TRUE,0
F. angustifolia,NADP-ME,0.494,0.016865602877461305,0.494,0.017117593796098125,,,TRUE,0
F. angustifolia,PEPC,0.391,0.3002717497610605,0.391,0.30063875132844875,,,TRUE,0
F. cronquistii,Ala-AT,0.333,0.45598750698936846,0.333,0.45587589230242065,,,TRUE,0
F. cronquistii,Asp-AT,0.696,-0.544343769047683,0.697,-0.5445547245757668,,,TRUE,0.0010000000000000009
F. cronquistii,NAD-ME,0.807,-0.9662911213366571,0.807,-0.9662298695975735,,,TRUE,0
F. cronquistii,NADP-ME,0.522,-0.059195253723933056,0.522,-0.05920642671270753,,,TRUE,0
F. cronquistii,PEPC,0.461,0.10214431363385137,0.461,0.10208351116575386,,,TRUE,0
F. pringlei,Ala-AT,0.964,-2.182259381101992,0.964,-2.1833157083389163,,,TRUE,0
F. pringlei,Asp-AT,0.314,0.5190840636794412,0.314,0.5191299830425401,,,TRUE,0
F. pringlei,NAD-ME,0.189,0.9688296503407651,0.189,0.9688975367365437,,,TRUE,0
F. pringlei,NADP-ME,0.664,-0.46949832590397195,0.664,-0.4695674514065417,,,TRUE,0
F. pringlei,PEPC,0.893,-1.6156630464629982,0.893,-1.6155344370251272,,,TRUE,0
F. sonorensis,Ala-AT,0.19,0.9529704025384096,0.19,0.9532369738342776,,,TRUE,0
F. sonorensis,Asp-AT,0.0481,2.0318948527245277,0.0481,2.032598178551369,*,*,TRUE,0
F. sonorensis,NAD-ME,0.109,1.3974301270498803,0.109,1.3978421911597554,,,TRUE,0
F. sonorensis,NADP-ME,0.231,0.8409218822622478,0.231,0.8405399628924727,,,TRUE,0
F. sonorensis,PEPC,0.405,0.2552208445556161,0.405,0.2547110289087131,,,TRUE,0
H. aturensis,Ala-AT,0.133,1.2975375550894013,0.133,1.298810028109323,,,TRUE,0
H. aturensis,Asp-AT,0.091,1.5392164003422686,0.0908,1.5410116633062827,,,TRUE,-1.9999999999999185e-4
H. aturensis,NAD-ME,0.71,-0.5840911408240618,0.71,-0.583699619471414,,,TRUE,0
H. aturensis,NADP-ME,0.232,1.1197918754578111,0.232,1.1199039518802798,,,TRUE,0
H. aturensis,PEPC,0.618,-0.36471082418151096,0.618,-0.3642701571331462,,,TRUE,0
H. glutinosa,Ala-AT,0.468,0.08323055681226256,0.469,0.08197108769280495,,,TRUE,9.999999999999454e-4
H. glutinosa,Asp-AT,0.572,-0.19119065083703568,0.572,-0.1921985733072228,,,TRUE,0
H. glutinosa,NAD-ME,0.977,-2.9663221749332194,0.976,-2.965306775788754,,,TRUE,-0.0010000000000000009
H. glutinosa,NADP-ME,0.492,0.02003364675140047,0.493,0.01947172853175134,,,TRUE,0.0010000000000000009
H. glutinosa,PEPC,0.894,-1.3992781027977108,0.894,-1.4004599414945993,,,TRUE,0
H. isocalycia,Ala-AT,0.778,-0.8204903562465846,0.778,-0.8207760994469865,,,TRUE,0
H. isocalycia,Asp-AT,0.967,-2.260356365555332,0.967,-2.262112127916566,,,TRUE,0
H. isocalycia,NAD-ME,0.781,-0.8411981716356584,0.781,-0.8411453868853983,,,TRUE,0
H. isocalycia,NADP-ME,0.821,-1.043442152537288,0.821,-1.043653240623874,,,TRUE,0
H. isocalycia,PEPC,0.989,-3.2691301996370767,0.989,-3.270333097639405,,,TRUE,0
S. hians,Ala-AT,0.0194,2.8284281682361785,0.0194,2.8291944404195952,*,*,TRUE,0
S. hians,Asp-AT,0.0268,2.488514728742801,0.0267,2.489838251398636,*,*,TRUE,-9.99999999999994e-5
S. hians,NAD-ME,0.00637,3.5147513498633716,0.00637,3.5148105680835435,*,*,TRUE,0
S. hians,NADP-ME,0.13,1.655444123361285,0.13,1.6553658326693863,,,TRUE,0
S. hians,PEPC,0.289,0.7791799901951875,0.289,0.7793944043768786,,,TRUE,0
S. laxum,Ala-AT,0.433,0.1758801507366996,0.433,0.17557042338605314,,,TRUE,0
S. laxum,Asp-AT,0.172,1.0777242789374366,0.172,1.0775612951412614,,,TRUE,0
S. laxum,NAD-ME,0.37,0.35803070173191687,0.37,0.3569940475077391,,,TRUE,0
S. laxum,NADP-ME,0.0293,2.3521731786422237,0.0293,2.352253056725966,*,*,TRUE,0
S. laxum,PEPC,0.808,-1.0127985790121532,0.808,-1.013167832313517,,,TRUE,0
T. cristatus,Ala-AT,0.971,-2.347968930516887,0.971,-2.347193765397201,,,TRUE,0
T. cristatus,Asp-AT,0.368,0.3646306265343235,0.367,0.3654231403236916,,,TRUE,-0.0010000000000000009
T. cristatus,NAD-ME,0.562,-0.16905065451126425,0.562,-0.16878089379493028,,,TRUE,0
T. cristatus,NADP-ME,0.791,-1.0079511391140108,0.791,-1.007898007984412,,,TRUE,0
T. cristatus,PEPC,0.435,0.17490473734291534,0.435,0.17514226892649018,,,TRUE,0
T. forrestii,Ala-AT,0.432,0.18231109821807473,0.432,0.18226379668557208,,,TRUE,0
T. forrestii,Asp-AT,0.524,-0.06190851726584595,0.524,-0.06214131327250011,,,TRUE,0
T. forrestii,NAD-ME,0.263,0.6892376410984101,0.263,0.6891080113716143,,,TRUE,0
T. forrestii,NADP-ME,0.318,0.5212331540950402,0.318,0.5208732476426655,,,TRUE,0
T. forrestii,PEPC,0.164,1.1510672459901539,0.164,1.1511463639092254,,,TRUE,0
