Species,Enzyme,GrowthCO2ppm,Rateumol_mgchl_h_n,Rateumol_mgchl_h_mean,Rateumol_mgchl_h_se,Rate_mmol_molchl_s_n,Rate_mmol_molchl_s_mean,Rate_mmol_molchl_s_se,Rateumol_area_n,Rateumol_area_mean,Rateumol_area_se,PhotosyntheticType,Genus,Family,AreaLetter,ChlLetter,MolLetter
F. angustifolia,Ala-AT,200,4,452.6879020494623,77.77535291499275,4,112.8167981194058,19.386226137080993,4,72.19856152715141,13.390526800408157,`sub-`*C[2],Flaveria,Asteraceae,,,
F. angustifolia,Ala-AT,800,4,325.25640366497686,20.694582942376925,4,81.05196701571543,5.150175099933168,4,50.94923386205488,5.584525442063091,`sub-`*C[2],Flaveria,Asteraceae,,,
F. angustifolia,Asp-AT,200,4,383.35364899542265,65.45337232855077,4,95.53709369308163,16.316005882870712,4,61.17916061742255,10.324435162363505,`sub-`*C[2],Flaveria,Asteraceae,*,^,^
F. angustifolia,Asp-AT,800,4,233.49698276791167,41.33012786058311,4,58.18521543880397,10.297413350554496,4,35.40639285549317,4.694967903303077,`sub-`*C[2],Flaveria,Asteraceae,*,^,^
F. angustifolia,NAD-ME,200,4,162.4262500534503,55.16860508789253,4,40.48031266731259,13.751203315893111,4,26.231675699311467,8.578317461337745,`sub-`*C[2],Flaveria,Asteraceae,,,
F. angustifolia,NAD-ME,800,4,133.21378504663335,25.953340853496204,4,33.196292310781864,6.46711403208291,4,20.012106898596233,2.4002411572672577,`sub-`*C[2],Flaveria,Asteraceae,,,
F. angustifolia,NADP-ME,200,3,24.491830781962484,7.970999798887355,3,6.103262559388414,1.9861508332713051,3,3.4872685991859935,0.9465169250184905,`sub-`*C[2],Flaveria,Asteraceae,,,
F. angustifolia,NADP-ME,800,3,24.294407613553773,8.572389048334838,3,6.053339983451471,2.1356205375711235,3,3.6086378177723173,1.1945988548664215,`sub-`*C[2],Flaveria,Asteraceae,,,
F. angustifolia,PEPC,200,3,68.60562666040659,17.947557710339996,3,17.096490631466185,4.472572874287472,3,9.897016658062535,2.2469249204165935,`sub-`*C[2],Flaveria,Asteraceae,,,
F. angustifolia,PEPC,800,3,62.36677549665134,10.468210674184,3,15.540011216529,2.6076658649203885,3,9.271914076449823,1.3151803830990754,`sub-`*C[2],Flaveria,Asteraceae,,,
F. cronquistii,Ala-AT,200,4,250.2256118529824,35.21808309792963,4,62.34150168243312,8.772789011333405,4,33.047936957889064,1.9578486146675282,C[3],Flaveria,Asteraceae,,,
F. cronquistii,Ala-AT,800,4,221.00367387568306,53.54033834846697,4,55.06301064680396,13.339778320483342,4,31.829629127996977,9.109938908090571,C[3],Flaveria,Asteraceae,,,
F. cronquistii,Asp-AT,200,4,145.11453610235492,18.222248489636396,4,36.15393737948309,4.538645351428447,4,19.95534822980561,2.8272108199614596,C[3],Flaveria,Asteraceae,,,
F. cronquistii,Asp-AT,800,4,161.39844425491543,23.724290719189135,4,40.2116696971903,5.909744458596619,4,22.453669535672645,2.61251070894658,C[3],Flaveria,Asteraceae,,,
F. cronquistii,NAD-ME,200,4,250.20702987158768,16.97788428131572,4,62.33785464501396,4.2309394780549985,4,34.39332889100066,4.11328557141685,C[3],Flaveria,Asteraceae,,,
F. cronquistii,NAD-ME,800,4,288.9590677701192,36.33282067925321,4,71.99444440620098,9.054336903105954,4,41.61693101249752,6.805906533908471,C[3],Flaveria,Asteraceae,,,
F. cronquistii,NADP-ME,200,4,-1.9051171411027878,0.9118717661099129,4,-0.4746780642623518,0.22720073583439457,4,-0.260868592428196,0.11472918887592275,C[3],Flaveria,Asteraceae,,,
F. cronquistii,NADP-ME,800,4,-1.7195171156629163,2.9998568542688226,4,-0.4284276922660585,0.7474013026572656,4,-0.31530845208037805,0.4346045940546859,C[3],Flaveria,Asteraceae,,,
F. cronquistii,PEPC,200,4,74.92323503849738,15.428285792856453,4,18.666168946325982,3.8426063075825723,4,10.38529494745154,2.2504963080483402,C[3],Flaveria,Asteraceae,,,
F. cronquistii,PEPC,800,4,72.63213177931812,16.281144501167827,4,18.095807865945595,4.056006669842358,4,10.083004933851841,2.1104186322257137,C[3],Flaveria,Asteraceae,,,
F. pringlei,Ala-AT,200,4,251.55440058907936,23.426938286604564,4,62.69445034916153,5.83438300551946,4,31.32319311699313,1.6413167728476532,C[3],Flaveria,Asteraceae,,,
F. pringlei,Ala-AT,800,4,326.4815862035584,25.100778229035996,4,81.36615465398258,6.252726430394586,4,50.48677697196307,7.094954646308048,C[3],Flaveria,Asteraceae,,,
F. pringlei,Asp-AT,200,4,132.25242625139924,14.8576495576601,4,32.961221842704845,3.7014953478387596,4,16.34004530657129,0.410574036973572,C[3],Flaveria,Asteraceae,,,
F. pringlei,Asp-AT,800,4,116.46828966474382,26.530672937091385,4,29.027162483995426,6.612693271162901,4,17.010540831074035,3.1023304515770396,C[3],Flaveria,Asteraceae,,,
F. pringlei,NAD-ME,200,4,250.92466978798203,57.314833931965616,4,62.53994945039392,14.285980783202193,4,33.19889140016982,9.020422605219736,C[3],Flaveria,Asteraceae,,,
F. pringlei,NAD-ME,800,4,186.54428134037028,33.627961234920775,4,46.49176269993451,8.3818398252427,4,27.524619692905635,3.3719355739338064,C[3],Flaveria,Asteraceae,,,
F. pringlei,NADP-ME,200,3,3.819908737394246,1.6331640582703404,3,0.9519906609603548,0.40693227042867586,3,0.5031592741113597,0.17828765988916262,C[3],Flaveria,Asteraceae,,,
F. pringlei,NADP-ME,800,3,5.618903500091713,3.466265180548561,3,1.400436598649997,0.8639836940920638,3,0.8542085901219394,0.4902894057129714,C[3],Flaveria,Asteraceae,,,
F. pringlei,PEPC,200,3,35.547192530494925,7.3771632253496,3,8.85982740071054,1.838669665001691,3,4.932707581694029,0.9849474452588315,C[3],Flaveria,Asteraceae,,,
F. pringlei,PEPC,800,3,65.82089364345842,17.22429536418499,3,16.40442280161072,4.292840610150365,3,9.325699652825193,1.922818255792274,C[3],Flaveria,Asteraceae,,,
F. sonorensis,Ala-AT,200,4,428.8155972093807,61.513871295624604,4,106.86953220220292,15.326898124594473,4,72.01240502281273,10.644404121320292,`sub-`*C[2],Flaveria,Asteraceae,*,,
F. sonorensis,Ala-AT,800,4,329.25524495723755,84.44406107963974,4,82.06011571257196,21.03484228114769,4,44.48745810044966,7.696600086876093,`sub-`*C[2],Flaveria,Asteraceae,*,,
F. sonorensis,Asp-AT,200,4,376.99761402381034,41.5030950940025,4,93.95661863274645,10.341448805881893,4,63.03083619273846,6.105540713797023,`sub-`*C[2],Flaveria,Asteraceae,*,*,*
F. sonorensis,Asp-AT,800,4,222.12956221932706,63.9277591458595,4,55.360525256152634,15.925435339108233,4,29.96081894535009,6.389769551136805,`sub-`*C[2],Flaveria,Asteraceae,*,*,*
F. sonorensis,NAD-ME,200,4,164.35277636900875,23.857390395242433,4,40.96000254576029,5.944484750803675,4,27.45864853071887,3.8736191030454585,`sub-`*C[2],Flaveria,Asteraceae,*,,
F. sonorensis,NAD-ME,800,4,105.34783158809041,34.83794401049666,4,26.255580160393652,8.678726521216772,4,13.85119109473384,3.1084180936648798,`sub-`*C[2],Flaveria,Asteraceae,*,,
F. sonorensis,NADP-ME,200,4,17.016587434059467,4.420908007051361,4,4.241109851926371,1.1020916921676762,4,2.930317682851138,0.8514369764889608,`sub-`*C[2],Flaveria,Asteraceae,,,
F. sonorensis,NADP-ME,800,4,13.28217899853667,0.4203883209783221,4,3.3106006162275277,0.10452687039276613,4,1.893320030695075,0.1667793023771755,`sub-`*C[2],Flaveria,Asteraceae,,,
F. sonorensis,PEPC,200,4,59.95774456332008,10.151277443113438,4,14.942621978090948,2.5295024832657638,4,9.929769531535914,1.4540581962814376,`sub-`*C[2],Flaveria,Asteraceae,,,
F. sonorensis,PEPC,800,4,57.035250774049345,5.298430787174532,4,14.21593049727693,1.3195630687557043,4,8.103315639058014,0.9898622335590768,`sub-`*C[2],Flaveria,Asteraceae,,,
H. aturensis,Ala-AT,200,4,220.80721173015525,15.240852417627904,4,55.02805659229726,3.798771014340835,4,29.096385709226904,2.4886581728073782,C[2],Homolepis,Poaceae,,,
H. aturensis,Ala-AT,800,4,166.547388546824,38.94127269821174,4,41.49879691436034,9.699283457671598,4,22.85902008537625,4.430347272601772,C[2],Homolepis,Poaceae,,,
H. aturensis,Asp-AT,200,4,184.02187912239793,12.899447971641276,4,45.860558002004154,3.2146324375658053,4,24.370913104925897,2.5258606832254205,C[2],Homolepis,Poaceae,,,
H. aturensis,Asp-AT,800,4,148.12751695390017,19.427343203369396,4,36.91037310861239,4.837243070908623,4,20.725640909958326,2.5667734451350483,C[2],Homolepis,Poaceae,,,
H. aturensis,NAD-ME,200,4,175.05718099696196,37.3158927652905,4,43.6262256037398,9.299262399378541,4,23.735767228281695,6.102962080558384,C[2],Homolepis,Poaceae,,,
H. aturensis,NAD-ME,800,4,206.73024981266116,39.34475445521726,4,51.51217901219195,9.800599986498897,4,28.834602355324268,5.311597923337969,C[2],Homolepis,Poaceae,,,
H. aturensis,NADP-ME,200,2,34.642180826046435,10.995945726203246,2,8.632925380322709,2.7404174175413414,2,5.131169682851597,1.6542898593359827,C[2],Homolepis,Poaceae,,,
H. aturensis,NADP-ME,800,2,22.308324483416172,0.6376459444287707,2,5.558810390503401,0.15821718057871736,2,3.291097339443441,0.06127096317618296,C[2],Homolepis,Poaceae,,,
H. aturensis,PEPC,200,2,59.77762133677946,12.761171950028189,2,14.89670582359636,3.1804727224978997,2,8.849107431098142,1.9359331538440583,C[2],Homolepis,Poaceae,,,
H. aturensis,PEPC,800,2,64.86655860387818,5.643441108590568,2,16.16373937925184,1.4081988964170904,2,9.580651181564614,0.9282517331370864,C[2],Homolepis,Poaceae,,,
H. glutinosa,Ala-AT,200,4,200.55365731419377,23.027025942944245,4,49.97295222640348,5.735827001499672,4,25.42787909500882,2.054458970124089,C[3],Homolepis,Poaceae,,,
H. glutinosa,Ala-AT,800,4,197.95302977567164,21.120434823110084,4,49.33460296262561,5.267384013506671,4,22.499090219721616,3.1498537341924697,C[3],Homolepis,Poaceae,,,
H. glutinosa,Asp-AT,200,4,85.50075487958057,9.562319980319645,4,21.304774181818885,2.382348197471673,4,11.180549614987612,2.019609570481974,C[3],Homolepis,Poaceae,,,
H. glutinosa,Asp-AT,800,4,89.13690861251905,16.439715715242002,4,22.216348084166032,4.101132157044689,4,9.818230236223144,1.3284907351622512,C[3],Homolepis,Poaceae,,,
H. glutinosa,NAD-ME,200,4,90.47109400703178,4.812484165591305,4,22.5432502219206,1.1982410466003892,4,11.61506808858843,0.9085400118072534,C[3],Homolepis,Poaceae,,,
H. glutinosa,NAD-ME,800,4,137.13697687984967,14.977738937453834,4,34.177623514417604,3.7360473620371972,4,15.126263749187142,0.38230401644345746,C[3],Homolepis,Poaceae,,,
H. glutinosa,NADP-ME,200,4,12.791285952725337,2.0234785106643773,4,3.187312999026482,0.5042148994248381,4,1.5989751297474037,0.20957940751760118,C[3],Homolepis,Poaceae,,,
H. glutinosa,NADP-ME,800,4,12.701690853276789,3.9882811277516654,4,3.1656094428691546,0.9940536064525044,4,1.5952926539107362,0.7018987557653025,C[3],Homolepis,Poaceae,,,
H. glutinosa,PEPC,200,4,54.02316805468196,7.716567007214344,4,13.46127644620195,1.922482873242231,4,6.769317104636104,0.7019133719366677,C[3],Homolepis,Poaceae,,,
H. glutinosa,PEPC,800,4,70.67440727228961,9.058791235509586,4,17.612857971376254,2.256540010880802,4,8.135755675136814,1.3910545584753908,C[3],Homolepis,Poaceae,,,
H. isocalycia,Ala-AT,200,4,256.24122468648136,29.31265927862718,4,63.842529388689286,7.300803883087044,4,26.39470617633348,2.2084065883744617,`sub-`*C[2],Homolepis,Poaceae,,,
H. isocalycia,Ala-AT,800,4,295.18156642477265,37.32565472828944,4,73.54048261702617,9.290124388404546,4,28.009803106981025,6.151342118358845,`sub-`*C[2],Homolepis,Poaceae,,,
H. isocalycia,Asp-AT,200,4,233.86936198195264,14.485125818155367,4,58.268942710361515,3.6074796078427407,4,24.482167906699395,2.2587377747185187,`sub-`*C[2],Homolepis,Poaceae,,,
H. isocalycia,Asp-AT,800,4,286.8045114981477,18.40184416260458,4,71.45545016666853,4.578942237118554,4,27.033010873815126,4.4684188881228675,`sub-`*C[2],Homolepis,Poaceae,,,
H. isocalycia,NAD-ME,200,4,306.2235491469976,70.05110675315204,4,76.29582461657797,17.452160973471056,4,31.27757815199501,6.584166782682581,`sub-`*C[2],Homolepis,Poaceae,,,
H. isocalycia,NAD-ME,800,4,375.19986340879836,42.62000753136355,4,93.48070049516835,10.62169319699722,4,34.61956116355427,4.973228915359108,`sub-`*C[2],Homolepis,Poaceae,,,
H. isocalycia,NADP-ME,200,4,26.070690678198726,2.3348643382407497,4,6.495505438393811,0.5814799534856934,4,2.7049322556108546,0.22123527700684348,`sub-`*C[2],Homolepis,Poaceae,,,
H. isocalycia,NADP-ME,800,4,32.84096915336077,6.053746584233445,4,8.181837726508869,1.5075419055474517,4,3.0449686435416825,0.7405762475592719,`sub-`*C[2],Homolepis,Poaceae,,,
H. isocalycia,PEPC,200,4,42.27144795931812,6.671611956072682,4,10.5321332540741,1.662355485699225,4,4.467280626974291,0.7678158974236298,`sub-`*C[2],Homolepis,Poaceae,,,
H. isocalycia,PEPC,800,4,84.85154873585452,11.186494911985177,4,21.139788535165607,2.7852326372892104,4,7.855294499220141,1.3819681481362736,`sub-`*C[2],Homolepis,Poaceae,,,
S. hians,Ala-AT,200,4,495.24972572043646,43.12906724350038,4,123.40045025270763,10.743706740995561,4,51.10852827445795,6.467349965920728,C[2],Steinchisma,Poaceae,,*,*
S. hians,Ala-AT,800,4,354.9378725724278,24.511400604991948,4,88.43936632460861,6.105290808291578,4,44.35558298135045,5.515280234301152,C[2],Steinchisma,Poaceae,,*,*
S. hians,Asp-AT,200,4,567.1979436625055,39.48930159853516,4,141.32704641418786,9.833471805741487,4,59.92326632374905,10.322404891484652,C[2],Steinchisma,Poaceae,,*,*
S. hians,Asp-AT,800,4,449.5843708373568,25.96814376618521,4,112.0224546342691,6.467466802228066,4,56.600283611492515,7.4462233741105885,C[2],Steinchisma,Poaceae,,*,*
S. hians,NAD-ME,200,4,409.74902583429025,38.73156292110505,4,102.09678042098726,9.650151704767875,4,45.96337936113063,11.349595167482281,C[2],Steinchisma,Poaceae,^,*,*
S. hians,NAD-ME,800,4,208.88472862291863,42.022218296825194,4,52.047634199306096,10.470813795559513,4,24.637451686258398,3.747804402786272,C[2],Steinchisma,Poaceae,^,*,*
S. hians,NADP-ME,200,2,27.894657872110812,7.154418093298049,2,6.950375406638942,1.7827964318460006,2,3.698082351776287,0.6034907298397711,C[2],Steinchisma,Poaceae,,,
S. hians,NADP-ME,800,2,13.839638815525872,4.57137430019556,2,3.448261497395232,1.1390594178639777,2,1.880810113692497,0.737399641597822,C[2],Steinchisma,Poaceae,,,
S. hians,PEPC,200,2,110.10805675800225,1.9814538441923444,2,27.434894265776038,0.4930084229116058,2,14.9974659762201,1.7270880364515708,C[2],Steinchisma,Poaceae,,,
S. hians,PEPC,800,2,91.55932448561978,23.72284576169452,2,22.81249238218105,5.910234167934758,2,11.934560587011685,2.2876101860116753,C[2],Steinchisma,Poaceae,,,
S. laxum,Ala-AT,200,4,284.66906342485635,51.35566525555092,4,70.92716301625158,12.796169119613907,4,22.014170408647754,3.7918461164939044,PK,Steinchisma,Poaceae,,,
S. laxum,Ala-AT,800,4,271.193902571472,56.855463222056024,4,67.5765490506847,14.158502751303567,4,26.280376295470628,4.22839161753756,PK,Steinchisma,Poaceae,,,
S. laxum,Asp-AT,200,4,257.9548698999217,41.42197079290074,4,64.26947876368845,10.316059760190381,4,19.84095932708614,2.3158844174912416,PK,Steinchisma,Poaceae,,,
S. laxum,Asp-AT,800,4,210.3023510478807,15.468150477143361,4,52.40491395286775,3.8485812840490157,4,20.58232820644125,0.7376176267568276,PK,Steinchisma,Poaceae,,,
S. laxum,NAD-ME,200,4,205.48010058643487,14.982536533209284,4,51.196288745776044,3.73083380761394,4,15.92663246895679,0.37376014089016313,PK,Steinchisma,Poaceae,,,
S. laxum,NAD-ME,800,4,188.64336990549378,44.57536015067113,4,47.01181528742569,11.111810036692521,4,18.546461005091206,4.425606730516391,PK,Steinchisma,Poaceae,,,
S. laxum,NADP-ME,200,4,25.588005946733094,3.593044289751405,4,6.375526872300234,0.8954050814532488,4,2.0172151471092197,0.2962329086055883,PK,Steinchisma,Poaceae,^,*,*
S. laxum,NADP-ME,800,4,12.203342614724903,4.412481543373661,4,3.040813309705214,1.0991050486644054,4,1.194765178998409,0.39251974100393605,PK,Steinchisma,Poaceae,^,*,*
S. laxum,PEPC,200,4,80.96126536242186,7.481318134955734,4,20.172204977106343,1.8646922802248354,4,6.442452357323781,0.9931631698477916,PK,Steinchisma,Poaceae,,,
S. laxum,PEPC,800,4,158.3907580890613,76.0840955262767,4,39.46527124240974,18.950801586608506,4,14.727450742402521,6.016238596718799,PK,Steinchisma,Poaceae,,,
T. cristatus,Ala-AT,200,4,807.0342323421926,90.08935177498655,4,201.1234271950569,22.446611358913582,4,103.15899551979686,12.225412598850756,C[2],Tribulus,Zygophyllaceae,,,
T. cristatus,Ala-AT,800,4,1087.0467492299008,78.1423099513498,4,270.87240881626656,19.472660669920742,4,130.1595992939613,9.132502352168466,C[2],Tribulus,Zygophyllaceae,,,
T. cristatus,Asp-AT,200,4,824.1330083312309,123.34775647811571,4,205.38294913906384,30.732285600622056,4,103.7216537048229,13.632879866418616,C[2],Tribulus,Zygophyllaceae,,,
T. cristatus,Asp-AT,800,4,776.75336363876,40.858383372163004,4,193.5523895705598,10.181584348981081,4,92.84990217699638,3.329745513156058,C[2],Tribulus,Zygophyllaceae,,,
T. cristatus,NAD-ME,200,4,338.7896988633531,117.66117523083305,4,84.42953097650594,29.31739182098524,4,41.05247976833137,11.872748429985759,C[2],Tribulus,Zygophyllaceae,,,
T. cristatus,NAD-ME,800,4,359.50097765428046,34.14422257088492,4,89.58209882945724,8.512242114859722,4,43.12981211783947,4.411180698348681,C[2],Tribulus,Zygophyllaceae,,,
T. cristatus,NADP-ME,200,3,34.269958541106,9.15163725208959,3,8.540118779525217,2.2801829951745254,3,4.17379704126547,1.2502772525413175,C[2],Tribulus,Zygophyllaceae,,,
T. cristatus,NADP-ME,800,3,43.55932357120211,1.0880205050806422,3,10.854620864402024,0.27213863017998224,3,5.196567065139139,0.23060521066065442,C[2],Tribulus,Zygophyllaceae,,,
T. cristatus,PEPC,200,3,248.72924930794437,34.45848333348937,3,61.98304904932207,8.578227689050964,3,29.270762622349665,1.6489995033776697,C[2],Tribulus,Zygophyllaceae,,,
T. cristatus,PEPC,800,3,239.71914292908667,38.29285401089819,3,59.7357054266268,9.542652794851646,3,28.397341951293793,3.9761528535878177,C[2],Tribulus,Zygophyllaceae,,,
T. forrestii,Ala-AT,200,4,475.30452233112635,167.4874559771047,4,118.38973370808324,41.71489029653766,4,65.38258938186867,16.156751576570944,PK,Tribulus,Zygophyllaceae,,,
T. forrestii,Ala-AT,800,4,440.9335310596201,86.5520921049665,4,109.83182395049795,21.552080535926088,4,70.35079208724704,11.932767544576866,PK,Tribulus,Zygophyllaceae,,,
T. forrestii,Asp-AT,200,4,235.50247410408713,49.24914417486685,4,58.65858162947758,12.264518958924539,4,34.33069300097943,2.289039011046433,PK,Tribulus,Zygophyllaceae,,,
T. forrestii,Asp-AT,800,4,239.73613135640204,47.44602913915559,4,59.71697087166342,11.8181943898252,4,37.63586667911536,4.936380741896763,PK,Tribulus,Zygophyllaceae,,,
T. forrestii,NAD-ME,200,4,322.07094625621016,87.78153215177318,4,80.21781475244796,21.85700142876756,4,46.7147998163639,9.418552180039987,PK,Tribulus,Zygophyllaceae,,,
T. forrestii,NAD-ME,800,4,255.34020467336748,40.84317228529874,4,63.60433758703931,10.173466688807975,4,40.46555427239206,3.5868806413175562,PK,Tribulus,Zygophyllaceae,,,
T. forrestii,NADP-ME,200,4,17.294718133060808,2.8788371536564594,4,4.3076428988056,0.7167916017627767,4,2.605899681144351,0.34984261505813585,PK,Tribulus,Zygophyllaceae,,,
T. forrestii,NADP-ME,800,4,15.756716367395793,0.6472379152167607,4,3.9249737216384055,0.16108268592249722,4,2.5747015491212357,0.15956624437478054,PK,Tribulus,Zygophyllaceae,,,
T. forrestii,PEPC,200,4,170.80254492571922,42.4406961457264,4,42.542043144494045,10.56690736529947,4,25.35980534247504,4.881616549618149,PK,Tribulus,Zygophyllaceae,,,
T. forrestii,PEPC,800,4,120.91847424272065,8.769445164833524,4,30.120752175714514,2.18459935007778,4,19.58375903891328,0.7417578988883016,PK,Tribulus,Zygophyllaceae,,,
