Species,Plant,GrowthCO2ppm,Rd,Slope,Cstar
F. angustifolia,1,200,-2.2857943803251195,-13.479242537148844,13.479242537148844
F. angustifolia,1,800,-2.0244158373528434,-32.938769176678804,32.938769176678804
F. angustifolia,2,200,-2.1475819331595014,-26.40682156033234,26.40682156033234
F. angustifolia,2,800,-2.853131181606547,-26.890066491805023,26.890066491805023
F. angustifolia,3,200,-1.953096481225868,-21.184930762891703,21.184930762891703
F. angustifolia,3,800,-1.2773713854888729,-48.85654846255184,48.85654846255184
F. angustifolia,4,200,-1.765353194263746,-18.809327899053574,18.809327899053574
F. angustifolia,4,800,-3.313908837627126,-32.96748542844282,32.96748542844282
F. cronquistii,1,200,-0.9126330750144284,-52.43088286480889,52.43088286480889
F. cronquistii,1,800,-1.973987141020793,-45.56638087254702,45.56638087254702
F. cronquistii,2,200,-1.4234182767346646,-45.31257068747543,45.31257068747543
F. cronquistii,2,800,-1.9723270015910976,-47.16809213854162,47.16809213854162
F. cronquistii,3,200,-1.2498964742395628,-49.89142030467819,49.89142030467819
F. cronquistii,3,800,-1.6904350157097572,-54.50181319622283,54.50181319622283
F. cronquistii,4,200,-0.9977851087359703,-52.58620730345998,52.58620730345998
F. cronquistii,4,800,-1.4176599234642566,-49.86864214038649,49.86864214038649
F. pringlei,1,200,-1.6264074559883093,-50.14527043925918,50.14527043925918
F. pringlei,1,800,-1.9737313696751868,-41.77046321066072,41.77046321066072
F. pringlei,2,200,-1.424916151039381,-45.83677877211924,45.83677877211924
F. pringlei,2,800,-3.1968430698406767,-39.9415864429737,39.9415864429737
F. pringlei,3,200,-1.3687738229968067,-45.8771638898594,45.8771638898594
F. pringlei,3,800,-1.5575043810753464,-44.513468812517466,44.513468812517466
F. pringlei,4,200,-1.3439993535834733,-45.26056538053451,45.26056538053451
F. pringlei,4,800,-2.184452264589367,-40.082524168569755,40.082524168569755
F. sonorensis,1,200,-2.034160637569471,-19.5631028150309,19.5631028150309
F. sonorensis,1,800,-2.040677765395695,-36.37499839450472,36.37499839450472
F. sonorensis,2,200,-2.484000176304407,-14.746057690145141,14.746057690145141
F. sonorensis,2,800,-2.171205006806991,-38.42273606468279,38.42273606468279
F. sonorensis,3,200,-2.4421437023049095,-29.19802486265452,29.19802486265452
F. sonorensis,3,800,-1.5287287654221526,-35.599559612103306,35.599559612103306
F. sonorensis,4,200,-2.573434911563427,-30.032501056601987,30.032501056601987
F. sonorensis,4,800,-2.031705618825942,-29.86630792833356,29.86630792833356
H. aturensis,1,200,-1.4902046010616463,-13.611601005648485,13.611601005648485
H. aturensis,1,800,-0.9258301657239457,-32.32575490120231,32.32575490120231
H. aturensis,2,200,-1.3589916256247632,-12.293068252828236,12.293068252828236
H. aturensis,2,800,-1.1643728475298671,-14.284277029100387,14.284277029100387
H. aturensis,3,200,-1.037281127751379,-6.107855137313908,6.107855137313908
H. aturensis,3,800,-1.2514951081783119,-30.075109939279816,30.075109939279816
H. aturensis,4,200,-1.3456193004838546,-20.09614863183383,20.09614863183383
H. aturensis,4,800,-1.4890047803117674,-22.913161417722286,22.913161417722286
H. glutinosa,1,200,-0.6792498445620633,-43.301030304482495,43.301030304482495
H. glutinosa,1,800,-0.4953699838872139,-47.14160291322834,47.14160291322834
H. glutinosa,2,200,-0.3992735859829206,-47.831152862240685,47.831152862240685
H. glutinosa,2,800,-1.3198112327608233,-38.35484760670616,38.35484760670616
H. glutinosa,3,200,-0.602213449033647,-46.24639104951937,46.24639104951937
H. glutinosa,3,800,-0.8172691016641906,-41.392587673710196,41.392587673710196
H. glutinosa,4,200,-0.5838334733215288,-48.15839058448064,48.15839058448064
H. glutinosa,4,800,-0.7949910405185718,-43.16106509912701,43.16106509912701
H. isocalycia,1,200,-0.9979653654684638,-32.907988101625605,32.907988101625605
H. isocalycia,1,800,-1.0245459076110555,-34.91462932649453,34.91462932649453
H. isocalycia,2,200,-1.0748391367905066,-32.33171153603245,32.33171153603245
H. isocalycia,2,800,-1.5467058908416524,-33.134663131415714,33.134663131415714
H. isocalycia,3,200,-0.844026636569581,-32.954674163500144,32.954674163500144
H. isocalycia,3,800,-1.0121517475543869,-43.64511771265879,43.64511771265879
H. isocalycia,4,200,-1.1020823121046306,-30.45538641241345,30.45538641241345
H. isocalycia,4,800,-0.8471293127458616,-32.74342811144034,32.74342811144034
S. hians,1,200,-1.2693838980518248,-9.741122980448008,9.741122980448008
S. hians,1,800,-0.8478445088018521,-25.238013671728115,25.238013671728115
S. hians,2,200,-1.7318355499049516,-5.160885243582889,5.160885243582889
S. hians,2,800,-1.9947707931958132,-10.461790376037824,10.461790376037824
S. hians,3,200,-1.0761506272381616,-17.669599996143035,17.669599996143035
S. hians,3,800,-1.8489902510619167,-6.9976802956499045,6.9976802956499045
S. hians,4,200,-1.9298571906161,-16.637875168326186,16.637875168326186
S. hians,4,800,-1.216919253861084,-20.487863410643293,20.487863410643293
S. laxum,1,200,-1.13468994250864,-39.44979153383098,39.44979153383098
S. laxum,1,800,-0.8908313460922037,-43.865425872461955,43.865425872461955
S. laxum,2,200,-0.733537558200944,-46.78663675849825,46.78663675849825
S. laxum,2,800,-0.8922850959928544,-43.36308690729609,43.36308690729609
S. laxum,3,200,-0.7999479155871533,-45.76267490833704,45.76267490833704
S. laxum,3,800,-0.8710665222295693,-48.161139228783746,48.161139228783746
S. laxum,4,200,-1.0539012498516684,-42.7274840699215,42.7274840699215
S. laxum,4,800,-1.715682452584327,-37.291046413041,37.291046413041
T. cristatus,1,200,-1.4101001385667464,-15.577119614550469,15.577119614550469
T. cristatus,1,800,-1.9961339373756042,-9.305188813663062,9.305188813663062
T. cristatus,2,200,-1.615841223818133,-10.397016213884429,10.397016213884429
T. cristatus,2,800,-0.8796624216923801,-27.67980476328902,27.67980476328902
T. cristatus,3,200,-1.8308480583562536,-13.923884634142635,13.923884634142635
T. cristatus,3,800,-1.374335797942801,-15.141665409135042,15.141665409135042
T. cristatus,4,200,-2.58743474988556,-5.211023064983627,5.211023064983627
T. cristatus,4,800,-1.7656853145176763,-22.46916283886589,22.46916283886589
T. cristatus,6,200,-2.2180572984221643,-0.8710607109910221,0.8710607109910221
T. cristatus,6,800,-1.0950974134628475,-19.28010874341221,19.28010874341221
T. forrestii,1,200,-2.4675616992669656,-43.392241594345165,43.392241594345165
T. forrestii,1,800,-2.437189548240407,-44.312839239391316,44.312839239391316
T. forrestii,2,200,-1.4019007749485783,-45.969026765718446,45.969026765718446
T. forrestii,2,800,-1.7583603770023302,-43.420713296580665,43.420713296580665
T. forrestii,3,200,-1.9297717238699104,-44.6064511967346,44.6064511967346
T. forrestii,3,800,-2.0259921874509854,-57.95281877851361,57.95281877851361
T. forrestii,4,200,-3.3274129646001462,-44.36750865828303,44.36750865828303
T. forrestii,4,800,-1.210419391825575,-53.64877280410953,53.64877280410953
