PhotosyntheticType,Species,GrowthCO2ppm,Gamma_Mean,Gamma_SE,GammaLowLight_Mean,GammaLowLight_SE,Cstar_Mean,Cstar_SE,Rd_Mean,Rd_SE,InitialSlope_Mean,InitialSlope_SE,SpeciesLabel
C[3],F. cronquistii,200,58.36282993026362,0.6022258474787388,66.52035978224163,1.480242712337527,50.055270290105625,1.697282720732577,-1.1459332336811565,0.11696977368267243,0.15210503224863733,0.018552339227086708,F.cron
C[3],F. cronquistii,800,61.496855434235286,2.08948026769571,75.02711864076394,2.717402500195433,49.27623208692449,1.955012738152964,-1.763602270446476,0.13318450915904875,0.14644983445658716,0.008563206934879638,F.cron
C[3],F. pringlei,200,56.818832221745325,0.8952764242380147,68.52484054275031,1.8878380735940459,46.77994462044308,1.1305789817026282,-1.4410241959019925,0.06407050715253654,0.14760010710504817,0.01802439436551161,F.prin
C[3],F. pringlei,800,60.481140061170805,1.249883524434602,84.61513655763694,4.425988875703782,41.57701065868041,1.0633403583968695,-2.228132771295144,0.3481822008768355,0.11366473710977132,0.006762906735912597,F.prin
C[3],H. glutinosa,200,53.37612291824655,0.9165765873208204,55.774614064954854,1.5284944558020674,46.384241200180796,1.109292247599287,-0.5661425882250399,0.05933842892000976,0.08902565170326683,0.004476493718091597,H.glut
C[3],H. glutinosa,800,53.15645016397903,0.7885439066422308,57.67134913720651,1.7056621760725623,42.512525823192924,1.8346095749149474,-0.8568603397076999,0.17087863213449617,0.08525933895257778,0.005393054376151853,H.glut
PK,S. laxum,200,54.426165348383094,1.1636607745689762,64.87725298770056,3.6758778366508844,43.68164681764694,1.653044316287807,-0.9305191665371014,0.09693616879214755,0.09642100821662565,0.01401645079374415,S.laxu
PK,S. laxum,800,53.25837205333046,1.3312452862681672,66.61719699280354,4.7454729195527445,43.1701746053957,2.2359648486845027,-1.0924663542247386,0.20779505197709133,0.10191164667881468,0.004532868829142916,S.laxu
PK,T. forrestii,200,57.65960052298648,2.3734249431014667,72.78638074281035,4.128430370411007,44.58380705377031,0.5311904592176029,-2.2816617906714,0.41088931576200244,0.16491303608313962,0.010467909964106055,T.forr
PK,T. forrestii,800,61.50872445832113,3.547278070062019,72.59349736976594,2.2133902155985354,49.83378602964878,3.559976266387718,-1.8579903761298244,0.2570620233231165,0.16774035116734487,0.00908293398117543,T.forr
`sub-`*C[2],F. angustifolia,200,22.44058482538363,3.2539672859045474,51.16357192492227,4.060489934884386,19.970080689856616,2.6830613842463897,-2.0379564972435587,0.11363506486560981,0.1299005961784739,0.012655441090511841,F.angu
`sub-`*C[2],F. angustifolia,800,33.89572592649252,1.507219848803404,72.2810263253704,5.189554126794082,35.41321738986962,4.7034716818876685,-2.367206810518847,0.45070446039896456,0.11163353924090857,0.01015364331029157,F.angu
`sub-`*C[2],F. sonorensis,200,28.314061432355587,2.163876127946973,60.41983074221675,4.725657755928297,23.384921606108136,3.732947345957089,-2.383434856935554,0.11960093821285565,0.135860790086057,0.019194166541884713,F.sono
`sub-`*C[2],F. sonorensis,800,34.259306098288995,2.445040169794727,63.76251539645095,2.86618973414843,35.06590049990609,1.8326355626295798,-1.9430792891126951,0.14174736577427957,0.12789928482753438,0.008983326050569123,F.sono
`sub-`*C[2],H. isocalycia,200,43.16249783732707,0.8760922371277494,53.73933885259662,1.691420044004083,32.16244005339291,0.5863845258202449,-1.0047283627332955,0.05792530752407174,0.08841570823072076,0.006358194523983775,H.isoc
`sub-`*C[2],H. isocalycia,800,47.09511723368615,1.5724652756363593,56.65543289231846,3.6012646681273446,36.10945957050234,2.5559301076914265,-1.107633214688239,0.15184073592504063,0.10556975778370298,0.012974570262653954,H.isoc
C[2],H. aturensis,200,15.998481096922912,0.957549727451562,35.495166010591475,2.4177538254456876,13.027168256906116,2.8683305545482916,-1.3080241637304106,0.09596118128215786,0.11383094185476834,0.007897418823824394,H.atur
C[2],H. aturensis,800,21.21391890030784,3.5482428718812438,48.820191862931694,4.949022095001667,24.8995758218262,4.0678075561204485,-1.2076757254359731,0.11632505970539497,0.09833541305432147,0.0073889728515251,H.atur
C[2],S. hians,200,13.068734738719998,0.7700873999584562,35.901691558470766,2.5879568532475425,12.30237084712503,2.9603568720310802,-1.5018068164527594,0.19818845102782362,0.10156801617348352,0.0062502176544643444,S.hian
C[2],S. hians,800,16.42180848666797,1.765979674554188,39.34062979842976,1.709803166164337,15.796336938514784,4.252738587461903,-1.4771312017301665,0.26924924929222355,0.09858315758343969,0.0015581836997835238,S.hian
C[2],T. cristatus,200,15.279912422149769,1.3362293745430154,42.84984143841723,2.3280175022767047,9.196020847710436,2.735860704888872,-1.9324562938097714,0.21142256274308738,0.13906951059888997,0.01582030903162536,T.cris
C[2],T. cristatus,800,22.87358575793027,3.0058781033771247,41.289773344918665,3.1083231318853644,18.775186113673044,3.1311017691531564,-1.4221829769982617,0.20627850495696615,0.12668901320724474,0.02309874515094371,T.cris
