Species,Plant,GrowthCO2ppm,Intercept,Slope,Gamma
F. angustifolia,1,200,-3.1256678550873462,0.06369848709380332,49.06973458387547
F. angustifolia,1,800,-4.361929227298303,0.07154148510755015,60.970627332391864
F. angustifolia,2,200,-4.749025649269568,0.0752746359142681,63.08932074647742
F. angustifolia,2,800,-4.495959633581465,0.057397858000334694,78.32974592109775
F. angustifolia,3,200,-3.713479186457327,0.08244596474517654,45.0413697982057
F. angustifolia,3,800,-4.834542965930406,0.07280677851208225,66.40237440430242
F. angustifolia,4,200,-3.1917633777669665,0.06726034941797844,47.45386257113051
F. angustifolia,4,800,-5.4787899119739984,0.06567610581663125,83.4213576436896
F. cronquistii,1,200,-4.229498045648175,0.0667222768595053,63.38959407146848
F. cronquistii,1,800,-5.070550105255677,0.0669465682517925,75.74025432020427
F. cronquistii,2,200,-4.111770446741152,0.05842023514826641,70.3826411568829
F. cronquistii,2,800,-5.771073314589566,0.07902896025180375,73.02479111709998
F. cronquistii,3,200,-5.353851904451436,0.08193054862359467,65.346223043716
F. cronquistii,3,800,-5.002256521282,0.06091106334424935,82.12394016191914
F. cronquistii,4,200,-4.138028638257315,0.061795765142240965,66.96298085689911
F. cronquistii,4,800,-5.190879002345176,0.07499158228483083,69.21948896383239
F. pringlei,1,200,-5.36583448146738,0.07442778184436646,72.09451025542725
F. pringlei,1,800,-4.236357181079278,0.05244694197467118,80.77415043807876
F. pringlei,2,200,-4.427918780386868,0.06615831435377262,66.9291354176464
F. pringlei,2,800,-5.715083154335028,0.06162034873460831,92.7466863089209
F. pringlei,3,200,-4.896487531416282,0.07654943664336782,63.96503679352041
F. pringlei,3,800,-4.08921389113693,0.05529299232036111,73.95537335806505
F. pringlei,4,200,-3.9937837588517,0.056162924830040394,71.11067970440719
F. pringlei,4,800,-3.9071572191189357,0.04294318544821048,90.98433612548307
F. sonorensis,1,200,-3.7491323723596754,0.08023680852205968,46.72584118707711
F. sonorensis,1,800,-4.341783094717375,0.064945534402094,66.85268101477637
F. sonorensis,2,200,-2.9733173191735216,0.04413726714401661,67.3652337710853
F. sonorensis,2,800,-4.920877106249486,0.0701187395734608,70.17920082682127
F. sonorensis,3,200,-4.58769564086412,0.07445040292774573,61.620830250126225
F. sonorensis,3,800,-3.8070600534934793,0.06327808544490646,60.16395765968812
F. sonorensis,4,200,-4.832111221354748,0.0732499677172809,65.96741776057837
F. sonorensis,4,800,-4.026480862860855,0.06959700982546534,57.85422208451803
H. aturensis,1,200,-2.22108324562826,0.05628135716692562,39.463924777803776
H. aturensis,1,800,-2.077403956584939,0.03594009689725579,57.80184629228308
H. aturensis,2,200,-2.099321735858619,0.059818511398685104,35.09485085422512
H. aturensis,2,800,-1.9274499578143445,0.05348330738122257,36.03834639611409
H. aturensis,3,200,-1.1150856234730029,0.03869313420035073,28.818694750835025
H. aturensis,3,800,-3.449120112924458,0.07481412261023765,46.102527070904614
H. aturensis,4,200,-2.7321648874722824,0.0707756179856838,38.60319365950197
H. aturensis,4,800,-2.5401486850660597,0.04590239068758783,55.338047692424986
H. glutinosa,1,200,-3.0706809840186655,0.057850116086565505,53.079945067418244
H. glutinosa,1,800,-3.1641589429108783,0.05826559467704507,54.3057864671115
H. glutinosa,2,200,-3.076058711362815,0.05587601938252272,55.05150054273489
H. glutinosa,2,800,-3.438239637698484,0.0563826997039511,60.98040100512506
H. glutinosa,3,200,-3.732916489806303,0.06811988541523595,54.79921856961
H. glutinosa,3,800,-2.770928869457149,0.05021040941149058,55.18634287062845
H. glutinosa,4,200,-2.8609089848576863,0.047548844422462815,60.16779208005628
H. glutinosa,4,800,-2.3578745539051047,0.039158982165703266,60.21286620596103
H. isocalycia,1,200,-2.635222603542372,0.04717669569595499,55.858566706873454
H. isocalycia,1,800,-2.924683082266499,0.057470673068238,50.89000921903014
H. isocalycia,2,200,-3.0677659085600446,0.05662336225408874,54.178448372491744
H. isocalycia,2,800,-3.4702560591752074,0.05954434256518569,58.28019774298746
H. isocalycia,3,200,-1.7372717736631151,0.030972057679560586,56.09158395729045
H. isocalycia,3,800,-2.7422624740875015,0.041435468338595724,66.18152476710821
H. isocalycia,4,200,-2.8907118962400444,0.0592010141342696,48.82875637373081
H. isocalycia,4,800,-2.3791439902329934,0.04640421294423249,51.269999840147996
S. hians,1,200,-1.821736447163448,0.05809055128470463,31.36028849571471
S. hians,1,800,-2.030381103152316,0.047181732803738385,43.033203371272556
S. hians,2,200,-2.037090430609159,0.055582383600368865,36.64992932393134
S. hians,2,800,-2.6247300127988793,0.06456009038576896,40.65561242425787
S. hians,3,200,-1.9930536509453443,0.06095031055911747,32.699647182473726
S. hians,3,800,-2.262936517951344,0.06476218736965605,34.942249634570395
S. hians,4,200,-3.081682524045969,0.07183928059036855,42.89690123176329
S. hians,4,800,-2.4662470741218123,0.06367556170686375,38.73145376361822
S. laxum,1,200,-3.463814452962557,0.057833175333397636,59.89320892367232
S. laxum,1,800,-3.7901708662749027,0.0637484259248266,59.45512867634327
S. laxum,2,200,-3.79796457550065,0.06176720781234678,61.48836429581113
S. laxum,2,800,-3.4975288472081356,0.058084310109511046,60.21469206768509
S. laxum,3,200,-2.2603042566215943,0.03626524806349052,62.3270038761191
S. laxum,3,800,-2.169315607993116,0.02713172670358766,79.95494100662104
S. laxum,4,200,-2.646411690161912,0.034912882692788104,75.80043485519965
S. laxum,4,800,-4.007394982545857,0.059951430354040686,66.84402622056474
T. cristatus,1,200,-2.5633449239563006,0.06551640075368176,39.12524031339208
T. cristatus,1,800,-2.23992792398183,0.05555586817307612,40.31847575495832
T. cristatus,2,200,-2.6458630160868633,0.05822571493631509,45.44148610250299
T. cristatus,2,800,-2.2006637315698603,0.04417178262857381,49.82057776736175
T. cristatus,3,200,-2.5460573910345268,0.07145650443346183,35.63086959291914
T. cristatus,3,800,-2.200827952688261,0.06086859614526983,36.157034859744996
T. cristatus,4,200,-3.02622677359291,0.06349158789735342,47.66342871256265
T. cristatus,4,800,-3.7728185746530523,0.08062783596856193,46.79300305324
T. cristatus,6,200,-2.282680941326518,0.04920824269775739,46.388182470709296
T. cristatus,6,800,-0.9628600297910993,0.028862905143736732,33.35977528928825
T. forrestii,1,200,-6.578867102951457,0.0905891233645431,72.62314567806546
T. forrestii,1,800,-6.018243623330466,0.079330038139889,75.86336480411136
T. forrestii,2,200,-4.323391265252804,0.06817089295744576,63.41990074783954
T. forrestii,2,800,-4.93687735674544,0.07276481212330388,67.84704327112996
T. forrestii,3,200,-5.030223151107422,0.07027622029257846,71.57788410027283
T. forrestii,3,800,-7.202499295893846,0.09374564397154807,76.83022901927917
T. forrestii,4,200,-7.701593901642711,0.09220750052397154,83.52459244506359
T. forrestii,4,800,-4.088815422184573,0.05855104019164317,69.83335238454326
