PhotosyntheticType,Species,Plant,GrowthCO2ppm,CaLevel,nPts,A,gs,Ci/Ca,A/gs
C2,H. aturensis,1,200,Ca~200,2,11.142154531112709,0.3873851295646895,0.6982862758042925,30.369487994390866
C2,H. aturensis,1,200,Ca~400,10,16.30278327433867,0.22354390016284623,0.6106038959177645,84.38069077197926
C2,H. aturensis,1,800,Ca~200,1,7.4023398458354706,0.17852749883389904,0.6068587361149346,41.46330338007236
C2,H. aturensis,1,800,Ca~400,5,11.111017781807567,0.10565528963579546,0.5126832013136449,109.34419928105626
C2,H. aturensis,2,200,Ca~200,2,11.261115905091582,0.31508432192549607,0.6416079059028497,35.8208366110521
C2,H. aturensis,2,200,Ca~400,10,17.750266072878166,0.21502865769664337,0.5922424402853265,85.96840634360333
C2,H. aturensis,2,800,Ca~200,2,9.104061053658729,0.25966318270033084,0.6380327525558606,35.02171329735002
C2,H. aturensis,2,800,Ca~400,3,9.646899265964217,0.09577211716156465,0.5302698738945311,101.97665144103536
C2,H. aturensis,3,200,Ca~200,1,11.189267361627273,0.32579749771667454,0.659315954026927,34.344239719599905
C2,H. aturensis,3,200,Ca~400,5,16.22021753324703,0.22833055825655196,0.610234270230327,83.87369576328217
C2,H. aturensis,3,800,Ca~200,1,14.46494936512164,0.473943855255248,0.6834231459477567,30.520385916452852
C2,H. aturensis,3,800,Ca~400,5,19.894039077778043,0.26806047370654473,0.6162408566523999,80.7960479934783
C2,H. aturensis,4,200,Ca~200,1,15.51074231619118,0.5421540288038558,0.6991033791052202,28.609475337501852
C2,H. aturensis,4,200,Ca~400,5,22.48917250726017,0.28368617712356337,0.6024583554060631,83.55355869085437
C2,H. aturensis,4,800,Ca~200,1,10.740581511888756,0.4466288917161552,0.7519633997845022,24.04811177937563
C2,H. aturensis,4,800,Ca~400,5,13.627379558952374,0.16830909599567404,0.6161997448533407,84.30209222143797
C2,S. hians,1,200,Ca~200,2,12.917865561380943,0.48553813775373533,0.7187128770774991,26.656651843897578
C2,S. hians,1,200,Ca~400,6,20.575087310446794,0.3476098766013024,0.687300552997278,62.2695058441276
C2,S. hians,1,800,Ca~200,1,11.70460918653068,0.43174049096256106,0.7166161170431986,27.11028831332306
C2,S. hians,1,800,Ca~400,5,16.60003077970209,0.20948983138013172,0.5949931242909433,86.41304232634718
C2,S. hians,2,200,Ca~200,2,10.056742936254096,0.2852138754899252,0.6543395391589644,35.57934512581706
C2,S. hians,2,200,Ca~400,10,13.554905794773534,0.1372049113432986,0.5229784347906774,106.7564748853404
C2,S. hians,2,800,Ca~200,2,9.45886472583658,0.25759707747753846,0.622726036847749,36.71019877715838
C2,S. hians,2,800,Ca~400,6,14.308717600649722,0.13519910710016167,0.48711623699271656,110.82535933799923
C2,S. hians,3,200,Ca~200,1,9.660309867133803,0.19898117775592705,0.5404319329279625,48.54886264158747
C2,S. hians,3,200,Ca~400,5,13.851278332319792,0.12747035713129803,0.4652118962623215,119.51880053071781
C2,S. hians,3,800,Ca~200,1,11.576684387004603,0.3423375450732174,0.6590637810802572,33.81657826788657
C2,S. hians,3,800,Ca~400,5,15.852024978566012,0.15964854540747975,0.5270172543614859,103.32005341424453
C2,S. hians,4,200,Ca~200,1,11.572836996600339,0.32142391969302786,0.6385450836568063,36.004902832536054
C2,S. hians,4,200,Ca~400,5,16.671083308805656,0.16474349234235267,0.5134491045736569,105.94933739923121
C2,S. hians,4,800,Ca~200,1,12.350612077048558,0.5449072924056362,0.7553686366353374,22.665529071052696
C2,S. hians,4,800,Ca~400,5,21.376643243048385,0.4780532088839858,0.7621801640424255,45.485102708937866
C2,T. cristatus,1,200,Ca~200,1,13.511783063015136,0.2706337803294393,0.5210101218860929,49.92644690018889
C2,T. cristatus,1,200,Ca~400,5,21.323026500241347,0.18579616414204697,0.4545296748833771,119.74927413526125
C2,T. cristatus,1,800,Ca~200,2,13.753250432427796,0.36890132786008645,0.6237721078893194,37.40232366613012
C2,T. cristatus,1,800,Ca~400,10,23.38256179189978,0.2927261050151003,0.5951197562335622,84.48646453342256
C2,T. cristatus,2,200,Ca~200,1,11.21326563167624,0.22779021530668797,0.5327496447407363,49.226283124492994
C2,T. cristatus,2,200,Ca~400,5,20.063992790911595,0.1826117860380132,0.48583359813599675,113.28693863463288
C2,T. cristatus,2,800,Ca~200,2,9.681777325857627,0.18332972395000247,0.5045876072391307,52.81940111035216
C2,T. cristatus,2,800,Ca~400,7,19.609210189770113,0.18453410683295532,0.4948006226516199,109.83589691210888
C2,T. cristatus,3,200,Ca~200,1,17.317336953878485,0.4169573151243052,0.5767732789073122,41.5326373365479
C2,T. cristatus,3,200,Ca~400,5,24.022831350613973,0.22874480455688145,0.4946410396717422,107.1564015706771
C2,T. cristatus,3,800,Ca~200,1,11.884083607411936,0.34599369711065825,0.6612113716390167,34.34768814187699
C2,T. cristatus,3,800,Ca~400,5,17.858821178055898,0.20753887273056718,0.585124725248893,90.32700383530812
C2,T. cristatus,4,200,Ca~200,1,13.597514467266562,0.3268823340998641,0.5931720198296214,41.59758129698271
C2,T. cristatus,4,200,Ca~400,5,20.59047530315414,0.20442597558615822,0.5143874208763273,106.13806397680968
C2,T. cristatus,4,800,Ca~200,1,12.856275932061507,0.2662214536007039,0.5381863201407446,48.29166003782768
C2,T. cristatus,4,800,Ca~400,5,19.67529745662206,0.17241464395529899,0.48148920930284667,114.14035931282461
C2,T. cristatus,6,200,Ca~200,1,12.232680738725312,0.36632108553266546,0.6660391178056432,33.393329572983326
C2,T. cristatus,6,200,Ca~400,5,22.381608015792395,0.33615696817060076,0.6677596517541096,68.46023336522825
C2,T. cristatus,6,800,Ca~200,1,6.648771108696997,0.18849829543330132,0.6628206721705061,35.272314231879164
C2,T. cristatus,6,800,Ca~400,5,12.147655717627774,0.17029893198466087,0.6418261355948613,78.27884970220022
C3,F. cronquistii,1,200,Ca~200,1,12.566101885711495,0.6280444091031965,0.7918483260082987,20.008301488831037
C3,F. cronquistii,1,200,Ca~400,5,25.931387420302343,0.7668593821150926,0.8150455771670825,34.53599781583776
C3,F. cronquistii,1,800,Ca~200,1,10.372830194808163,0.3943239610467772,0.7247620309877176,26.305350979109466
C3,F. cronquistii,1,800,Ca~400,2,22.395807683898745,0.40606547283397443,0.7106158884785442,55.631462423472016
C3,F. cronquistii,2,200,Ca~200,1,8.28529263239884,0.24349073234726368,0.663642338328956,34.027137511675186
C3,F. cronquistii,2,200,Ca~400,3,17.69737704043291,0.2197065797851153,0.5951898834438719,84.66888935769339
C3,F. cronquistii,2,800,Ca~200,1,12.311043069252063,0.5020950237967209,0.7267520298979109,24.51934889965437
C3,F. cronquistii,2,800,Ca~400,1,25.061837347698862,0.45095357761669613,0.7094166264093248,55.57520461452255
C3,F. cronquistii,3,200,Ca~200,1,13.617964267117918,0.47416215142202,0.6989432649028728,28.72005752942832
C3,F. cronquistii,3,200,Ca~400,5,29.062268972602627,0.5529825263437587,0.7118318949670889,54.36970163533743
C3,F. cronquistii,3,800,Ca~200,1,7.437562096948109,0.19852536287250852,0.636728759476622,37.46403980495155
C3,F. cronquistii,3,800,Ca~400,5,18.06969065234808,0.22125437198346737,0.5999567969184223,84.40572871872833
C3,F. cronquistii,4,200,Ca~200,1,14.20669732958929,0.5559664473433861,0.7420750508909592,25.553155945784425
C3,F. cronquistii,4,200,Ca~400,5,31.072714729809654,0.6902386016524413,0.7507184249606258,48.57825759088669
C3,F. cronquistii,4,800,Ca~200,1,12.935619485172658,0.5367242809795668,0.738351030775101,24.101051403085524
C3,F. cronquistii,4,800,Ca~400,5,26.587253215346685,0.6028486487075936,0.7538828374721267,44.99238316110326
C3,F. pringlei,1,200,Ca~200,1,13.342939455599831,0.6589792931845696,0.7598496825091423,20.247888808643772
C3,F. pringlei,1,200,Ca~400,2,19.51666056510529,0.6083062347709048,0.7464932831365683,46.892848942136666
C3,F. pringlei,1,800,Ca~200,1,10.453170959421751,0.5315798308751831,0.7786321051120759,19.664348329792432
C3,F. pringlei,1,800,Ca~400,3,20.972083757916465,0.5896200041998945,0.7958960341754593,35.75215064469419
C3,F. pringlei,2,200,Ca~200,1,13.328165089811,1.0229269590279133,0.8259150328471784,13.029439660556747
C3,F. pringlei,2,800,Ca~200,1,9.892894727486848,0.6182124807947728,0.7976459652551153,16.0024183186476
C3,F. pringlei,3,200,Ca~200,1,13.670400240278264,0.8789688805008736,0.8052169402101499,15.55276932271856
C3,F. pringlei,3,800,Ca~200,1,9.808092966129287,0.9558343099104941,0.866092904889685,10.261289916499997
C3,F. pringlei,3,800,Ca~400,1,17.134599955131087,0.7125197532532209,0.8544247634958859,24.04789463997029
C3,F. pringlei,4,200,Ca~200,1,8.844741190285573,0.5347206585905103,0.804274744194245,16.540863062219717
C3,F. pringlei,4,200,Ca~400,1,17.84473617257564,0.7119758437778976,0.8436575822691189,25.063682045569998
C3,F. pringlei,4,800,Ca~200,1,9.565971003610025,0.7607993747597344,0.8430446422785411,12.573578949944622
C3,H. glutinosa,1,200,Ca~200,1,7.872517466354295,0.2785249358493677,0.7167269718056392,28.26503645839424
C3,H. glutinosa,1,200,Ca~400,5,17.368484296349465,0.3171715562762694,0.7139192135960568,56.8058541989107
C3,H. glutinosa,1,800,Ca~200,1,6.881211819646666,0.23216395705932968,0.7007774086293191,29.639449235818145
C3,H. glutinosa,1,800,Ca~400,5,11.371901955883798,0.12716827298377598,0.57439032103358445,91.22250659285712
C3,H. glutinosa,2,200,Ca~200,1,7.534351171863661,0.2480403575862513,0.6936230435738543,30.37550520077659
C3,H. glutinosa,2,200,Ca~400,5,15.206744192368383,0.21905272661929837,0.6330168083668554,75.63299104135233
C3,H. glutinosa,2,800,Ca~200,1,6.53673993324777,0.22101120758606135,0.6887495380710806,29.576508832487036
C3,H. glutinosa,2,800,Ca~400,1,7.588881711694794,0.06770116497589848,0.4885091813217652,112.0938127785013
C3,H. glutinosa,3,200,Ca~200,1,9.000154969490413,0.36241023886097906,0.7465800652584645,24.834163068287047
C3,H. glutinosa,3,200,Ca~400,5,16.355218701900718,0.2712946038198619,0.6659852988403069,70.35698719810281
C3,H. glutinosa,3,800,Ca~200,1,7.10415988989851,0.23911388459639776,0.6969563524833309,29.71036124434881
C3,H. glutinosa,3,800,Ca~400,5,12.056502839394955,0.16207872836035783,0.6046823086906216,83.26080724334044
C3,H. glutinosa,4,200,Ca~200,1,6.6925587922690415,0.23023891268788343,0.7046439134513439,29.06788741372146
C3,H. glutinosa,4,200,Ca~400,5,12.608455341302319,0.18437411778360338,0.6450658797058592,74.00255684326108
C3,H. glutinosa,4,800,Ca~200,1,6.176841637777515,0.235799410479482,0.7340695317747403,26.195322648251448
C3,H. glutinosa,4,800,Ca~400,5,9.33447870222039,0.1212901995195809,0.6070475743369037,85.02010476238863
PK,S. laxum,1,200,Ca~200,1,6.839892709031957,0.26039675826819847,0.7385375909456632,26.267196083858828
PK,S. laxum,1,200,Ca~400,5,14.995207893136453,0.30574098678135025,0.7486852466105298,51.75409394805695
PK,S. laxum,1,800,Ca~200,1,8.238540545436964,0.2680967062190871,0.6905610323669915,30.729734287389846
PK,S. laxum,1,800,Ca~400,5,13.682936596275404,0.15217717929524546,0.5727460985447109,92.53706308821475
PK,S. laxum,2,200,Ca~200,1,8.284953005775552,0.2360777849069724,0.6533673726423536,35.094166141216036
PK,S. laxum,2,200,Ca~400,5,17.212599985173913,0.19574507451450565,0.5833946257697257,89.05506266106698
PK,S. laxum,2,800,Ca~200,1,9.277558866644354,0.2828145433845293,0.6718177739406163,32.80439101757968
PK,S. laxum,2,800,Ca~400,5,16.988045165117924,0.20985589488046397,0.6141602566475749,82.06255125471331
PK,S. laxum,3,200,Ca~200,1,9.146605381286594,0.31989029522148427,0.7094070859600793,28.592944262199975
PK,S. laxum,3,200,Ca~400,5,12.510033243036698,0.1533706989550585,0.575573738490593,92.8016978009125
PK,S. laxum,3,800,Ca~200,1,8.156456072050174,0.3289267852971148,0.7471433873318907,24.79717808533764
PK,S. laxum,3,800,Ca~400,5,12.534864670105733,0.1711247082767282,0.6406113751504171,77.58660766383261
PK,S. laxum,4,200,Ca~200,1,6.1703198982999155,0.21421161669787836,0.7137168659653628,28.804786563011028
PK,S. laxum,4,200,Ca~400,5,13.248130298945776,0.13128346906162588,0.44279998039465596,125.15555814391949
PK,S. laxum,4,800,Ca~200,1,8.343142143264727,0.24962433566055817,0.6758718196189979,33.42279157673882
PK,S. laxum,4,800,Ca~400,5,12.660541603129992,0.1216739368191195,0.5186086202632871,108.5601986829382
PK,T. forrestii,1,200,Ca~200,1,11.29092432962413,0.31799045397797937,0.6445435742659391,35.507117236940765
PK,T. forrestii,1,200,Ca~400,5,24.28921955954202,0.3227242075398451,0.6177157412065899,79.46848805840291
PK,T. forrestii,1,800,Ca~200,1,10.234450998253694,0.2609925390569071,0.6159958834581627,39.21357689087872
PK,T. forrestii,1,800,Ca~400,5,19.250780941152964,0.18922622149833201,0.5201054741271995,104.36892575925793
PK,T. forrestii,2,200,Ca~200,1,16.653978669278516,0.7558888952182664,0.7492940765554217,22.032310270240977
PK,T. forrestii,2,200,Ca~400,4,26.10326460841634,0.4675205807969543,0.6718654449983489,65.42471910785828
PK,T. forrestii,2,800,Ca~200,1,12.584456865167612,0.3741790367059556,0.6611458382724931,33.632180402070375
PK,T. forrestii,2,800,Ca~400,5,26.077897955355525,0.3519777906639616,0.6299937051684691,75.97435586768503
PK,T. forrestii,3,200,Ca~200,1,13.007586877119184,0.498733976441693,0.7242086238220169,26.081212613434012
PK,T. forrestii,3,200,Ca~400,5,26.34835530524324,0.5906982038455777,0.737409366739185,50.23988461465726
PK,T. forrestii,3,800,Ca~200,1,11.790576880138353,0.4791528446121426,0.7413627601276424,24.60713113303629
PK,T. forrestii,3,800,Ca~400,5,25.96663011601831,0.6660883694606349,0.7655427458151458,45.26659911696298
PK,T. forrestii,4,200,Ca~200,1,13.272678848100519,0.42209690015934054,0.6835253961690582,31.444625258063056
PK,T. forrestii,4,200,Ca~400,5,28.190434310143605,0.4246580159123817,0.6698182074479735,68.81003771802762
PK,T. forrestii,4,800,Ca~200,1,12.752620206749302,0.5226610306130581,0.7409219998031299,24.39940890904196
PK,T. forrestii,4,800,Ca~400,5,23.60486310918715,0.5826149408632862,0.7706670494289284,43.31573440313558
sub-C2,F. angustifolia,1,200,Ca~200,1,12.93095885624593,0.5179166091062649,0.7377769244100708,24.967260421634375
sub-C2,F. angustifolia,1,200,Ca~400,5,26.413678685657665,0.6759662102087399,0.7811323767076334,40.54057620567487
sub-C2,F. angustifolia,1,800,Ca~200,1,15.120048931999824,0.6712341800795845,0.7488468201156339,22.525743445018136
sub-C2,F. angustifolia,1,800,Ca~400,5,31.010473005672196,0.9301159758543676,0.7913334955943492,35.58502499089869
sub-C2,F. angustifolia,2,200,Ca~200,1,17.045878815655737,0.7837463392019325,0.7556581370249413,21.74922926340312
sub-C2,F. angustifolia,2,200,Ca~400,5,33.159803359971676,0.9192190005843772,0.7596735215398355,43.41681831180146
sub-C2,F. angustifolia,2,800,Ca~200,1,11.848454212217451,0.4381197953339062,0.7167488849024924,27.043868682508023
sub-C2,F. angustifolia,2,800,Ca~400,5,24.969177176139333,0.5649978647362306,0.7524816325379476,46.273377403600875
sub-C2,F. angustifolia,3,200,Ca~200,1,17.12990512369748,0.6126655492981001,0.6923668889727367,27.9596349808184
sub-C2,F. angustifolia,3,800,Ca~200,1,11.31526218907376,0.3807001728792204,0.696176360561425,29.72224074262136
sub-C2,F. angustifolia,3,800,Ca~400,5,26.17693564901941,0.5305637972975955,0.7297645779556303,51.42711346970315
sub-C2,F. angustifolia,4,200,Ca~200,1,10.966648355109902,0.24685647619456336,0.5798845606974494,44.42520011695535
sub-C2,F. angustifolia,4,200,Ca~400,5,24.564650256165113,0.3900822536571169,0.6583818980802065,70.70860114414108
sub-C2,F. angustifolia,4,800,Ca~200,1,10.46163910052267,0.32758823476251725,0.6776522532362035,31.93533219563505
sub-C2,F. angustifolia,4,800,Ca~400,5,26.58181406412475,0.4911114037466062,0.7084853467410284,55.89427748167699
sub-C2,F. sonorensis,1,200,Ca~200,1,16.659169301041192,0.639871120360405,0.7180143680486938,26.03519485557963
sub-C2,F. sonorensis,1,200,Ca~400,5,29.31177001354197,0.6367703908904139,0.7253261286401002,51.725011479824566
sub-C2,F. sonorensis,1,800,Ca~200,1,12.828193473676654,0.500461126478024,0.7281266718463082,25.632747070595823
sub-C2,F. sonorensis,1,800,Ca~400,5,27.83581541438901,0.5354130899288708,0.7158103017914026,54.40028290123634
sub-C2,F. sonorensis,2,200,Ca~200,2,9.669215965714034,0.3190001434731653,0.679489983696792,31.75093917913538
sub-C2,F. sonorensis,2,200,Ca~400,10,16.954664340340674,0.27863677126426933,0.6385196081599862,75.83307035617734
sub-C2,F. sonorensis,2,800,Ca~200,1,12.359306103627526,0.5581435240649996,0.7486413502939969,22.14359850243143
sub-C2,F. sonorensis,2,800,Ca~400,1,23.791840684669765,0.3871307979216824,0.6856426743987719,61.45685337461298
sub-C2,F. sonorensis,3,200,Ca~200,1,18.723153366468075,1.0075258124543167,0.776465548277451,18.583298943834276
sub-C2,F. sonorensis,3,200,Ca~400,5,34.48442621646427,1.1587297291570386,0.8060162910685014,31.71987012382381
sub-C2,F. sonorensis,3,800,Ca~200,2,12.921934975499735,0.5390226573176298,0.7350751830727342,24.978813584334326
sub-C2,F. sonorensis,3,800,Ca~400,9,23.80666677878,0.48614422364603477,0.6671505835890598,68.24272282362723
sub-C2,F. sonorensis,4,200,Ca~200,1,14.74142572867214,0.5478440754947246,0.7137661766438187,26.908068167680845
sub-C2,F. sonorensis,4,200,Ca~400,5,27.029233271473814,0.4517033200521214,0.6457398699671024,71.88667088048518
sub-C2,F. sonorensis,4,800,Ca~200,1,15.029510420166124,0.5348007274584056,0.7039050552459368,28.10301042706613
sub-C2,F. sonorensis,4,800,Ca~400,5,29.889567381055176,0.7250270004673416,0.7379885975124463,48.827512841607444
sub-C2,H. isocalycia,1,200,Ca~200,1,8.520395590098213,0.3969225249105454,0.7827304654911198,21.466142774382625
sub-C2,H. isocalycia,1,200,Ca~400,5,12.76896886355755,0.24198812948333592,0.7139559082156149,61.04231337193499
sub-C2,H. isocalycia,1,800,Ca~200,2,10.55593950781871,0.41903448362069745,0.7318202712695534,25.621484465464277
sub-C2,H. isocalycia,1,800,Ca~400,10,16.297553042122058,0.25421094925436716,0.6647942464688171,69.68011128859905
sub-C2,H. isocalycia,2,200,Ca~200,1,6.8022393353781645,0.1581510728427837,0.5919904304465717,43.01102239211616
sub-C2,H. isocalycia,2,200,Ca~400,5,11.107300573634316,0.10033387092555719,0.4987337735491227,111.5002789646574
sub-C2,H. isocalycia,2,800,Ca~200,1,7.936282354311938,0.28049738812058966,0.7064047231501991,28.29360518287615
sub-C2,H. isocalycia,2,800,Ca~400,3,11.488164629206366,0.12435528118632663,0.5604127325655919,94.67244209986985
sub-C2,H. isocalycia,3,200,Ca~200,2,7.286605976316475,0.21731246110787986,0.671909396765969,33.54302476247997
sub-C2,H. isocalycia,3,200,Ca~400,10,11.905967501071865,0.12987789149059287,0.5456640724524053,100.29933567166547
sub-C2,H. isocalycia,3,800,Ca~200,1,4.677845975587824,0.09018381789670478,0.5167879385103997,51.87012575743645
sub-C2,H. isocalycia,3,800,Ca~400,5,11.113855569395305,0.09952245123261659,0.4942987776762877,113.92582426792563
sub-C2,H. isocalycia,4,200,Ca~200,1,7.867023683077045,0.20164206794038864,0.6234442119246465,39.014793705660516
sub-C2,H. isocalycia,4,200,Ca~400,5,14.10284465688359,0.1458144375980765,0.5445706528015181,99.30854445071846
sub-C2,H. isocalycia,4,800,Ca~200,1,7.601843456076975,0.3098286612357999,0.7501438601430295,24.535636650772844
sub-C2,H. isocalycia,4,800,Ca~400,5,11.377159971301982,0.20817380015966888,0.7229193225050059,57.726501404737256
