Species,CO2,Plant,CO2_Growth,Sigma_Estimated,N_Data_Points,R_d_Input,f_GDC_Input,f_Rd_Input,f_rubisco_Input,Status,Abs_at_Ambient_Cm,V_cmax,V_cmax_StdErr,g_bs,g_bs_StdErr,Gly_Shuttle_Rate,Cm_Used_for_GlyRate,L,C_bs
F. angustifolia,200,1,200,0.6189069449725277,8,2.0379564972435595,0.8681020914262425,0.4573861676715414,0.125061121926343,SUCCESS,4.682493923647469,119.65694341958468,2.5506819115764685,4.043706655348901,0.001957317102291,5.721613388791631,223.86860973224856,1.0391194651441626,480.84062914657596
F. angustifolia,200,4,200,0.311533308135917,8,2.0379564972435595,0.8681020914262425,0.4573861676715414,0.125061121926343,SUCCESS,5.097412600604117,120.93312822628278,1.4685831631480042,1.8078069617378,9.209545485908e-4,6.078112892455273,183.622699005727,0.9807002918511563,726.1033468888579
F. angustifolia,800,2,800,0.3676901040352934,8,2.367206810518846,0.8578370039851739,0.4886260319061323,0.1474221516940808,SUCCESS,4.11920752672868,128.6811650851408,1.5801900750615303,33.433380463377,0.0046595075529484,5.992667565202172,214.51576677493205,1.8734600384734925,270.55138185506684
F. angustifolia,200,3,200,0.5580913796768069,8,2.0379564972435595,0.8681020914262425,0.4573861676715414,0.125061121926343,SUCCESS,7.442452762706882,172.9901396663904,2.165352572887585,2.0248859529651,8.010607784667e-4,8.649171518180726,187.7509137049412,1.2067187554738439,783.6949735206607
F. angustifolia,800,4,800,0.8637182286501914,8,2.367206810518846,0.8578370039851739,0.4886260319061323,0.1474221516940808,SUCCESS,3.989582521138612,130.28704050315866,3.926224256392196,38.2404223467145,0.014092911180949,6.197660775047869,197.31917019746012,2.2080782539092576,255.06116462129967
F. angustifolia,200,2,200,0.5854155806051486,8,2.0379564972435595,0.8681020914262425,0.4573861676715414,0.125061121926343,SUCCESS,5.645589309823519,169.728503905375,2.489598929141664,27.3357511465401,0.0046185500030597,8.122268102631903,223.2170504310407,2.476678792808384,313.81923580840714
F. angustifolia,800,1,800,0.2694837306032543,8,2.367206810518846,0.8578370039851739,0.4886260319061323,0.1474221516940808,SUCCESS,5.293309793760777,152.64532864027709,1.1263129452690634,26.7336809128725,0.0021936266223952,7.088431723257717,216.85344921035912,1.7951219294969398,284.0017755237989
F. angustifolia,800,3,800,0.4113522702758059,8,2.367206810518846,0.8578370039851739,0.4886260319061323,0.1474221516940808,SUCCESS,4.155247171706142,121.78457787831456,1.768458344573638,17.9664614217922,0.0031135844576058,5.69121062927302,211.6800974945879,1.5359634575668784,297.1706914133131
F. cronquistii,200,1,200,0.5607768676394229,8,1.1459332336811563,0.0526491343822869,0.0786833529854936,0.0181288707314489,SUCCESS,0.4403299279705805,120.72107440187732,1.8310079861401287,108.0232594225157,0.0637105394465402,0.3810543383801048,249.56303444146465,-0.05927558959047574,249.0143045669232
F. cronquistii,800,1,800,0.2554345134306798,8,1.7636022704464749,0.0536007554884411,0.0799729580148663,0.0176066275206149,SUCCESS,0.3543411780019379,126.7381970256064,0.9732263954443638,111.0952938498506,0.0627090824204627,0.4252332009187867,213.9563350937745,0.07089202291684882,214.59445413968712
F. cronquistii,200,2,200,0.413843722161181,8,1.1459332336811563,0.0526491343822869,0.0786833529854936,0.0181288707314489,SUCCESS,0.3275404036096623,113.82471523694956,1.7922422517894745,111.7337512900544,0.0627394214114388,0.3849240588439973,192.71042199519465,0.057383655234334974,193.2239969407397
F. cronquistii,800,2,800,0.3657412121822541,8,1.7636022704464749,0.0536007554884411,0.0799729580148663,0.0176066275206149,SUCCESS,0.457453141510498,158.302142738614,1.4494460696818263,113.01395366400541,0.0618558244677889,0.5365267383251452,205.73911734627623,0.0790735968146472,206.43879729066376
F. cronquistii,800,3,800,1.0559584413545788,8,1.7636022704464749,0.0536007554884411,0.0799729580148663,0.0176066275206149,SUCCESS,0.247361809945645,108.47895301796332,4.5907066683172815,106.4196267601519,0.0647050920771618,0.3761321624245386,187.506640947623,0.12877035247889362,188.7166654177249
F. cronquistii,200,3,200,0.5869081487298499,8,1.1459332336811563,0.0526491343822869,0.0786833529854936,0.0181288707314489,SUCCESS,0.5544484040827494,170.93464512872967,2.454281613571325,110.38140390060009,0.0633715916717835,0.5712705216749719,202.1713115576888,0.01682211759222252,202.3237114819312
F. cronquistii,200,4,200,0.8736562424567214,8,1.1459332336811563,0.0526491343822869,0.0786833529854936,0.0181288707314489,SUCCESS,0.5361975822371364,165.16609211269918,3.523247159921695,113.4984319332274,0.064346627755568,0.550985098898972,203.64425918847644,0.014787516661835531,203.7745474788956
F. cronquistii,800,4,800,0.5092022096434362,8,1.7636022704464749,0.0536007554884411,0.0799729580148663,0.0176066275206149,SUCCESS,0.4496241978734656,150.07301594587358,1.9142788924458929,108.156924217892,0.064146362910909,0.5013542561437044,217.50023706506545,0.051730058270238855,217.97852413401006
F. pringlei,200,1,200,0.9015500496940374,8,1.4410241959019925,0.0315805733480407,0.0541623953315169,0.0113533809315291,SUCCESS,0.3012651777916425,148.19054314567765,3.358067747853113,95.5511476302245,0.0685107426444916,0.2918587114694052,222.2327683878325,-0.00940646632223735,222.13432408281338
F. pringlei,800,1,800,0.8810153420305598,8,2.228132771295143,0.0138052017677195,0.0495236851093281,0.0068562212040635,SUCCESS,0.0875550038378308,116.79776137642176,3.1243327577016373,102.5228450546956,0.067217276451362,0.0991356343035137,237.8858713891195,0.011580630465682903,237.99882797415677
F. pringlei,800,2,800,0.2822437232890985,8,2.228132771295143,0.0138052017677195,0.0495236851093281,0.0068562212040635,SUCCESS,0.0863499035485901,119.46556831466232,1.0004898298447389,101.8219979335203,0.0665168587364363,0.102553102665892,228.4197410358018,0.016203199117301906,228.57887363431828
F. pringlei,200,3,200,0.7198323362862793,8,1.4410241959019925,0.0315805733480407,0.0541623953315169,0.0113533809315291,SUCCESS,0.2982296249985945,139.67400317336177,2.4808476220314333,91.4828094165391,0.0728868968523005,0.2696956577439336,238.7452936266509,-0.028533967254660897,238.43338839072027
F. pringlei,200,2,200,0.9936902696080228,8,1.4410241959019925,0.0315805733480407,0.0541623953315169,0.0113533809315291,SUCCESS,0.2813637105162565,128.87124770685523,3.351405941782957,99.845052514001,0.0688500451235009,0.2454420773999268,250.4011195872435,-0.03592163311632973,250.0413457956348
F. pringlei,200,4,200,0.53441719929079,8,1.4410241959019925,0.0315805733480407,0.0541623953315169,0.0113533809315291,SUCCESS,0.1729909066515877,89.9027065817456,1.8264151905839296,88.07850847117139,0.0714189492469375,0.1718865837388861,247.10973240343208,-0.0011043229127015997,247.097194465042
F. pringlei,800,3,800,0.9176665628488668,8,2.228132771295143,0.0138052017677195,0.0495236851093281,0.0068562212040635,SUCCESS,0.0663774883662837,94.18172944482193,2.817900171931157,101.246932024423,0.068407218956363,0.0767943407101697,272.36733145410494,0.010416852343886007,272.47021706392644
F. pringlei,800,4,800,0.8358544587636751,8,2.228132771295143,0.0138052017677195,0.0495236851093281,0.0068562212040635,SUCCESS,0.0641070647938817,95.3450183301069,2.573514373308022,99.61605665258449,0.0698785946909608,0.0786509780708802,262.2485978572454,0.014543913276998499,262.394597546108
F. sonorensis,200,1,200,0.4119246913184938,8,2.383434856935553,0.8035283107338936,0.326115179092953,0.1175093557545264,SUCCESS,6.298395658349719,159.49410126496525,1.5674146141358989,1.8694106074138,8.362791560157e-4,7.265452037355053,207.30967067086377,0.9670563790053341,724.6151653386133
F. sonorensis,200,3,200,0.7519251897285804,8,2.383434856935553,0.8035283107338936,0.326115179092953,0.1175093557545264,SUCCESS,6.22559269782835,170.24319523189558,3.09905574070794,7.2544796707577,0.0024002957707534,7.544254746401609,229.98503638988456,1.3186620485732599,411.7571425119396
F. sonorensis,200,2,200,0.3426285337540096,8,2.383434856935553,0.8035283107338936,0.326115179092953,0.1175093557545264,SUCCESS,3.5569757124179304,92.97867984792248,1.2820097735873688,1.1821457502244002,6.358441139585e-4,4.229495685408993,208.45528013192524,0.6725199729910623,777.3529586655591
F. sonorensis,800,1,800,0.5273473292947238,8,1.9430792891126965,0.7872488012599169,0.3201844550942671,0.1309322049082482,SUCCESS,4.340162274513143,141.364584757278,2.1932606562125017,37.867118902643,0.0078965793872495,6.147789578965312,215.9374706364911,1.8076273044521685,263.67353709297566
F. sonorensis,800,2,800,0.5154866442671378,8,1.9430792891126965,0.7872488012599169,0.3201844550942671,0.1309322049082482,SUCCESS,4.25545644614756,143.45346522947565,2.2533293300875528,50.4731555493318,0.0113093082490497,6.267867708702243,212.1130051669473,2.012411262554683,251.98392745528685
F. sonorensis,800,3,800,0.3452541366877479,8,1.9430792891126965,0.7872488012599169,0.3201844550942671,0.1309322049082482,SUCCESS,4.467485602698147,124.03290676090508,1.4211049575424255,7.0217458376936,0.0014235049928464,5.290834011444976,231.93404459044075,0.8233484087468286,349.1909815087485
F. sonorensis,800,4,800,0.1219883871417052,8,1.9430792891126965,0.7872488012599169,0.3201844550942671,0.1309322049082482,SUCCESS,5.627098354220394,153.82363881361408,0.5649674540622414,8.2863932418261,4.781389059205e-4,6.8038610747780295,202.1700162769503,1.1767627205576359,344.181466399526
F. sonorensis,200,4,200,0.5233666035075325,8,2.383434856935553,0.8035283107338936,0.326115179092953,0.1175093557545264,SUCCESS,5.277906705994464,166.344122552239,2.575296877854953,19.779365592237202,0.0035020832190861,7.710526822325389,193.31138004468067,2.4326201163309245,316.2991525789855
H. aturensis,800,1,800,0.5640673473729154,8,1.4162813380657395,0.7871807017959385,0.4458581456623429,0.1664281232900816,SUCCESS,3.1740844390793224,89.87582409213971,2.615247422616221,10.8351455096457,0.0042168075659578,3.8189876031085785,200.83240138841708,0.6449031640292562,260.3519679189402
H. aturensis,800,2,800,0.7583289780371278,8,1.4162813380657395,0.7871807017959385,0.4458581456623429,0.1664281232900816,SUCCESS,3.806527010593944,98.0775357083652,3.016312652176552,1.9086765717385001,0.0012993952181098,4.1968011940867465,195.21185657284684,0.3902741834928025,399.6855685005439
H. aturensis,200,1,200,0.1167610208785617,8,1.5439481716752956,0.8916162846219234,0.5099544117369806,0.2391994390450564,SUCCESS,4.476135393237986,106.09470534154786,0.627639339298895,3.4403391728208,0.0014775073347919,4.549590655573078,220.44878115821217,0.07345526233509148,241.79994993697653
H. aturensis,200,2,200,0.2338846895313237,8,1.5439481716752956,0.8916162846219234,0.5099544117369806,0.2391994390450564,SUCCESS,5.264087928205486,123.35853492174938,0.9734864636530318,2.7614976254252,8.373554523628e-4,5.514195360367191,186.9136654878116,0.2501074321617054,277.48315570172963
H. aturensis,200,3,200,0.1938772746127335,8,1.5439481716752956,0.8916162846219234,0.5099544117369806,0.2391994390450564,SUCCESS,4.9840621950885335,117.48565328873184,0.8003190945890069,2.8989963962898,0.0010505440203483,5.159570960183839,201.0324503235064,0.1755087650953051,261.57366566269246
H. aturensis,800,3,800,0.7014416016319636,8,1.4162813380657395,0.7871807017959385,0.4458581456623429,0.1664281232900816,SUCCESS,5.380050824768679,137.36979827536516,2.641902963499561,2.4934246799964,0.0012408403145482,5.786612296797943,207.8536470280782,0.4065614720292645,370.90708725866557
H. aturensis,800,4,800,0.4632317299943945,8,1.4162813380657395,0.7871807017959385,0.4458581456623429,0.1664281232900816,SUCCESS,3.452444471899186,90.3626978062309,1.6634345953373,2.1036716999186003,0.0013362692361857,3.761934910423824,217.46460873623008,0.3094904385246382,364.58378067575546
H. aturensis,200,4,200,0.1981462635583858,8,1.5439481716752956,0.8916162846219234,0.5099544117369806,0.2391994390450564,SUCCESS,6.578916076377455,154.44951404120184,0.803719727348323,3.3322640256576,8.799978087604e-4,6.687236777836829,212.54867231634188,0.10832070145937411,245.05531063351356
H. glutinosa,800,1,800,0.4028636345580677,8,0.8568603397077003,0.0338163972049261,0.0614031375982746,0.0286610563276531,SUCCESS,0.382112120248774,76.69512967294487,1.6018041124678175,82.8701227699804,0.0742485047976767,0.1620777261449569,206.09500221082288,-0.2200343941038171,203.439830639344
H. glutinosa,200,1,200,0.2724684470833099,8,0.5661425882250397,0.0334309223440104,0.0477901133040915,0.0215407576098221,SUCCESS,0.3595173448549995,85.23715378143865,1.038428225416375,75.0876531693524,0.0740136996919981,0.1764615185817134,219.4997942134707,-0.18305582627328607,217.06189905299175
H. glutinosa,200,2,200,0.2702125697567271,8,0.5661425882250397,0.0334309223440104,0.0477901133040915,0.0215407576098221,SUCCESS,0.3432691953397672,88.2329139814521,1.0906814147413115,92.5651203883564,0.0711769952361739,0.1877687797828658,197.1090350645683,-0.1555004155569014,195.42913214968524
H. glutinosa,800,2,800,0.3505855375783492,8,0.8568603397077003,0.0338163972049261,0.0614031375982746,0.0286610563276531,SUCCESS,0.4178000007590419,89.11686980145406,1.5653012169948326,73.36406115352739,0.0746140681271322,0.1925817502634501,188.2023952146156,-0.2252182504955918,185.13252357781673
H. glutinosa,200,3,200,0.2175815951896757,8,0.5661425882250397,0.0334309223440104,0.0477901133040915,0.0215407576098221,SUCCESS,0.3943241145158819,95.01147542905191,0.827057722434887,99.0487137063037,0.0678400808057605,0.1983309963651394,212.7139694399989,-0.1959931181507425,210.735214635248
H. glutinosa,800,3,800,0.6522969319305257,8,0.8568603397077003,0.0338163972049261,0.0614031375982746,0.0286610563276531,SUCCESS,0.4134890870937086,81.36695971681603,2.633186677323401,82.6027208836535,0.0710514515448985,0.1712265910289878,209.52032435462027,-0.24226249606472078,206.58746096376478
H. glutinosa,800,4,800,0.3046987387151056,8,0.8568603397077003,0.0338163972049261,0.0614031375982746,0.0286610563276531,SUCCESS,0.331537821737056,64.395038054575,1.0852307676744566,85.2993509550459,0.0743134316618887,0.1337985733205782,219.93420254646333,-0.19773924841647778,217.61602255795802
H. glutinosa,200,4,200,0.2505783991874838,8,0.5661425882250397,0.0334309223440104,0.0477901133040915,0.0215407576098221,SUCCESS,0.3071968965104159,75.05882250112188,0.9398777389113776,106.2244960058075,0.0650332017696592,0.1566494167985215,212.87852950213124,-0.15054747971189436,211.4612718509049
H. isocalycia,800,1,800,0.201301668823957,8,1.1731788211778458,0.3294668344016894,0.2671547615433706,0.0918974492622538,SUCCESS,1.9571099362874655,106.74364905287776,0.8001706261885673,5.1377327425192,0.0014274252037816,1.9937692875658803,230.84778104083296,0.0366593512784148,237.9830979433699
H. isocalycia,200,2,200,0.2263905482033507,8,0.929642081402902,0.4432680408393645,0.2902453639588172,0.0912340392043224,SUCCESS,1.8792313322453131,89.70373797687186,1.3142479668214977,5.4821072068731995,0.0014994800739129,2.432483612895473,170.2338526361337,0.5532522806501599,271.153491704213
H. isocalycia,200,1,200,0.1780597250954503,8,0.929642081402902,0.4432680408393645,0.2902453639588172,0.0912340392043224,SUCCESS,1.5410123596340015,73.5911582594903,0.611344800315571,10.9594060211898,0.0025022661350745,1.785319198910822,261.4102006684609,0.2443068392768204,283.7021787924995
H. isocalycia,800,3,800,1.3963284119908446,8,1.1731788211778458,0.3294668344016894,0.2671547615433706,0.0918974492622538,SUCCESS,1.4306939937419845,96.3388594671974,6.695588651076776,99.852963167077,0.0655702756998289,1.9022351132292028,185.72721444234395,0.47154111948721833,190.44956923814726
H. isocalycia,200,3,200,0.4279575706945887,8,0.929642081402902,0.4432680408393645,0.2902453639588172,0.0912340392043224,SUCCESS,1.6292338686280368,85.42630028960538,2.0715937691779587,13.9772119817922,0.0096573871879427,2.240011807130429,196.66906900941652,0.6107779385023924,240.36719273380726
H. isocalycia,800,2,800,0.1640781954679591,8,1.1731788211778458,0.3294668344016894,0.2671547615433706,0.0918974492622538,SUCCESS,1.590300546329675,91.64585968370304,0.726462992930692,8.222012231067401,0.0017894206809171,1.7645510507479265,205.87610138396573,0.1742505044182514,227.06927156192225
H. isocalycia,200,4,200,0.3889877446452119,8,0.929642081402902,0.4432680408393645,0.2902453639588172,0.0912340392043224,SUCCESS,1.9392968840740497,100.84606728064448,2.0745149240852,13.7094695848965,0.0054401625517781,2.706017830231948,178.4199619681805,0.7667209461578985,234.3463376320926
H. isocalycia,800,4,800,0.3164454304200903,8,1.1731788211778458,0.3294668344016894,0.2671547615433706,0.0918974492622538,SUCCESS,1.3756037604148137,77.31476970903792,1.201624777685346,4.5623980108657,0.0028887150813811,1.4371886169970651,234.8588319931563,0.061584856582251435,248.3571844901507
S. hians,800,1,800,1.7883039625934425,8,1.6408298404803516,0.6487060023919944,0.352296487196694,0.1203947809621367,SUCCESS,3.4487051584349406,107.9247803492098,6.654194398674669,2.6812749209773,0.005092661344235,3.9358672900265503,211.4734915377536,0.4871621315916097,393.1639730994293
S. hians,200,1,200,0.9377817469555336,8,1.7778030543702097,0.9014661593366818,0.4781226716355543,0.1485155729389827,SUCCESS,4.878608712848248,113.71098290949794,3.380524186715689,1.9007368762367,0.0013404725691597,5.494709930226775,223.89885765972585,0.6161012173785272,548.0369459354456
S. hians,200,2,200,0.5313860938858126,8,1.7778030543702097,0.9014661593366818,0.4781226716355543,0.1485155729389827,SUCCESS,4.115665127218898,94.585597680756507,2.096436990506753,1.4468730526209,7.587433246047e-4,4.801798039775817,184.02581542238573,0.6861329125569187,658.2435854707264
S. hians,800,3,800,2.605181569728815,8,1.6408298404803516,0.6487060023919944,0.352296487196694,0.1203947809621367,SUCCESS,3.7292191256171137,117.55210347726764,10.623864997315929,3.9911022948302,0.0122983166610541,4.391619420557413,192.03960070217371,0.6624002949402996,358.0088608232003
S. hians,800,2,800,1.9310171141382584,9,1.6408298404803516,0.6487060023919944,0.352296487196694,0.1203947809621367,SUCCESS,3.5337813950499446,109.6165414423534,7.130609376683395,2.6803691498993003,0.004456067988478,4.09351942518177,192.3577441216672,0.5597380301318258,401.18645346301105
S. hians,200,3,200,1.0244020432887877,8,1.7778030543702097,0.9014661593366818,0.4781226716355543,0.1485155729389827,SUCCESS,4.793586971723984,109.92861636236871,4.194133114391576,1.9221976146768,0.0013478048212084,5.523147347698322,192.23914136609292,0.7295603759743381,571.7840801402507
S. hians,800,4,800,1.395617461118798,8,1.6408298404803516,0.6487060023919944,0.352296487196694,0.1203947809621367,SUCCESS,3.3360253990826214,105.3458343638824,4.713547884536268,2.1074245509174,0.0027562939101207,3.669686131576437,249.72471329900603,0.33366073249381545,408.051013687111
S. hians,200,4,200,0.2302157060206597,8,1.7778030543702097,0.9014661593366818,0.4781226716355543,0.1485155729389827,SUCCESS,5.223193060500928,117.51766070774342,1.0022439857355891,1.6826363504453001,6.059718686826e-4,6.052301057008972,172.7868092051581,0.8291079965080437,665.530233111711
S. laxum,200,1,200,0.3279510636480912,8,0.9305191665371012,0.3384775974353286,0.2525628728610073,0.0794736024196168,SUCCESS,1.092504203114751,70.57177520791055,1.112673899793485,134.0628377010708,0.0514360647806439,1.3626259612828435,237.03517671772855,0.2701217581680926,239.05006587568
S. laxum,800,1,800,0.2274980270969528,8,1.0924663542247384,0.3767981015992269,0.2885611086738183,0.0666769514253212,SUCCESS,1.1336827442009585,94.6632774920632,0.9239148908418002,104.5287921061486,0.0494185447551458,2.142562378522813,205.8081093540441,1.0088796343218545,215.45980066314618
S. laxum,200,2,200,0.4201464772122341,8,0.9305191665371012,0.3384775974353286,0.2525628728610073,0.0794736024196168,SUCCESS,1.4555653356738945,105.75539872779156,1.8077942220860803,142.1776215599981,0.0475305168846784,2.171772311858461,186.7653656421028,0.7162069761845666,191.80277566715608
S. laxum,800,2,800,0.3501270250126485,8,1.0924663542247384,0.3767981015992269,0.2885611086738183,0.0666769514253212,SUCCESS,1.3781920870501558,103.4603995745356,1.6198786991807808,30.6618020167202,0.0235687356555551,2.348798507953612,203.35107692683204,0.9706064209034562,235.00630776989124
S. laxum,800,3,800,0.2653652288589668,8,1.0924663542247384,0.3767981015992269,0.2885611086738183,0.0666769514253212,SUCCESS,1.019189930411225,83.69059448558362,0.9772471094191886,147.3744750898163,0.0430955589659236,1.8565103828988063,222.2537768245043,0.8373204524875812,227.93536077570946
S. laxum,200,3,200,0.2792862905949421,8,0.9305191665371012,0.3384775974353286,0.2525628728610073,0.0794736024196168,SUCCESS,1.4803031253709538,97.22197856770988,1.178077464405419,50.242111263918304,0.035806113744116,1.941322470279392,209.25424748818628,0.4610193449084383,218.4302023457904
S. laxum,200,4,200,0.3563023207679008,8,0.9305191665371012,0.3384775974353286,0.2525628728610073,0.0794736024196168,SUCCESS,0.9981189329391178,67.4049193767171,1.2431019674064885,132.8094103341845,0.0507215397199148,1.3171267872537331,227.04341873582047,0.3190078543146153,229.44541610567478
S. laxum,800,4,800,1.1413411100920945,8,1.0924663542247384,0.3767981015992269,0.2885611086738183,0.0666769514253212,SUCCESS,1.1003871834677117,106.66444284731593,5.128534713404285,106.2674839644623,0.0614440401962506,2.5469145608364863,163.60712855917447,1.4465273773687746,177.21926393119963
T. cristatus,200,1,200,2.173033579830732,8,1.932456293809772,0.8161856504215941,0.4187827774815925,0.0943950549978757,SUCCESS,7.64487653852575,186.9059704050229,11.943381426287004,2.2196660953539,0.0019434714182743,9.69659208047114,138.54806301510314,2.0517155419453896,1062.883280028123
T. cristatus,200,6,200,1.306307567536991,8,1.932456293809772,0.8161856504215941,0.4187827774815925,0.0943950549978757,SUCCESS,4.568048627269294,119.93051866601408,4.947626556430542,1.3687409658577,0.0012209305212584,5.678047950053505,209.67653052452576,1.1099993227842102,1020.6402924578487
T. cristatus,800,6,800,0.2300297738912174,8,1.422182976998262,0.7561359245726862,0.4998875675838674,0.1212551955490179,SUCCESS,2.2497140332156507,63.10590741427314,0.9063265286980844,0.7885354856498,3.772788727635e-4,2.735498223140351,194.89461934737693,0.4857841899247002,810.9533748064102
T. cristatus,200,2,200,0.910791714354694,8,1.932456293809772,0.8161856504215941,0.4187827774815925,0.0943950549978757,SUCCESS,6.417618044164029,156.93979551600677,4.780486505854654,1.6480932306333,0.0010205275090305,8.16227180813651,136.7003213635486,1.7446537639724804,1195.2895634916022
T. cristatus,800,1,800,0.5774287937350235,8,1.422182976998262,0.7561359245726862,0.4998875675838674,0.1212551955490179,SUCCESS,5.947641697472292,154.20837183594017,2.508876342689206,1.8705030403278,8.471377427676e-4,6.917748449152208,167.96725017410637,0.970106751679916,686.6013987237434
T. cristatus,800,3,800,0.3758459022198612,8,1.422182976998262,0.7561359245726862,0.4998875675838674,0.1212551955490179,SUCCESS,4.252802072063153,113.85848483870924,1.4324179515161717,1.3892200881289,6.156573538451e-4,4.939469433988338,194.25382800272823,0.6866673619251848,688.5364602457136
T. cristatus,800,2,800,0.6609321091596256,7,1.422182976998262,0.7561359245726862,0.4998875675838674,0.1212551955490179,SUCCESS,5.371767713248635,136.75341042737972,3.741769483061205,1.8730196171923998,0.0011303414469891,6.433739922902297,132.08848941932345,1.0619722096536623,699.0725187940541
T. cristatus,200,3,200,2.5726020660840643,8,1.932456293809772,0.8161856504215941,0.4187827774815925,0.0943950549978757,SUCCESS,8.554796307498105,209.0833099812913,12.760087928619312,2.5410998882184,0.0022069727928777,10.795269956311026,142.11610459547225,2.2404736488129213,1023.8105469118458
T. cristatus,200,4,200,1.1130347556385227,8,1.932456293809772,0.8161856504215941,0.4187827774815925,0.0943950549978757,SUCCESS,5.967859574591867,149.32098399236526,5.406731248186446,1.6644443517017,0.0012900309388734,7.525111485778543,160.41398892333254,1.5572519111866754,1096.0126525822088
T. cristatus,800,4,800,0.9307226412110596,8,1.422182976998262,0.7561359245726862,0.4998875675838674,0.1212551955490179,SUCCESS,5.871862263332275,166.37824337766378,6.298086728893452,8.0461889251428,0.0038016756799339,7.667913570554506,147.4062990225633,1.796051307222231,370.6239395641512
T. forrestii,200,1,200,0.8778748749893326,8,2.281661790671401,0.3519372249371659,0.2814788365228409,0.0870707393184862,SUCCESS,2.0714787890656448,157.75778476349603,4.034417476050919,156.84565402553469,0.0413919414759717,3.4032536945221974,172.23262400520198,1.3317749054565526,180.72361416830677
T. forrestii,800,1,800,1.6123828031990466,8,1.8579903761298235,0.1805861262875186,0.1983923977579862,0.0750871088328947,SUCCESS,1.7831233713633332,172.62483424825007,8.350891291977447,133.65634002715097,0.0542140889101533,1.9771841069546736,156.03627420465597,0.1940607355913404,157.48821232859322
T. forrestii,200,2,200,1.3199079664650584,8,2.281661790671401,0.3519372249371659,0.2814788365228409,0.0870707393184862,SUCCESS,3.276653980397491,190.2507723696677,5.170501713930435,84.25027362788549,0.0549857405913264,3.8361349395444138,226.4785270018068,0.559480959146923,233.11922898478227
T. forrestii,200,3,200,0.3922044318131334,8,2.281661790671401,0.3519372249371659,0.2814788365228409,0.0870707393184862,SUCCESS,2.3336821781142105,148.24331396748568,1.5020448635150672,125.01497841996809,0.0434009117045619,3.017824237527789,218.57776750031255,0.6841420594135785,224.05024822270497
T. forrestii,800,2,800,0.5903778454023418,8,1.8579903761298235,0.1805861262875186,0.1983923977579862,0.0750871088328947,SUCCESS,2.1425276444028314,181.88672598328256,2.6974943683503625,153.1884623374073,0.0430939790796734,2.0142050758568177,182.0962109891422,-0.12832256854601365,181.25853322550375
T. forrestii,800,3,800,2.801505503680536,8,1.8579903761298235,0.1805861262875186,0.1983923977579862,0.0750871088328947,SUCCESS,1.5425765895551378,123.25075286366692,9.720859763917986,119.19262278337001,0.0612439000463244,1.3131060265530448,213.0872253698789,-0.229470563002093,211.1620176041336
T. forrestii,200,4,200,2.7247192017684,8,2.281661790671401,0.3519372249371659,0.2814788365228409,0.0870707393184862,SUCCESS,2.547754787600047,172.12383378959078,11.193723604983589,136.4328014074219,0.0534885193828368,3.6174692448337553,192.76776038815257,1.0697144572337085,200.6083562433918
T. forrestii,800,4,800,0.997065749559114,8,1.8579903761298235,0.1805861262875186,0.1983923977579862,0.0750871088328947,SUCCESS,1.8293558464623887,133.20238434380303,3.544103882821716,120.034122408337,0.0565041403015662,1.382218731895856,234.90739849761388,-0.4471371145665326,231.1823151163613
