Species,CO2,V_cmax_Mean,V_cmax_SE,g_bs_Mean,g_bs_SE,Gly_Shuttle_Rate_Mean,Gly_Shuttle_Rate_SE,Abs_at_Ambient_Cm_Mean,Abs_at_Ambient_Cm_SE,L_Mean,L_SE,C_bs_Mean,C_bs_SE,PhotosyntheticType,Genus,Family
F. angustifolia,200,145.82717880440822,14.758316182904636,8.803037679147977,6.198046021875958,7.142791475514883,0.7292600665182633,5.7169871491954964,0.6080281030953107,1.4258043263193867,0.3535508467713956,576.1145463411254,109.33976985481038,`sub-`*C[2],Flaveria,Asteraceae
F. angustifolia,800,133.3495280267228,6.691091313826242,29.09348628618905,4.39583595100115,6.242492673195194,0.3005477294383969,4.389336753333552,0.30341644034638404,1.853155919861642,0.13855237355499567,276.6962533533696,9.029626137647716,`sub-`*C[2],Flaveria,Asteraceae
F. cronquistii,200,142.66163172006392,14.772637522508257,110.9092116365994,1.1543839833704026,0.4720585044495115,0.05159667425191855,0.4646290794750322,0.05210031627779284,0.007429424974479321,0.024302517491089432,212.08414011712244,12.529489693914503,C[3],Flaveria,Asteraceae
F. cronquistii,800,135.89807718201433,11.32321662495165,109.67144962297498,1.4738782395586056,0.45981158945304373,0.03629614153470147,0.37719508183288664,0.04921577694440349,0.08261650762015713,0.01641687624372984,206.93211024552147,6.536949860180603,C[3],Flaveria,Asteraceae
F. pringlei,200,126.65962515191006,12.874123925012118,93.739379507984,2.5445909307489725,0.2447207575880379,0.02606253619738231,0.2634623549895203,0.03047315481117539,-0.018741597401482395,0.00810998488574503,239.42656318355262,6.268440286098413,C[3],Flaveria,Asteraceae
F. pringlei,800,106.44751936650323,6.771953433996161,101.30195791630584,0.6195628797779311,0.0892835139376139,0.00672170940302335,0.07609736513664657,0.006289113180965973,0.013186148800967329,0.0013289346916422818,250.36062905462737,10.25064743783768,C[3],Flaveria,Asteraceae
F. sonorensis,200,147.26502472425557,18.231305143622812,7.521350405158275,4.3056174107205605,6.687432322872761,0.8244405337555158,5.339717693647616,0.6380848645798735,1.3477146292251452,0.38499485880357676,557.5061047737744,113.9011380819933,`sub-`*C[2],Flaveria,Asteraceae
F. sonorensis,800,140.6686488903182,6.178195562163939,25.912103382873624,10.853873908127502,6.1275880934726406,0.31326094148205935,4.672550669394811,0.3211519111344124,1.455037424077829,0.27559829496780175,302.25747811413424,25.7819784203648,`sub-`*C[2],Flaveria,Asteraceae
H. aturensis,200,125.34710189830773,10.341509958152754,3.10827430504835,0.1644409164340781,5.477648438490235,0.4497132566814841,5.325800398227365,0.44840671196005377,0.15184804026286902,0.03900298583706279,256.4780204837281,8.231572149423801,C[2],Homolepis,Poaceae
H. aturensis,800,103.92146397052524,11.306571484439594,4.3352296153248,2.1700453615880075,4.391084001104273,0.4750761254865699,3.9532766865852826,0.4928821169604779,0.43780731451899035,0.07222050307182748,348.8821010884763,30.48253535190741,C[2],Homolepis,Poaceae
H. glutinosa,200,85.88509142326613,4.147600488516149,93.231495817455,6.660212459777357,0.17980267788206003,0.008916250190790379,0.35107688780526614,0.018092304144395516,-0.17127420992320608,0.010909631989457783,208.67187942220747,4.635019301033959,C[3],Homolepis,Poaceae
H. glutinosa,800,77.89349931144748,5.177463330285288,81.03406394055179,2.627632215183442,0.16492116018949327,0.012184577792883374,0.3862347574596451,0.019891191483011203,-0.22131359727015187,0.009180999229075936,203.19395943472088,6.744057107437787,C[3],Homolepis,Poaceae
H. isocalycia,200,87.391815951653,5.632371220811925,11.032048698687925,1.9716680097321198,2.2909581122921683,0.19377183178340776,1.7471936111453503,0.09607411921390298,0.5437645011468177,0.10953130692893939,257.3923002156531,11.911306876537136,`sub-`*C[2],Homolepis,Poaceae
H. isocalycia,800,93.01078447820403,6.109388621125249,29.44377653788232,23.48347575861511,1.7744360171350186,0.12188560686858221,1.5884270591934846,0.13105471193872542,0.186008957941534,0.09977204790408627,225.96478080839753,12.61087441492336,`sub-`*C[2],Homolepis,Poaceae
S. hians,200,108.93571441509164,5.027960951266932,1.738110973494925,0.11114256462674586,5.467989093677471,0.25641558501831757,4.752763468073015,0.23178687794211578,0.7152256256044569,0.044578314729432515,610.8987111645334,29.871525183158543,C[2],Steinchisma,Poaceae
S. hians,800,110.10981490817831,2.6315531616012313,2.86504272915605,0.39894343663839393,4.022673066835543,0.15090715627128007,3.511932769546155,0.08298185382019076,0.5107402972893876,0.06911019876317984,390.10257526818793,11.121965732553331,C[2],Steinchisma,Poaceae
S. laxum,200,85.23851797003228,9.564240281564222,114.82299521479293,21.626852179073566,1.6982118826686075,0.21236878271900733,1.2566228992746793,0.12361572971221078,0.4415889833939282,0.10009150956580945,219.68211499857532,10.203203812742887,PK,Steinchisma,Poaceae
S. laxum,800,97.11967859987459,5.145236256066541,97.20813829428684,24.291184847687592,2.223696457552929,0.14762814137347577,1.1578629862825127,0.07727832872485876,1.0658334712704165,0.1321167351746253,213.90518328498663,12.878848450636886,PK,Steinchisma,Poaceae
T. cristatus,200,164.43611571214007,15.433205301958239,1.888408906353,0.21374088953550696,8.371458656150145,0.8844592617224991,6.630639818409809,0.6881130963947996,1.7408188377403353,0.19722531208577035,1079.7272670943257,32.0324274736124,C[2],Tribulus,Zygophyllaceae
T. cristatus,800,126.8608835787932,18.222415160500603,2.79349343128834,1.3281911240760511,5.73887391994754,0.873300950406773,4.7387575558664015,0.692008648614478,1.0001163640811388,0.22372159244315573,651.1575384268145,73.88609672589855,C[2],Tribulus,Zygophyllaceae
T. forrestii,200,167.09392622256004,9.147169932773838,125.63592687020254,15.285552656440787,3.468670529107039,0.1743351397973336,2.557392433794348,0.25877731824809597,0.9112780953126907,0.17731132036109287,209.62536190479645,11.820379819680484,PK,Tribulus,Zygophyllaceae
T. forrestii,800,152.74117435975063,14.422992018837654,131.51788688906632,7.947619161369694,1.671678485315098,0.18775411826679753,1.8243958629459227,0.12327406905799196,-0.1527173776308247,0.1333617259818001,195.27276956864796,16.243037612787006,PK,Tribulus,Zygophyllaceae
