PC1,PC2,PC3,PC4,PC5,PC6,PC7,PC8,PC9,PC10,PC11,PC12,PC13,PC14,PC15,PC16,PC17,PC18,PC19,PC20,PC21,PC22,Species,CO2,PhotosyntheticType
-5.120616868335228,0.7598424456709342,-0.6329979303787444,-2.084774056351527,1.006098682034287,-0.6991415940995618,-0.8886668323571867,-1.1938122111224836,0.3099670898636628,0.294450741214191,0.21833478931193062,0.13755264040321938,-0.1545261612713311,-0.09539671896339973,0.27670235565725493,-0.16114368713897326,0.025379393915568454,0.19897865064360112,-0.11812473632213842,-0.0682242807096094,0.08723857392710672,7.913658565297876e-16,F. cronquistii,200,C[3]
-5.02900187491073,1.1008094312562218,-0.31434205463228854,-2.4477939909758724,1.1842545361144377,-0.045658685343677695,-0.15701401748205432,-0.20175714368783723,0.037210240685655094,0.21134259147602913,0.35580244574965497,-0.08118798536952433,0.04902031800353381,0.1943047084727458,-0.19615116821473694,0.37123100930219416,-0.2896455584580528,-0.2480420660744459,0.06292042697280052,-0.037447493286536127,-0.04760861265440892,6.62792563845027e-16,F. cronquistii,800,C[3]
-4.944260769089871,1.3556754721969728,-0.1361343544464084,0.69915777050524,-0.4868985906603677,-1.5523426077594447,0.9266696655138537,-0.03759217767848313,0.7218092095927372,0.8960819879277797,0.0204271320476314,-0.020289167326801357,-0.09669128095492688,0.07737171933530235,0.037188350554423245,-0.1888036557970195,0.034756401839811546,0.1449764865366921,0.19431526948142364,0.11106872271789738,-0.06403822291946518,1.6655251701815928e-15,F. pringlei,200,C[3]
-5.2547001345558195,1.7366543526075704,0.9750735966633467,1.1730205566205925,2.0984921388385316,0.8380282092404002,0.301472061496945,1.6236301865963785,-0.4540382864415961,-0.6503935551813033,0.4372307600070317,0.1501463324005329,0.08042148864616974,0.2096121634765251,0.051700865052059466,-0.26369493473978856,-0.037619470113589654,0.07534371875068804,-0.11564646356747964,0.030680866029840385,-0.018918979286602636,7.267641491160491e-16,F. pringlei,800,C[3]
-4.886664817403625,-1.6213495290182305,0.4170673698966952,1.7558277354851097,1.5011886222908501,0.22164774678801508,-0.9053350415676744,-0.7439517114410233,-0.5254063515171843,-0.2433145187324557,-0.5491514305785015,0.25669190313261536,0.30118472534260415,-0.5100341831269298,0.17550855039771107,0.1822059278747675,0.22749495067535871,-0.09654691582562648,0.10987311606875119,0.0416918292573206,-0.024416110466725083,1.4829082870520053e-15,H. glutinosa,200,C[3]
-4.264257981837181,-0.8933822261676588,0.3377802268536931,3.7668650601791387,-0.8502807320335516,-0.8832103531265357,0.6001544882071307,-0.276633741116351,-0.32370860016604086,0.44799156056530925,0.13869940653653806,-0.1190913169289707,-0.10382413472647546,0.1452768834099572,-0.35969726686056147,0.12051282765291765,-0.02228062767734498,-0.07766180921306011,-0.11348967325342829,-0.1281199783915878,0.0511528129149277,1.4995956842940816e-15,H. glutinosa,800,C[3]
-1.9654166692120134,-1.6126553524723526,-0.6000256502484443,0.2047866547724986,-1.755173188389691,0.9792933359735281,-0.07792773658467894,-0.6312218947212654,0.23834711411288517,-0.24774949430388138,-7.105151490321e-4,0.13209953635937705,0.6880267953742413,0.7600844102544897,0.2777032040183262,0.11915700123772065,-0.021355416709466234,0.04256051727957048,-0.047036277404802485,0.09729901919571789,0.01766569555241741,1.5511611530310228e-15,S. laxum,200,PK
-1.7610044052754894,-0.9774068146495238,-0.6638621224606391,-0.4623024135909775,-1.7306228402278891,1.7048781988896184,0.6417436692176172,-1.1183040711144276,-0.721450399311962,-0.3613303233276883,0.32993058300790984,0.2089507833709061,-0.3205680844360529,-0.2763466516543969,-0.024967223363600764,-0.3489474905881126,-0.0981189897853914,-0.022336936873587124,0.07232103072968699,-0.07272169660180706,-0.05144975571540999,1.1078339300409348e-15,S. laxum,800,PK
-0.8550470646685875,3.0673162401834233,-0.4956175685937128,-1.621725663630791,-1.9532993049138025,-0.2595873994762686,-0.1167929807386874,0.5525575980152587,-0.7378542259578078,0.13951746781461472,0.3562501958620098,0.14773272612928323,0.07552633231158404,-0.3518063905336196,-0.26554979113647115,0.09531160772799285,0.2510328379071634,-0.11106309254411878,-0.11620799614892605,0.12874776830286627,0.026900231638595958,9.846293417206268e-16,T. forrestii,200,PK
-2.337288182159464,2.6582673699241517,0.020289211996474182,-0.3397295044257619,-1.5575932580749996,-0.7380211361411486,-0.1037510721993775,0.7872656330112535,-0.00504864496795711,-1.1237381124459915,-1.056074415817113,-0.2603413902517482,-0.31200016093352584,0.04595842644141499,0.2865271395531642,0.09138292162510933,-0.07188678308270587,0.0036345110598099144,0.06241408487242243,-0.08031601451276617,0.012806824648322262,1.1020836169760511e-15,T. forrestii,800,PK
4.376725215001306,0.9784940421717755,1.4987730869846452,0.20386068698501103,0.2512078628207338,-0.06622758654448568,0.3575345792582734,-0.42322368666835314,0.9563771996443594,0.29994070261684563,-0.5805715977853504,0.7997914622777105,-0.19308706896781225,0.016615714201176135,0.1349090623486996,-0.11149880517242237,-0.011575258524773814,-0.23911783090148814,-0.22258041142219717,0.006069037258723532,-0.04761928564938393,1.03229066173352e-15,F. angustifolia,200,`sub-`*C[2]
3.148090752400302,1.1156502707983045,3.3107643508921916,0.41907600544739476,-0.49215721286930425,1.3311384380455855,-0.3815401039556612,0.6283369017212009,0.4357012705408476,0.4546999777757315,0.42728773249738056,0.6412125373861906,-0.21610234105411225,-0.04799598635662174,0.0579196971842728,0.28234722914325344,0.01879617169583088,0.15793120078383857,0.16921104007549423,-0.056341676466154844,0.03964781903044309,9.603483773280792e-16,F. angustifolia,800,`sub-`*C[2]
3.410292078534346,1.061348006983265,1.7256721239307156,-0.8714370676132921,0.7438980020225827,0.011789178549854538,1.1870191063578954,-0.1873033474460406,0.22319420497834058,-0.0887286880768559,-0.1442410806451229,-0.3550610762959747,0.71336578666073025,-0.04727898008160532,-0.11726654451412545,-0.29058904815950004,0.054882172360447457,-0.18363320960687995,0.1488824114541922,-0.048011531530108474,0.078517137422784,6.890186770190736e-16,F. sonorensis,200,`sub-`*C[2]
3.0646705664830027,0.8394406590376865,3.4950207088360195,-0.017146038588344206,-0.16048935914157805,0.21688215361910512,-0.37479996028016543,-0.6598814543267952,-0.08271971299580623,0.11178441161180605,0.09913300354831467,-1.1520568224585441,0.12949264765887303,-0.13098471303297382,0.04767899414717461,0.08771587248987041,0.024244854855373723,0.16073757629298377,-0.13671619513064817,-0.009025188063513994,-0.07257147164375086,8.808590553326217e-16,F. sonorensis,800,`sub-`*C[2]
-0.6674770314626767,-2.6929730237431033,-0.8917023212905001,-0.14282480225597585,9.776879635659235e-4,1.0387403704023876,0.35728680537348934,0.8541722987732283,0.167071772989632,0.743233606885581,-0.6362127614700182,-0.3136507357023483,-0.03684790225489687,-0.5029132873377392,-0.014705507875623788,0.014330878827987364,-0.31887605136409886,0.05925836696047773,-0.062053736969602265,0.10349355790382939,0.050644285445059736,1.1036455480826204e-15,H. isocalycia,200,`sub-`*C[2]
-1.1447194991534593,-2.10998904205535,-1.9066413382704797,-1.121514012473679,0.012813032181240138,0.8931280269415566,-0.8499289208942538,0.8396703072367149,0.9490739167893281,0.15846285123565362,-0.39389542124359483,-0.17324261285587592,0.01301313697330258,0.19471910126026618,-0.47269817166611905,-0.09423034622560358,0.28953347692803666,0.053010393262365015,-0.004213343072450685,-0.10093429282867267,-0.0372276597525833,1.0932604791784872e-15,H. isocalycia,800,`sub-`*C[2]
3.8705264236108556,-3.1665796153941432,1.0716011099205822,-0.8057719788779948,-0.4723630542708384,-2.057910028033424,-0.7483837656599901,0.4820479381643565,-0.5165347405829633,-0.41156949826808925,0.09737345032369274,0.5905197354577013,0.45776845557405177,-0.12201112568302103,-0.20669803408499812,-0.09017569470247153,-0.18228621651060467,0.14095180924483233,-9.439325722793402e-5,-0.02835702491891355,-0.030387545747411735,6.42853288704766e-16,H. aturensis,200,C[2]
2.6300710383250117,-2.809305635474296,1.4563152048333234,-0.3546912876608561,0.2994033292584774,-0.407806095079426,-1.0322668058909479,0.2095734841294411,-0.7568102952776803,0.2649331219329068,0.07484716532905068,-0.3392903463126377,-0.7135542552093058,0.4855187443648423,0.12301135280409344,-0.17624725394473073,0.0642822777577489,-0.20053370725831848,0.07772614476774604,0.08325575120996118,0.030419406373495033,1.2341923876597783e-15,H. aturensis,800,C[2]
3.783921580121487,-1.87628342498007,-2.579629843248438,-0.46475718854627723,0.2703763419637836,-0.4418335113394066,1.3009244269033649,0.841486329465464,-0.32826954024703714,0.38768561453398737,0.4722694792190086,-0.12203792479723732,0.06820294722536768,-0.09899042436318865,0.6025167551155014,0.17430353295834064,0.15422264392341403,-0.0340595573121425,-0.02842737895258052,-0.09818206148952412,-0.025167251932193106,5.634750636992944e-16,S. hians,200,C[2]
2.139573691387942,-1.926193489094404,-0.3314910730207903,-0.17705875664405743,0.8993623520877176,-0.32835896151901856,1.3159747085511684,-0.6410196584802992,0.788411614264293,-1.3431672376923114,0.32680647514871464,-0.046333915487759995,-0.45937673467263873,-0.07310864362592467,-0.25220034053316864,0.218886138365951,0.06724471284566927,0.08793702066979485,-0.007530716307498518,0.09545256606234294,0.02379701344238322,7.596355767345e-16,S. hians,800,C[2]
6.672742348844288,2.8591469433354133,-2.554784463052024,0.32772066091473534,1.3186727442926471,0.3134984004210653,0.269056498901262,-0.6776573272551482,-1.1895097008815452,0.36607326028349485,-0.6206564482665052,0.18239572416907088,-0.057963515004135616,0.33406985508225084,-0.2278668233824283,0.07405505143531745,-0.02209587653614187,0.19156918675684348,0.02785558619263593,0.010282337317497267,-0.0030392379352378427,1.560784965751753e-16,T. cristatus,200,C[2]
5.133841603355599,2.153472918883421,-3.2011282711652167,2.3612116307256827,-0.12786779128683237,-0.068926100408722,-1.6214287721703162,-0.026382252054767862,0.8141868648858216,-0.3062064678453452,0.6271210523663646,-0.2645100872991915,0.08851900571475739,-0.20666462153955864,0.06643454479915262,-0.10610908217279935,-0.13612964594225074,-0.10389431263182489,0.04660221119382192,0.019639783543200437,0.003654333307652052,9.411165218732216e-16,T. cristatus,800,C[2]
