Variable,PC1,PC2,PC3,PC4,PC5,PC6,PC7,PC8,PC9,PC10,PC11,PC12,PC13,PC14,PC15,PC16,PC17,PC18,PC19,PC20,PC21,PC22
Gamma_Mean,0.23321211146243576,-0.12701056797787433,-0.02029001015161915,0.0422940576707883,0.19436770030586978,-0.1808093499402385,0.11032802166301461,-0.03803640066793055,0.022332406584815105,-0.02114994711029352,0.16111229178603728,0.09205657345038432,-0.19133588470689927,0.007085100623516836,0.12156589853679038,0.047785109148055595,0.14319926428390817,0.03740306569237351,0.15062056156358256,0.14031683948195908,-0.07682379272024878,-0.266350711868828
GammaLowLight_Mean,0.1714205189447048,-0.24300572506075635,-0.21109458926228733,0.10952166813837438,0.11873567089564772,-0.34742795619472644,0.0022348368737990882,-0.1920511963240163,0.019891608513890213,-0.04373063435355662,-0.11369092240365518,0.06361436228263115,-0.06395574487544149,-0.3355915094717202,-0.017294678334021856,0.26609801245233355,0.16701759243344425,-0.07174532870557415,-0.2755289002400987,0.028743857644557905,-0.09146940805223691,-0.01755181904499115
Cstar_Mean,0.2261165892200902,-0.10757346057155064,-0.10139585388003346,0.052385283004282565,0.22524087513738308,-0.16343371467922588,0.19229796324401582,0.08212548356851894,-0.03525811328876655,-0.08586424085749045,0.09181312521326218,0.1919696566148929,0.030649582366550698,0.05242458870198455,-0.1942227937596775,-0.2544956420586216,-0.1922380197627462,0.06889974753015979,-0.41136298180175007,0.3482530991043965,-0.27698799614922776,0.1258861924825452
InitialSlope_Mean,-0.009230820621157215,0.40147557019593216,-0.009049075740614806,-0.3246402375529565,-0.08516090223997798,-0.3702698604689425,-0.08382986286294938,-0.013460828585268142,0.08162638609116456,-0.01801470278629431,-0.22883188635738955,-0.07800731549097009,-0.009681764555207565,-0.051029520549769274,0.08392758539748321,-0.29304703195149795,-0.0807750230071725,0.07866070741774371,0.2522616967506981,0.052430056891422626,-0.48922776770101256,-0.19667470735507414
Rd_Mean,0.09189700036534808,0.3468644378672659,0.20892994216040664,-0.1836296743625857,0.08113410554035248,0.06485826281102694,0.28756446865311974,0.4252437274016639,0.029647557566930795,-0.09653696911354243,0.26561828598483733,0.11335311004806442,0.08879399104916699,0.12016274473678472,-0.22900107019977692,0.02183997718833514,0.15033861491255776,-0.27810050728664487,-0.1634086094473569,-0.034287959030749736,0.13929344801966645,-0.16787812157665272
ActivityAlaAT,0.14808211996545448,0.26984578865253317,-0.2973954740721415,0.1567890210945191,0.030918926356631064,0.050911076310471703,-0.15050465037306227,0.014766132166002508,0.13753891894652867,-0.19944537858439643,0.13546376814138797,-0.13073728228815712,0.21397177521148905,-0.22490156479956863,0.22294694684491465,-0.15233843812708295,-0.228614935082122,-0.24268929589270394,-0.021625797149990612,0.3431096685305501,0.2894971842239658,-0.1776889162339199
ActivityAspAT,0.18795082323747467,0.1334189749566972,-0.3270994990893611,0.06622569961076781,0.12241474368256146,0.0849816695556195,0.10499698494320267,-0.10611735742086414,0.1297951444171329,-0.12446495189463726,0.0121277846850073,-0.08405612959305049,0.10666641251649094,0.12824613971136792,0.14919832688224988,0.3167175113369646,-0.05432784606939505,0.19770039730923342,0.20622977677779628,-0.08708040665047312,0.1385037241202052,0.1674693702870178
ActivityNADME,0.03832773483240703,0.05876773367432792,-0.48368244044801323,-0.21800074837610495,-0.02824986343530768,-0.025337882470533035,-0.009874513791745303,0.43790332546822486,0.12143829888181565,0.32017933739348553,0.09572320343714397,-0.30652867285591634,-0.2515843985808578,0.13451949740433894,0.014524214717427935,0.24864289025778596,0.15370282690330042,0.027394708881253352,-0.10615029388743644,0.007711061238735217,-0.15637915279018724,0.12706156239625765
ActivityNADPME,0.1917631107498234,-0.0975347313896257,-0.19082737292820925,0.1544586357274782,-0.17552708659932545,0.10695998774113652,-0.32960568406472934,0.3246714862028341,0.07356243722243805,0.01851726189851667,-0.3125710351479304,0.2474350701164923,0.4794312057503283,0.1160312447193965,-0.2510949594917922,-0.04386699275517311,0.1275704920643316,0.14852000512923122,0.08826972768842502,0.09830052954409271,-0.06118553497040248,0.04478451837148624
ActivityPEPC,0.10316428106882783,0.23091948519353744,-0.3670580714091265,0.0613757130365348,-0.1371631223402397,0.15061313571666726,-0.17879987307536332,-0.18555318655782252,-0.4364226050869381,-0.3175545732470697,0.19633059889134657,0.06830729136339753,-0.2918672122302585,-0.06525058232009372,-0.4018148862893515,-0.07654948627455169,0.057310009634086244,-0.0501447929195234,0.06957645889326369,-0.23977726427638826,-0.11134426749993971,-0.019068955718602894
BSFractionChloroArea_Mean,0.21324113813694942,-0.17166078452572708,0.10819525634280688,-0.10574525333596639,-0.1715460795399869,-0.1768367579309151,-0.15569046455877775,0.23457773628161177,-0.038291778240753166,-0.16803572069099038,0.13529696616232312,0.12305910840743498,0.07771197893411758,-0.08165981814604473,0.056769554612191526,0.032544679713866737,-0.13958779508856603,0.16327802399084715,0.12559823483527588,-0.2636008908474636,-0.0019244204398763973,0.07748906830027835
BSFractionGDC_Mean,0.24769936567844028,-0.06428730950274249,0.07772653692361524,-0.05900695379192939,-0.018872394945061995,0.017657984567745536,0.038711838641207544,0.0339861505285213,0.022873523156044902,0.0521619382034105,0.16740702376981856,0.05108509831566919,0.02574926790582089,-0.05721742061766569,0.3246847181657451,-0.04605911518048809,-0.014942576153743198,-0.08881052346745079,0.07884750261387137,-0.1687647664667448,-0.1499089078722026,0.20734365570015276
BSFractionMitoArea_Mean,0.23959453301168335,-0.0749769379567138,-0.007767265502853484,-0.06223361671115066,-0.14766138607687979,0.051484737800718806,-0.10816510087482736,0.14530506516905353,0.0527731207380603,-0.031693828638167394,0.21700534730263998,0.30642990582690544,-0.20965149028398025,-0.06425676609040386,0.3017403194120078,-0.02051741516201687,-0.23267311619455772,-0.17353268628977203,0.17737230654195152,0.02050371320869482,0.005597358846288746,0.11918712231349554
ChloroMitoEdgeDist_Mean,0.11421261393426511,-0.1843591179807198,-0.13514062630516022,-0.36767563220426286,-0.3700784798891199,0.047263549463671166,0.43196682018370836,-0.21887677689738094,0.06242211024134467,-0.03647400865394746,-0.172509397848735,-8.069997608929443e-4,0.1474330578862859,0.04636420788318681,-0.24385006824692648,0.23948471409415817,-0.3876620999762216,-0.23446352899627282,0.08139276760331736,0.052232396753311545,-0.009325248609590497,-0.07172922633042879
DotsPerMitoArea_Mean,-0.005308791644593688,-0.2799779286775047,-0.18015012240465586,-0.4936402556484693,-0.01378856497802257,0.024657307843324986,-0.27301762236077354,-0.24002877021350963,0.13156746109430786,0.14029985961683275,0.1743107476540474,0.10196328485107271,0.07741672437905427,0.02554966693010225,-0.026304657012833514,-0.23936732830785623,0.38891804073793895,-0.16038574156091998,0.01881305842964314,0.08669508262394475,0.22901725706951154,-0.19401422112543723
DotsPerMitoAreaM_Mean,0.21468485275667074,-0.03350406185882163,0.11669845766212626,0.21966641451456273,-0.2031858380688458,-0.04217446929156867,0.25731953034810406,0.18683607005303873,-0.1130888746719034,-0.09434089856380287,-0.2373560799858772,-0.15730126228900473,-0.09666320688858085,-0.24957299897787616,-0.015564107891699232,0.06319916112920593,0.42932963793912027,-0.15622144755726747,0.34622072224678513,0.2181921245818014,0.04193257014072138,-0.12875962556849407
nChloro_Mean,0.22309336631556262,0.11449365089382607,0.14740542020590994,0.04908200100829579,-0.04917714721981745,0.11166982889566529,-0.25913651834346085,-0.11496139598265157,0.053349153326622115,0.155773399603614,-0.11746761286747569,-0.42984172117807395,0.09376818081764073,-0.16201777758966493,-0.01960998772841784,-0.017676133802890574,-0.05451540631569903,-0.3999019489844,-0.24939403745216374,-0.10147718668015487,-0.14594648943509314,0.19323946501434974
nMito_Mean,0.19919348086203967,-0.1567025851093589,0.1640232662072343,-0.10445471727547172,0.02238268218154183,-0.22732727063623773,-0.0612499336850083,-0.061232129134653035,-0.4079253741015846,-0.07136448757356384,0.3316054870242995,-0.48571115165586537,0.299915852928742,0.23881838104495998,-0.06237223282767387,0.014868390514052017,0.017537493139517767,0.14009644957056583,0.12575085485809193,0.18372942455099145,0.03456878110199433,0.10103128087523654
AreaChloro_Mean,0.2223216770987374,-0.043456799954386074,0.19036983988780337,-0.0067480901935573654,-0.07696497634915433,-0.004290649982600745,-0.26520293723557853,0.03183982646798339,-0.1973700601049528,0.16236544838394512,-0.26648719510562735,0.10159863669570252,-0.43479711606863003,0.32076615650232854,-0.05050551357553058,0.03615114190942607,-0.1308394997892023,-0.20013477737680002,-0.016173931308047097,0.27495704517401043,0.16124957793236638,0.10095730714305239
AreaMito_Mean,0.2344236819568234,0.11450735201907017,0.11798418956376801,0.032052333873586684,-0.01809304795914177,0.10365224620401045,-0.20022538507465154,-0.04506624180750951,-0.06280035258538039,0.22151021711154079,0.028808481465445526,-0.01007529582725178,-0.016517425115554103,0.037161616162099044,0.021270607097911502,0.32838742475260196,-0.2066079540861961,0.2924572936471886,-0.165511316318528,-0.008806201864916645,0.00291676151954659,-0.6535376638666635
VacuolePARatio_Mean,0.014993564515694694,-0.12631335054717618,0.07324679520919773,-0.3907217845883831,0.5791679486854405,0.3697184784596371,-0.133559974970477,0.14584613893888518,-0.13586349555901003,-0.3323670546403869,-0.2754237442897271,-0.04693823028189456,-0.004536746244731004,-0.16665321944294822,0.027130958362294802,0.17389139255144082,-0.04768239775611055,-0.03463682136760764,0.1096126661255908,0.05796220231934106,-0.1339477565171495,-0.0012056498391576195
VacuoleCircularity_Mean,-0.18936751188539105,-0.12229265799728581,-0.21729002142458098,-0.06717206931303833,-0.0549959098518307,0.03185108533538232,0.1473675357691336,0.25604525572733644,-0.5994116675631156,0.31614082408381433,-0.0850011685992757,0.01586251834291135,0.11367461615376777,-0.3207158679293813,0.21850998539168262,-0.16004269246832448,-0.16486298564501178,0.006045189603865428,-0.0784953812479204,-0.035855616131644195,0.11718703469555639,-0.10162292237888412
MitoChloroEdgeDist_Mean,0.21126020271851376,-0.11738038254461847,-0.021113629356523753,-0.1071062816106822,-0.2645894953557878,0.2634461098894986,0.16606411752554104,0.021981839403961603,0.08258562644099625,-0.33174347135040255,-0.20278004653270898,-0.24591828996779208,-0.2067332436555322,0.1033230235121775,0.2350073331349142,-0.352946174554812,0.11071164020760371,0.3457279872910576,-0.347677236768337,-0.05414235741565684,0.11510248070236229,-0.07030526144277575
Abs_at_Ambient_Cm_Mean,0.2498439751818157,0.04113743970051965,0.05316841010603879,-0.03943402121747186,0.05092216356074071,-0.1082766804283064,0.031488733237546154,-0.020654485583810823,-0.05802837181046602,0.024255971019650678,-0.1006070216667928,0.09257007111245628,0.15468695456768475,-0.002405912304397046,0.05939887865290553,0.003378809208745913,0.12928829699200567,-0.11415686173266856,-0.16756395081042869,-0.40087612994058913,0.0115493539158486,-0.08649109548142396
Gly_Shuttle_Rate_Mean,0.24816390554124002,0.0711656258018767,0.06896292501986222,-0.04396713130040057,0.026762129262806047,0.02563909071230726,0.06112373348618251,-0.07110802507468336,-0.04971449604790495,0.10478551104597317,-0.03439326777765477,0.10517239042957811,0.13537982322686926,-0.06329018627989957,0.03492025889137256,-0.004694897223975582,0.13824028119516266,-0.029625637750334513,-0.11276051901878922,-0.2548937097425212,-0.044694728057319263,0.013633595981303663
L_Mean,-0.19500559399311873,-0.15643488824830204,-0.10776286583754523,0.05046377896397135,0.05796747559328582,-0.4618968230270756,-0.14702473735120147,0.22367851565190797,0.0127845366753578,-0.34997687538402117,-0.1903443826208743,-0.12650711514887572,-0.04579376375534288,0.25172441044526367,0.05242447797314705,0.030392302339934188,-0.14120335286268398,-0.25454296155714135,-0.08942538557843005,-0.27495202452499556,0.22141062710207757,-0.17850293812866508
V_cmax_Mean,0.09109803072860516,0.3825142039950369,0.06703028572625316,-0.30368283876127944,0.010139064826918516,-0.29399529234785227,-0.026164941354094418,-0.07016241178544409,-0.06790565140837555,0.016239943416539202,-0.1722144086145312,0.1306575509495012,-0.04293465736644834,-0.22669042234080442,-0.05631554945791904,0.10579813197724124,0.04390081536046511,0.27793644568076664,-0.0967861877034125,0.10723154599745538,0.46990889350553827,0.3218060320945259
g_bs_Mean,0.21449019870779784,-0.16610003832516312,0.0025233756265561676,0.06824193565201947,0.26307461155947914,-0.030369400314405146,0.06294573171122195,0.10728659247095199,0.2568109786947619,0.24486386849373767,-0.002296660741977209,-0.21638864935794697,-0.17797711103222857,-0.23466038335298564,-0.4253635358988643,-0.3338537442468167,-0.2525717038401793,0.12476444340980285,0.25611065772538866,-0.2328750714388049,0.2425721299277379,-0.04582718206652842
C_bs_Mean,0.19013025798650332,0.14010748122709835,-0.20693419120849502,0.09290902763630123,0.3058630641473953,0.006669923193457724,0.2061697969598704,-0.18394540596362718,-0.1785396511355898,0.2006259576254169,-0.24280073392832618,0.08560332115125771,0.07442806891961871,0.42759580994637014,0.1683938475291679,-0.21611752201910017,0.033617530941722894,-0.12122522165730043,0.16176685326417245,-0.10586655006618292,0.07506782911947503,-0.004916446046841318
