Species,CO2,PC1,PC2,PC3,PC4,PC5,PC6,PC7,PC8,PC9,PC10,PC11,PC12,PC13,PC14,PC15,PC16
F. angustifolia,200,3.2488520778868355,0.9112866129139986,-0.5689144087413208,-0.4567225867646019,0.4796884046920708,-0.6265279896248702,0.3975357831205467,-0.1790148302281644,-0.6038410884129778,0.41326451451707086,0.17255423207499757,0.25956041316814343,0.07227713510489996,0.06283922073144262,-0.011868656661771905,0.026011399003284738
F. angustifolia,800,3.0501322929006265,2.3955630556705065,0.5172843224752052,-0.1951615721978044,0.19466744231109764,-0.22006065711687303,0.6019534025259974,-0.40762552752582437,-0.4194475659276938,0.17933108351803068,0.12769368348740745,-0.09925818476898858,-0.09864796101181574,-0.1282954379218982,-0.006610342552771156,-0.019191739003093945
F. cronquistii,200,-4.209410300845017,-1.3196376649889234,1.1236706284083413,-0.7847851873423777,-0.14828326269155467,-1.280397179009974,0.03832143117316977,-0.048353858844002534,0.36602532616747163,0.2267229547334285,0.20670697022896553,0.014178386810141668,-0.012261152363200608,-0.08714307006324261,-0.03986219301513248,-0.010929185486109013
F. cronquistii,800,-4.160427290922279,-1.429999541974477,1.300979197270796,-0.7747107984970117,0.12748207681932294,-0.9125863453128186,-0.6334692317527049,-0.2636464694901415,-0.4764041498301526,-0.14464078809025288,-0.06082619246758519,-0.2306138022820093,-0.10551388512345908,0.1558176651519693,0.01711800652838884,0.03648220610734757
F. pringlei,200,-3.8568766191519397,0.37400738533344385,-2.1593832525224133,0.22112630626361535,-0.6767193159625119,-0.357511994321714,-0.5198185766845181,-0.2761253233806455,0.010826146303687523,-0.17893216236461598,0.2269706692585846,0.2544915833422662,0.34367483304108726,-0.041940960586142315,0.014982007296950104,0.010393245774880629
F. pringlei,800,-4.629076677799751,2.169938811600377,0.6897178400775602,-1.1527700801698713,0.8066455418259377,1.387751754000203,0.11444437253448567,-0.41134517488738703,0.45559327512088643,0.11189675640740747,0.27407506022999695,-0.20289826377192466,0.0074763221336540025,0.0048149893303663475,0.03719920000792715,0.003912050249645816
F. sonorensis,200,2.5753642801502536,-0.41979715992532224,-0.14064276570928502,-0.2031597904152257,1.005327427548885,0.021477397224107332,-1.1133248929500619,0.011032237091801126,0.017157327755140464,0.470674959119234,-0.2731368596558807,0.09828895060037589,0.005506181846902511,0.035647628378702896,0.04619858498997657,-0.041201805800536354
F. sonorensis,800,3.5442695737818433,1.6443192804151803,0.2934976220148929,-0.5473016532916118,0.4528038628006327,-0.27883247158473423,-0.9359438038848817,0.7149468140541724,0.4890308848779542,-0.0034633931837561027,-0.14069138180198362,-0.14197839013890387,0.10864905111341144,-0.06442467458290217,-0.03025500464828685,0.04096745245658294
H. aturensis,200,3.4442068858016532,-0.6949811621501079,1.5488721430585335,1.0031158642837061,-1.7370457720633927,0.370724361717807,-0.42176269839014147,-0.3377092352287633,-0.12119498949032523,0.09040545193502468,0.06525880728898881,-0.2870441807640639,0.18601401015085173,-0.05138534290681247,0.013708484575491986,-0.019156311652286657
H. aturensis,800,2.7476894555974027,0.44462371326314076,2.2979654307209456,0.4733980942282437,-0.7591423858336982,0.30361966399156526,0.19472796984894117,0.5341646549259357,0.14085035871343587,-0.12057951743393298,0.37639780547105983,0.2721989755771467,-0.017401963536386508,0.1637247306150044,0.009820595985729362,0.002856950589814197
H. glutinosa,200,-4.325967594907194,1.344348541760575,1.4922434463775653,-0.4125159583704,-0.11126587166847358,0.43439835569926954,-0.030831732201967953,0.07254407271028884,-0.16883462056373263,-0.1491272298499836,-0.3943760812220157,0.33933065632014603,0.004871455210413698,-0.014201262597308155,-0.0636506771517814,-0.045067317922160205
H. glutinosa,800,-3.793951971796609,2.741788980852889,-1.0716183646059674,2.051502118282318,-0.595159209169523,0.1922105963356552,-0.34890316600969296,0.3083891349868596,-0.09681469927969454,0.16496889438701015,-0.012413638005526863,0.1138925331786486,-0.2624418159484404,-0.025708178835502703,0.03128135612766349,0.020047331696017072
H. isocalycia,200,-0.4138233937249307,-1.8041045750908216,0.3802070747128935,0.8536071113065674,1.0905144306526868,0.5432760541363736,0.4609901475547014,0.04209976192651726,-0.13811549382170993,-0.09984403347147923,-0.15413150200265505,0.03433791412319644,0.27360441576271577,6.711097122988538e-4,0.009998643995307522,-8.545461444986067e-4
H. isocalycia,800,-0.6624062284033195,-1.8809664087844593,0.5850388468423176,-0.8884842324478194,-0.396577438120442,0.015144667315744067,1.0388419327557719,0.4378881811717197,0.021802068289318105,0.074471042937928,-0.27781266333198495,0.10341953604436087,-0.010240577782359121,-0.14508965039897478,0.06582152855927037,0.03882977731296845
S. hians,200,2.015553188706653,-2.1246701646676325,0.09296404768865349,1.584132581519672,0.3501174820732593,0.6310309654317617,-0.07519038186310875,-0.772727338430808,0.37548401991031843,0.022915355603884798,-0.12866283481460258,0.13384621458858018,-0.14037412227885507,-0.015877011954742525,-0.05562743642379212,0.05037910552606505
S. hians,800,2.413371603637011,-1.8212092294868407,-1.623558766808012,-2.3975178351148156,-1.0720238305892111,0.9804280968471153,-0.44987953056006164,-0.07400308047874239,-0.208068545905165,-0.18294871617775368,-0.02511264065295954,0.0973942346288363,-0.17296454171779238,-0.0077251130746876576,-0.0022185042285986557,-0.005708617716265727
S. laxum,200,-0.4105426266724274,-1.815700215065598,-1.1457802379693742,0.2933125084576535,-0.22423528432110865,-0.32515680581980033,0.11819774822552627,0.34290463626170725,0.2333883016598872,0.15555633784876174,0.25309199602415344,-0.15657477504521872,-0.11739090532339186,-0.047824406843739994,-0.032413065826204505,-0.02772567541040109
S. laxum,800,-0.404244374530305,-2.536208524431433,-1.114720265674042,0.6873509522752778,0.6834219196674874,0.09267936721446256,0.40238999356053745,0.24409820451221928,0.22136489633707201,0.02720255410627867,0.180842757711933,-0.015686137026683984,-0.046770800479491295,0.10081555801937263,0.012783350703537751,-0.034812824045815004
T. cristatus,200,3.019959400907684,0.7020430564568126,0.009262326475823595,0.01640487029904467,1.2387380823029164,-0.307785976426763,-0.19157176840878878,0.007977833935054614,-0.1626675482300008,-0.7124853645891088,0.2701433817077837,0.021262694860879217,-0.08553182531518168,-0.09528748571872579,0.010514712494568824,-0.008181827566249257
T. cristatus,800,2.6639519274296717,2.269593042158673,-1.0552803045315249,-0.5869161912652945,-0.590735199229404,-0.848032748214309,0.7713785033465463,-0.4081860920602626,0.7011325992395887,-0.15646808587363834,-0.32713534089226937,-0.0406683075073676,0.013235484233878993,0.13773386276684355,0.011160489157513314,-0.01023894886557485
T. forrestii,200,-0.8111343857112138,-0.020407226607486853,-0.16838023230840113,1.3514567935019755,-0.09894592126937661,-0.5222555399140024,0.11713539769322735,0.009696352699476562,-0.20901736193537115,-0.25236725520495773,-0.2986591894177925,-0.20925872297271492,-0.049917968908690075,-0.01580477274849926,0.022548299613382856,-0.020696753137847818
T. forrestii,800,-1.045489222334642,0.8701693927474953,-1.2834243272531993,-0.1353613145412365,-0.019273179775579966,0.7064064274317997,0.46477910036646003,0.45299504627898357,-0.42824914097793176,0.06344664112541813,-0.06077703921861251,-0.35822132896484504,0.10414863119125138,0.0786426035271807,-0.06062937952737529,0.013886034034233165
