PC1,PC2,PC3,PC4,PC5,PC6,PC7,PC8,PC9,PC10,PC11,PC12,PC13,PC14,PC15,Species,CO2,PhotosyntheticType
-3.347608869068529,-0.12350607287358917,-1.2231129474759852,-0.5850669849930291,1.35570489083918,-1.1962985642051849,-0.2329935670860902,0.02386937241982854,-0.2042415597052656,0.026766444836909143,-0.11871341337905003,0.04020237686037998,-0.06548770018804462,0.010671557472291673,-0.010263117838382622,F. cronquistii,200,C[3]
-3.3834986569821055,0.640206891366951,-1.473919375866355,-0.5591760377844137,0.7861306164147326,-0.08055379070461251,-0.1485056867482236,0.4776841346158092,0.13595922195980695,-0.016791290108090745,0.015433219688808857,-0.05169077196917938,0.04511494131719054,0.029905383525534627,2.4060664240081454e-4,F. cronquistii,800,C[3]
-3.1368335527281968,0.70156075266427,0.3238149174868615,-0.295030524674093,0.5404361996316698,0.14509778651279537,0.33058998666663,-0.21496775496658682,0.18153391575232203,-0.3529259722202251,0.02127058108242672,0.19175303817862205,0.08987105886228697,-0.05264085345808643,-0.03917559800464,F. pringlei,200,C[3]
-3.741708810846234,2.36767955565964,1.9048533604779398,0.08295790435947477,0.23679412830024638,0.8902513430118816,-0.9588960736171018,0.5458779810882025,0.2696878353344141,0.38953373514602824,0.1749318673955651,0.04491181417131266,-0.11396936552917666,0.03237113220575212,4.404525248522131e-4,F. pringlei,800,C[3]
-3.3093021765372543,-1.3409561633761249,1.7836629075857888,0.064277399217455,0.4433014510344911,-0.6428711682771661,-0.097909092621504,-0.42629934235488626,-0.4143444677479685,0.13818951242645458,-0.03216489380138827,-0.17764880681658643,0.04077198237181438,-0.03741631753324277,0.013259651717041115,H. glutinosa,200,C[3]
-3.0314554161030975,-0.6763341886220631,2.3524543029109677,0.32728609838205414,-0.03746136423899041,0.5157669275235373,0.7081137107205041,-0.5153908423070523,8.056758255611103e-4,-0.17909221210973555,0.07727875899317063,-0.09931288038843043,0.022371476035545096,-0.007756397090467151,0.0060946529700170275,H. glutinosa,800,C[3]
-1.8013238173714694,-1.6663235615147647,-0.5039232014393051,-0.25404402722516406,-1.384466356598422,-0.23510503444103778,0.6748916623539042,0.408891637218334,-0.3093711486393583,0.44950887566964537,0.2894451637109619,0.04241922281855591,0.016102446120200637,0.033003781639891656,-0.0053599938251034235,S. laxum,200,PK
-2.001270636089927,-1.3587310116749838,-1.126288849233746,-0.25310522082217635,-0.46532705084973813,0.5659809273225616,0.643290069131669,0.2610347226709557,-0.48797191442240156,0.1499743252569982,-0.1257955508674038,0.05507647206761387,-0.15101074129166192,-0.034357988015084565,-0.008364749580150046,S. laxum,800,PK
-1.4484723533483774,1.8707995959059307,-1.843899296406855,-0.7208553301770356,-0.741850252977459,0.15795689428186474,-0.4536072362638649,-0.6983336787381136,0.24837279627579015,0.14930883411710785,-0.08954707671730947,-0.12612527904627596,-0.008704646637256102,-0.09229783804420572,-0.01470438739280519,T. forrestii,200,PK
-2.3079155920678094,1.9808039367271921,-0.35887462935513614,-0.5527785616775208,-0.8733684065186078,-0.18786135277614532,0.49194983899982614,-0.7120965440159341,0.3549498332781891,-0.08302920924629925,-0.0552212582644859,0.0880237794785663,0.09497026213434291,0.10279188390584801,0.03576717397115599,T. forrestii,800,PK
3.517723142843813,1.3134442477953432,-0.1097336956822894,0.5965265438291927,0.15060316288576242,-0.2218761695400342,0.3267088882674219,-0.036369033864911915,-0.12360603338011228,-0.05595061198962204,0.33480053460284664,-0.065482775162190393,0.019674745759811704,-0.010058019491020163,-0.10403998787108337,F. angustifolia,200,`sub-`*C[2]
1.35155854663162,2.301011957373767,0.06530806514381646,1.666223190645313,-0.8261009235022181,-0.024327518423940635,-0.2862385946793265,0.385626617051616,-0.17701748870054082,0.06987714802799605,-0.2181294448672695,0.060078144740785745,0.08284157872905032,-0.10344516405935386,0.022540767494319415,F. angustifolia,800,`sub-`*C[2]
2.774135405895225,1.6839130437365304,-0.8169572753239573,0.3365608133619236,0.2980483028549158,0.5741913786526679,0.11945543709369144,0.3651291232627575,-0.12779376494662312,-0.2419698286416947,0.17043489668805042,-0.12014251816198933,0.021763389684913155,0.07522348571212045,-4.4739887469851046e-4,F. sonorensis,200,`sub-`*C[2]
1.2802076964377729,1.8029446729876641,-0.18927874573315526,1.5082546038924267,0.1513859169746168,-0.29663208210475056,0.4078611479498754,0.012768006437429945,-0.3671921833394603,-0.1684059206879194,-0.30080227434821977,-0.0703802951114446,-0.09887557569525246,0.05899209081308815,0.03525023159872114,F. sonorensis,800,`sub-`*C[2]
-0.494002075472026,-2.3453169497676423,0.09306351407554825,0.014377334369050624,-0.42043979207991933,0.8213537577877575,-0.3922643857021703,0.06907053732768659,-0.012979666772802644,-0.6639414471941932,-0.2020303122086222,0.04958631985060393,-0.09303038608699864,0.006803018668550025,-0.025225557654853206,H. isocalycia,200,`sub-`*C[2]
-0.6029608785696993,-2.2836728747211668,-0.45068086036942584,-0.0315865952954213,-0.7887114147883347,-0.5583124066872004,-0.7370354819342865,0.736053919294768,0.33275877627850264,-0.39159624742662325,0.21025080401360607,-0.09683411820416322,0.07046517044687321,-0.010304264504353587,0.034842740516447784,H. isocalycia,800,`sub-`*C[2]
2.939893395855274,-1.8062146953373768,-0.6956939902278098,1.1809994825866825,0.008100935604108303,-0.1400145503017796,-0.5787994656312455,-1.1605649638387971,0.3683190799129571,0.15036699438723902,0.22943439504450824,0.047009107385291696,-0.12876670907595797,0.018951974639628097,0.01210482922379127,H. aturensis,200,C[2]
1.4137832035653264,-1.4095553765444166,0.06621511093693142,1.2602456076737445,0.576379385436178,-0.13536562962761317,-0.5232372221802213,-0.06918392505668783,-0.44281427902371284,0.14302895516679898,0.06497031837329634,0.1620973793730191,0.13669886649597476,0.018336660017145956,0.010417469608414697,H. aturensis,800,C[2]
3.486156802645545,-1.8752156531760615,-0.20780424806391562,-0.9519014331624319,0.37868783562284714,1.114184702207394,-0.26557440990664305,-0.10565205995907863,0.011383754880352273,0.3920839324531625,-0.3867060495155684,-0.06090133044602984,0.1368138764328649,0.042178585011411356,-0.019422315604694446,S. hians,200,C[2]
2.410986167868488,-1.0961634461294227,-0.16974004575604829,0.4821488437195448,1.0212388019759435,0.11693317758766673,1.0943508232730055,0.46460053504084703,0.8899647291389942,0.17716370541397877,0.007912089640685965,2.8241875297738475e-4,-0.023739695384375547,-0.06222331468162626,0.03811218233887819,S. hians,800,C[2]
5.536928856835362,1.2076470695885657,0.6393054280209806,-2.40715272326859,0.2879669830612375,0.09830723710149349,-0.0480686636369984,-0.13686389954629186,-0.502895906165833,-0.15910561626770028,0.24151476511696343,0.055490011409363195,-0.03789167853076804,-0.047362148573945974,0.05984780049263468,T. cristatus,200,C[2]
3.894979616606294,0.11197826993177425,1.941229554295148,-0.9091603829569983,-0.697053049082241,-1.2808058649001457,-0.07408168444886641,0.3251154582200872,0.3764927942071918,0.07700589298977448,-0.30856712038158207,0.031588690219201965,-0.055983295971382366,0.028632751840124163,-0.04191545245226578,T. cristatus,800,C[2]
