Variable,PC1,PC2,PC3,PC4,PC5,PC6,PC7,PC8,PC9,PC10,PC11,PC12,PC13,PC14,PC15
ChloroMitoEdgeDist_Mean,-0.15174405081692524,0.2607985226498856,0.5969519639974442,0.08466195172518338,0.24251487080092024,-0.37338857618138815,-0.5156691339699003,0.00880494550434298,-0.08817304674363015,0.20686854697974413,-0.13999775259458624,-0.07644799496707841,-0.06539819804098518,0.01793482267631731,-0.024547409619055615
VacuoleCircularity_Mean,-0.24218291267396755,-0.24651352566310933,-0.029976051443631673,-0.3925564482134311,0.0357546546135721,0.5583149146251826,-0.45027760727392074,-0.31430240386800357,-0.1514421374844056,-0.019977205579594603,-0.28033529670952967,-0.015440089284037933,-0.025956038522243007,-0.0046032661256015335,0.09052367198187598
BSFractionGDC_Mean,0.32155641101403365,-8.289622077879383e-5,-0.11945308926204107,0.2662360586181315,-0.11669090459616026,0.09573219970114394,-0.05751575511943951,-0.009010043675671668,-0.2704952396821769,0.2730288469263255,-0.4328183920234237,0.31034013233631413,0.0426708369442979,0.24185055638050487,-0.5418601737239553
DotsPerMitoArea_Mean,0.003123897224497354,-0.409228094888215,-0.5594690477919436,-0.0494335499221644,0.20524234788510298,-0.3841202780171103,-0.42076963406888296,0.3203507300443495,-0.055809439623964875,0.15767697360062255,0.08872528918009802,-0.10804169796951517,0.013935657226572667,-0.0011793916168211433,0.003366196559576942
Activity_Asp-AT,0.27003522023525245,0.029463089052761404,0.10297365699708715,-0.5775200109741349,-0.11544773246459243,-0.12995859313955377,0.16745834391071404,0.37705056913439555,0.2451062037185934,0.11762018854702416,-0.4988888639639334,-0.04414163270915621,-0.15152505705372796,0.08045394528294056,0.16574167612816212
Activity_NADP-ME,0.25172126180485505,-0.17474475404361112,0.1597050516057979,-0.07936322220442792,-0.7580676200752805,-0.1915454306241067,-0.36235919787049603,-0.14414644111742486,0.12400835468805475,-0.08695480471641356,0.21599169718167907,0.10826126938358899,0.13718863578153767,-0.10338172337988281,-0.006105003072511734
GammaLowLight_Mean,-0.25558439781974235,0.34135991945681454,-0.14160098977851052,0.06609104716524286,-0.2524841238757386,0.1251513162381656,-0.14429065431690574,0.43356414951064454,-0.30147149861043293,-0.0302426873127924,0.07714317322381693,0.47973845523594694,-0.24062609811719352,0.039700079852979187,0.3437232172481232
Gamma_Mean,-0.3244320377439099,0.10200074515642708,-0.06695645777086806,-0.15047894426631975,-0.2548654468018836,-0.08406742682964681,0.0059338632878603035,0.06724586807579704,-0.06982642238097038,-0.2909970255993201,0.08032014027419909,-0.38471425540241794,-0.41833704907929786,0.3590615137089533,-0.4823787273098293
Cstar_Mean,-0.3217234935133844,0.10770158272316431,-0.09960967358972654,0.009898542278975362,-0.19816563284843045,-0.23343490656937935,0.1187019455978422,0.04501278089850215,-0.3092477987862173,-0.2355697605955587,-0.3902976680229904,-0.20008311422745714,0.6408437873681284,-0.07190553296772463,0.07518322754679871
Rd_Mean,0.10768239675158434,0.5227139265318392,-0.21181022534974633,0.0532503797035076,-0.0440387834918049,0.36940361319990445,-0.3010727974309901,0.22985251980539725,0.38371985206039977,0.1502202136108076,0.08380715813568095,-0.3230427445729777,0.29300358028526347,-0.049085957686350046,-0.12709131562505066
Abs_at_Ambient_Cm_Mean,0.330113217537362,0.10307911021122887,-0.07618351783691968,0.09892454704078708,-0.0311682480062645,-0.01347454594872861,-0.04121340914119769,-0.2283951256132004,-0.22973316319763906,0.054289647596912,0.06624897312563666,-0.2971446479291975,0.017105340861030702,0.6523948946286081,0.4852564405684297
C_bs_Mean,0.27684093869525483,0.09579558748680311,0.17029063714774506,-0.49844760194646565,0.21007726069604032,0.07058382237951998,0.026468361294982604,0.1828012191134536,-0.4681495336419645,-0.08651916408737297,0.42843574375045035,0.07527568361649324,0.28631545621888055,0.017989026769600895,-0.2352204998874838
Gly_Shuttle_Rate_Mean,0.32344676528754723,0.13883215940770027,-0.09859500318655788,0.09396942692768426,-0.09378010312240247,0.020510013040798903,0.0021936606178966254,-0.06169473363678163,-0.425535887911136,0.0032771282373747377,-0.11167309015212712,-0.39726873184162276,-0.3660440975060197,-0.5957092107635049,0.06547955456695534
V_cmax_Mean,0.11383550749980637,0.450488303774666,-0.3705860582113633,-0.2495944889689174,0.17875375464320684,-0.3224560921835966,-0.11711890643617758,-0.47224380812250416,0.13307304035353879,-0.28368717463898896,-0.08208563920040768,0.31170381506203515,-0.07310045752999116,-0.050847285611961286,-0.0423692132807796
g_bs_Mean,-0.29959517852391293,0.13626211742802283,-0.13486422298439532,-0.25742829436676207,-0.20101509652932997,-0.12381517138614433,0.2234346299425543,-0.27518373708856536,-0.09048117869980005,0.7625147156024307,0.1793124471887765,-0.02788046198678765,0.014630011105514418,-0.05024672830131727,-0.023381835841124732
