Number,Variable
1,Gamma_Mean
2,GammaLowLight_Mean
3,Cstar_Mean
4,InitialSlope_Mean
5,Rd_Mean
6,ActivityAlaAT
7,ActivityAspAT
8,ActivityNADME
9,ActivityNADPME
10,ActivityPEPC
11,BSFractionChloroArea_Mean
12,BSFractionGDC_Mean
13,BSFractionMitoArea_Mean
14,ChloroMitoEdgeDist_Mean
15,DotsPerMitoArea_Mean
16,DotsPerMitoAreaM_Mean
17,nChloro_Mean
18,nMito_Mean
19,AreaChloro_Mean
20,AreaMito_Mean
21,VacuolePARatio_Mean
22,VacuoleCircularity_Mean
23,MitoChloroEdgeDist_Mean
24,Abs_at_Ambient_Cm_Mean
25,Gly_Shuttle_Rate_Mean
26,L_Mean
27,V_cmax_Mean
28,g_bs_Mean
29,C_bs_Mean
