"Trait","PhotosyntheticType","contrast","estimate","SE","df","t.ratio","p.value","p.value.one.sided","Hypothesis","Model","Model_Details","AIC_BM","AIC_OU","AIC_Lambda","p.signif","p.one.sided.signif"
"Gamma_Mean","C[3]","GrowthCO2ppm200 - GrowthCO2ppm800",-3.52478401521195,2.5800158747881,13,-1.36618694855955,0.195048244340966,0.0975241221704832,"less","PGLS_BM","Brownian Motion",-642.24,140.76,130.57,"",""
"Gamma_Mean","PK","GrowthCO2ppm200 - GrowthCO2ppm800",2.82984018806303,3.51743506577121,13,0.804518103433015,0.43556443639091,0.782217781804545,"less","PGLS_BM","Brownian Motion",-642.24,140.76,130.57,"",""
"Gamma_Mean","`sub-`*C[2]","GrowthCO2ppm200 - GrowthCO2ppm800",-6.62269744060865,2.60370743366456,13,-2.54356436325398,0.0244888954894704,0.0122444477447352,"less","PGLS_BM","Brownian Motion",-642.24,140.76,130.57,"*","*"
"Gamma_Mean","C[2]","GrowthCO2ppm200 - GrowthCO2ppm800",-6.16280189805745,2.74874297323007,13,-2.24204371164449,0.0430347377922608,0.0215173688961304,"less","PGLS_BM","Brownian Motion",-642.24,140.76,130.57,"*","*"
"Cstar_Mean","C[3]","GrowthCO2ppm200 - GrowthCO2ppm800",1.88917937861796,2.22349393855295,13,0.84964449232879,0.410897377901285,0.794551311049358,"less","PGLS_BM","Brownian Motion",-648.78,133.98,127.56,"",""
"Cstar_Mean","PK","GrowthCO2ppm200 - GrowthCO2ppm800",-1.25184665605459,3.0313749711475,13,-0.412963314657414,0.686363669095465,0.343181834547732,"less","PGLS_BM","Brownian Motion",-648.78,133.98,127.56,"",""
"Cstar_Mean","`sub-`*C[2]","GrowthCO2ppm200 - GrowthCO2ppm800",-9.76975033523752,2.24391165693656,13,-4.3538925897713,0.000781358396325444,0.000390679198162722,"less","PGLS_BM","Brownian Motion",-648.78,133.98,127.56,"*","*"
"Cstar_Mean","C[2]","GrowthCO2ppm200 - GrowthCO2ppm800",-9.18416043562694,2.36890532315776,13,-3.87696390642764,0.00190754872650768,0.00095377436325384,"less","PGLS_BM","Brownian Motion",-648.78,133.98,127.56,"*","*"
"ChloroMitoEdgeDist_Mean","C[3]","GrowthCO2ppm200 - GrowthCO2ppm800",-0.0743535949679641,0.238273358052261,13,-0.312051651832833,0.759949866308911,0.379974933154456,"less","PGLS_BM","Brownian Motion",-747.05,36.83,36.72,"",""
"ChloroMitoEdgeDist_Mean","PK","GrowthCO2ppm200 - GrowthCO2ppm800",0.0157848179366267,0.324847251151475,13,0.0485915084110296,0.961983441905366,0.519008279047317,"less","PGLS_BM","Brownian Motion",-747.05,36.83,36.72,"",""
"ChloroMitoEdgeDist_Mean","`sub-`*C[2]","GrowthCO2ppm200 - GrowthCO2ppm800",-0.511302685464527,0.240461355167376,13,-2.1263403639584,0.0532029218833439,0.026601460941672,"less","PGLS_BM","Brownian Motion",-747.05,36.83,36.72,"","*"
"ChloroMitoEdgeDist_Mean","C[2]","GrowthCO2ppm200 - GrowthCO2ppm800",-0.584772303045373,0.253855887110724,13,-2.30356014075936,0.0384042654035967,0.0192021327017983,"less","PGLS_BM","Brownian Motion",-747.05,36.83,36.72,"*","*"
"g_bs_Mean","C[3]","GrowthCO2ppm200 - GrowthCO2ppm800",-2.04800228878495,4.92956864328641,13,-0.415452636322272,0.684586133079794,0.342293066539897,"less","PGLS_BM","Brownian Motion",-613.75,159.86,159.79,"",""
"g_bs_Mean","PK","GrowthCO2ppm200 - GrowthCO2ppm800",8.58137128971547,6.72067089759513,13,1.27686229849257,0.223987415416869,0.888006292291566,"less","PGLS_BM","Brownian Motion",-613.75,159.86,159.79,"",""
"g_bs_Mean","`sub-`*C[2]","GrowthCO2ppm200 - GrowthCO2ppm800",-17.6280062581406,4.97483548326566,13,-3.54343501758755,0.00360141400567501,0.0018007070028375,"less","PGLS_BM","Brownian Motion",-613.75,159.86,159.79,"*","*"
"g_bs_Mean","C[2]","GrowthCO2ppm200 - GrowthCO2ppm800",-1.26507515270562,5.25195108359622,13,-0.240877177370695,0.813407564136546,0.406703782068273,"less","PGLS_BM","Brownian Motion",-613.75,159.86,159.79,"",""
"BSFractionGDC_Mean","C[3]","GrowthCO2ppm200 - GrowthCO2ppm800",1.90584022856567,5.35890782798754,13,0.355639673183439,0.727814771310583,0.363907385655292,"greater","PGLS_BM","Brownian Motion",-610.08,173.97,176.51,"",""
"BSFractionGDC_Mean","PK","GrowthCO2ppm200 - GrowthCO2ppm800",-2.39067024646553,7.30600555314309,13,-0.327219878095637,0.748710835160826,0.625644582419587,"greater","PGLS_BM","Brownian Motion",-610.08,173.97,176.51,"",""
"BSFractionGDC_Mean","`sub-`*C[2]","GrowthCO2ppm200 - GrowthCO2ppm800",3.60320929456957,5.40811716873654,13,0.666259472963927,0.516894933660361,0.25844746683018,"greater","PGLS_BM","Brownian Motion",-610.08,173.97,176.51,"",""
"BSFractionGDC_Mean","C[2]","GrowthCO2ppm200 - GrowthCO2ppm800",13.4958830091995,5.70936806254271,13,2.36381379889336,0.0343301072246433,0.0171650536123216,"greater","PGLS_BM","Brownian Motion",-610.08,173.97,176.51,"*","*"
"Abs_at_Ambient_Cm_Mean","C[3]","GrowthCO2ppm200 - GrowthCO2ppm800",0.0612874705470189,0.366896104983962,13,0.16704312123918,0.869906473714434,0.434953236857217,"greater","PGLS_BM","Brownian Motion",-728.06,NA,NA,"",""
"Abs_at_Ambient_Cm_Mean","PK","GrowthCO2ppm200 - GrowthCO2ppm800",-0.202285477525092,0.500203598658654,13,-0.404406281897094,0.692488706442903,0.653755646778548,"greater","PGLS_BM","Brownian Motion",-728.06,NA,NA,"",""
"Abs_at_Ambient_Cm_Mean","`sub-`*C[2]","GrowthCO2ppm200 - GrowthCO2ppm800",0.791366276464687,0.370265208545576,13,2.13729580365711,0.0521513899226389,0.0260756949613194,"greater","PGLS_BM","Brownian Motion",-728.06,NA,NA,"","*"
"Abs_at_Ambient_Cm_Mean","C[2]","GrowthCO2ppm200 - GrowthCO2ppm800",1.36100822248115,0.390890265573648,13,3.48181661798052,0.00405295474681273,0.00202647737340636,"greater","PGLS_BM","Brownian Motion",-728.06,NA,NA,"*","*"
"Gly_Shuttle_Rate_Mean","C[3]","GrowthCO2ppm200 - GrowthCO2ppm800",0.00991219183358216,0.532296282897305,13,0.0186215687617238,0.985425768648871,0.492712884324435,"greater","PGLS_BM","Brownian Motion",-711.69,NA,68.62,"",""
"Gly_Shuttle_Rate_Mean","PK","GrowthCO2ppm200 - GrowthCO2ppm800",-0.0796603652709615,0.725700035080763,13,-0.109770375389462,0.914267916000897,0.542866041999552,"greater","PGLS_BM","Brownian Motion",-711.69,NA,68.62,"",""
"Gly_Shuttle_Rate_Mean","`sub-`*C[2]","GrowthCO2ppm200 - GrowthCO2ppm800",0.489171241914836,0.537184209692335,13,0.910621036673812,0.379070397989594,0.189535198994797,"greater","PGLS_BM","Brownian Motion",-711.69,NA,68.62,"",""
"Gly_Shuttle_Rate_Mean","C[2]","GrowthCO2ppm200 - GrowthCO2ppm800",1.56193290080132,0.567107234334603,13,2.75421085508452,0.0164053126149932,0.0082026563074966,"greater","PGLS_BM","Brownian Motion",-711.69,NA,68.62,"*","*"
