"label","line_idx","model","model_details","AIC_BM","AIC_OU","AIC_Lambda","outcome","predictor"
"PC1~'***'",0,"PGLS_BM","Brownian Motion",-Inf,61.96,62.68,"Abs_at_Ambient_Cm_Mean","PC1"
"italic(C)[growth]~'ns'",1,"PGLS_BM","Brownian Motion",-Inf,61.96,62.68,"Abs_at_Ambient_Cm_Mean","PC1"
"PC1:italic(C)[growth]~'*'",2,"PGLS_BM","Brownian Motion",-Inf,61.96,62.68,"Abs_at_Ambient_Cm_Mean","PC1"
"PC2~'ns'",0,"PGLS_BM","Brownian Motion",-Inf,95.19,NA,"Abs_at_Ambient_Cm_Mean","PC2"
"italic(C)[growth]~'ns'",1,"PGLS_BM","Brownian Motion",-Inf,95.19,NA,"Abs_at_Ambient_Cm_Mean","PC2"
"PC2:italic(C)[growth]~'ns'",2,"PGLS_BM","Brownian Motion",-Inf,95.19,NA,"Abs_at_Ambient_Cm_Mean","PC2"
"PC1~'***'",0,"PGLS_BM","Brownian Motion",-Inf,79.7,79.7,"Gly_Shuttle_Rate_Mean","PC1"
"italic(C)[growth]~'ns'",1,"PGLS_BM","Brownian Motion",-Inf,79.7,79.7,"Gly_Shuttle_Rate_Mean","PC1"
"PC1:italic(C)[growth]~'.'",2,"PGLS_BM","Brownian Motion",-Inf,79.7,79.7,"Gly_Shuttle_Rate_Mean","PC1"
"PC2~'ns'",0,"PGLS_BM","Brownian Motion",-Inf,104.86,83.75,"Gly_Shuttle_Rate_Mean","PC2"
"italic(C)[growth]~'ns'",1,"PGLS_BM","Brownian Motion",-Inf,104.86,83.75,"Gly_Shuttle_Rate_Mean","PC2"
"PC2:italic(C)[growth]~'ns'",2,"PGLS_BM","Brownian Motion",-Inf,104.86,83.75,"Gly_Shuttle_Rate_Mean","PC2"
