"Trait","PhotosyntheticType","estimate","SE","df","t.ratio","p.one.sided","Model","signif"
"Abs_at_Ambient_Cm_Mean","C[3]",0.0798803726135469,0.304587903309166,64,0.262257206362086,0.396982729629555,"LME",""
"Abs_at_Ambient_Cm_Mean","C[3]",0.0798803726135464,0.234007828357179,7,0.341357693776042,0.371425961457177,"PLME_BM",""
"Abs_at_Ambient_Cm_Mean","PK",0.415878241920296,0.373042472465818,64,1.1148281298141,0.134546491020151,"LME",""
"Abs_at_Ambient_Cm_Mean","PK",0.415878241920296,0.286599887645938,7,1.45107608148844,0.0950256079927565,"PLME_BM",""
"Abs_at_Ambient_Cm_Mean","`sub-`*C[2]",0.717861324022205,0.304587903309165,64,2.35682808221558,0.0107516893924719,"LME","*"
"Abs_at_Ambient_Cm_Mean","`sub-`*C[2]",0.717861324022205,0.234007828357179,7,3.06768080820995,0.00906326085069072,"PLME_BM","*"
"Abs_at_Ambient_Cm_Mean","C[2]",1.53175607333791,0.292638591769554,64,5.23429279807405,9.8019145051142e-07,"LME","*"
"Abs_at_Ambient_Cm_Mean","C[2]",1.50174555757078,0.234007828357179,7,6.41750136358084,0.000180611579047966,"PLME_BM","*"
"ActivityAlaAT","C[3]",2.51454976358914,56.7679438650089,62,0.0442952411587885,0.482405710427752,"LME",""
"ActivityAlaAT","C[3]",2.51454976358916,74.3653375064985,7,0.0338134653576933,0.486984939270519,"PLME_BM",""
"ActivityAlaAT","PK",23.923076062445,69.5262481081153,62,0.344086970222296,0.365972589653448,"LME",""
"ActivityAlaAT","PK",23.923076062445,91.0785657203886,7,0.262664172115851,0.400186071684082,"PLME_BM",""
"ActivityAlaAT","`sub-`*C[2]",62.6838362994452,56.7679438650089,62,1.10421184971053,0.136884174472407,"LME",""
"ActivityAlaAT","`sub-`*C[2]",62.6838362994452,74.3653375064985,7,0.842917391371585,0.213567160723892,"PLME_BM",""
"ActivityAlaAT","C[2]",-28.4802801854561,56.7679438650089,62,-0.50169652529922,0.691171025267895,"LME",""
"ActivityAlaAT","C[2]",-28.4802801854561,74.3653375064985,7,-0.382977891856771,0.643449711685796,"PLME_BM",""
"ActivityAspAT","C[3]",7.98146343780728,35.8519029873962,62,0.222623146130156,0.412280298651941,"LME",""
"ActivityAspAT","C[3]",7.98146343780721,41.0471878878843,7,0.194446047305547,0.425674724206583,"PLME_BM",""
"ActivityAspAT","PK",21.7094307998628,43.9094343134423,62,0.494413811958782,0.311380656679734,"LME",""
"ActivityAspAT","PK",21.7094307998628,50.2723328507333,7,0.431836550420717,0.339424711496226,"PLME_BM",""
"ActivityAspAT","`sub-`*C[2]",83.9298561719331,35.8519029873962,62,2.34101537654609,0.0112309256413342,"LME","*"
"ActivityAspAT","`sub-`*C[2]",83.9298561719331,41.0471878878843,7,2.04471634941662,0.0400765101968809,"PLME_BM","*"
"ActivityAspAT","C[2]",66.9625265620394,35.8519029873962,62,1.86775375872182,0.0332622255528193,"LME","*"
"ActivityAspAT","C[2]",66.9625265620394,41.0471878878843,7,1.63135478963723,0.0734180034612115,"PLME_BM",""
"ActivityNADME","C[3]",20.8271152629936,44.9002287422783,62,0.463853210693839,0.322188700485808,"LME",""
"ActivityNADME","C[3]",20.8271152629935,57.2779836748258,7,0.363614672283711,0.363439665714713,"PLME_BM",""
"ActivityNADME","PK",41.7837361318914,54.9913248764145,62,0.759824140003803,0.225119656077637,"LME",""
"ActivityNADME","PK",41.7837361318914,70.1509167493941,7,0.595626373368133,0.285086471293751,"PLME_BM",""
"ActivityNADME","`sub-`*C[2]",6.41369850864541,44.9002287422783,62,0.142843337067596,0.443438562995799,"LME",""
"ActivityNADME","`sub-`*C[2]",6.41369850864538,57.2779836748258,7,0.111974935169798,0.456993287946365,"PLME_BM",""
"ActivityNADME","C[2]",49.4933165349154,44.9002287422783,62,1.1022954207873,0.137296923570452,"LME",""
"ActivityNADME","C[2]",49.4933165349154,57.2779836748258,7,0.864089714049556,0.208081391360477,"PLME_BM",""
"ActivityNADPME","C[3]",-0.368438441384997,3.30374184298335,50,-0.111521559157991,0.544175369062567,"LME",""
"ActivityNADPME","C[3]",-0.439646436582629,4.0397643635156,7,-0.108829722979196,0.541804229944898,"PLME_BM",""
"ActivityNADPME","PK",7.46133254883666,3.8739807016793,50,1.92601180114354,0.0298990615274529,"LME","*"
"ActivityNADPME","PK",7.46133254883666,4.94768068584623,7,1.50804650150144,0.0876385567344969,"PLME_BM",""
"ActivityNADPME","`sub-`*C[2]",-1.05011005939382,3.30374184298335,50,-0.317854756606997,0.62404057957236,"LME",""
"ActivityNADPME","`sub-`*C[2]",-0.946148957076961,4.03976436351559,7,-0.234208946844013,0.589237282201168,"PLME_BM",""
"ActivityNADPME","C[2]",3.55852224402,4.1414595739023,50,0.859243505947584,0.197153541337608,"LME",""
"ActivityNADPME","C[2]",5.69983678970607,4.03976436351559,7,1.41093298440452,0.10056318423468,"PLME_BM",""
"ActivityPEPC","C[3]",-9.7934884759942,22.0098919527748,50,-0.444958498524547,0.670864945207422,"LME",""
"ActivityPEPC","C[3]",-10.3742485863899,21.9480865445447,7,-0.472672119518704,0.67458516436442,"PLME_BM",""
"ActivityPEPC","PK",-13.7727110218203,25.8088860218265,50,-0.533642211840245,0.702023201800724,"LME",""
"ActivityPEPC","PK",-13.7727110218203,26.8808064322899,7,-0.512362270697212,0.687918336545395,"PLME_BM",""
"ActivityPEPC","`sub-`*C[2]",-12.7194431325282,22.0098919527748,50,-0.577896663910005,0.717036223268998,"LME",""
"ActivityPEPC","`sub-`*C[2]",-11.1395852745047,21.9480865445447,7,-0.507542434366491,0.686314661182941,"PLME_BM",""
"ActivityPEPC","C[2]",7.70712987816309,27.5908597222782,50,0.27933634383781,0.390569481792041,"LME",""
"ActivityPEPC","C[2]",7.48996712804718,21.9480865445447,7,0.341258319391347,0.371461775557216,"PLME_BM",""
"BSFractionChloroArea_Mean","C[3]",-0.0700298593177107,1.63359118366503,62,-0.0428686565022931,0.517028001553385,"LME",""
"BSFractionChloroArea_Mean","C[3]",-0.0700298593177085,1.58698301348994,7,-0.0441276678593463,0.516982476278305,"PLME_BM",""
"BSFractionChloroArea_Mean","PK",1.23901407399435,2.00073242414426,62,0.619280249093925,0.26900040812433,"LME",""
"BSFractionChloroArea_Mean","PK",1.23901407399435,1.94364930675737,7,0.637467916504662,0.272049456820271,"PLME_BM",""
"BSFractionChloroArea_Mean","`sub-`*C[2]",-1.21490963264637,1.63359118366503,62,-0.743704817211772,0.770067867564393,"LME",""
"BSFractionChloroArea_Mean","`sub-`*C[2]",-1.21490963264637,1.58698301348994,7,-0.765546714942244,0.76551650012278,"PLME_BM",""
"BSFractionChloroArea_Mean","C[2]",2.46773223935596,1.63359118366503,62,1.51061799551311,0.0679829879547256,"LME",""
"BSFractionChloroArea_Mean","C[2]",2.46773223935595,1.58698301348994,7,1.55498339829685,0.0819501335729557,"PLME_BM",""
"BSFractionGDC_Mean","C[3]",0.547942520441701,5.53928953186641,62,0.0989192778766119,0.460760748429811,"LME",""
"BSFractionGDC_Mean","C[3]",0.547942520441712,4.84682993275415,7,0.113051732378477,0.456581715590999,"PLME_BM",""
"BSFractionGDC_Mean","PK",6.65152972428745,6.7842164453065,62,0.980441850272799,0.165339246138405,"LME",""
"BSFractionGDC_Mean","PK",6.65152972428745,5.93613010264788,7,1.1205161627641,0.149729748190087,"PLME_BM",""
"BSFractionGDC_Mean","`sub-`*C[2]",4.67819344509068,5.5392895318664,62,0.844547557620519,0.200805326510685,"LME",""
"BSFractionGDC_Mean","`sub-`*C[2]",4.67819344509067,4.84682993275415,7,0.965206848599359,0.183297239788484,"PLME_BM",""
"BSFractionGDC_Mean","C[2]",13.9081821873193,5.53928953186641,62,2.51082419637183,0.00733326832105172,"LME","*"
"BSFractionGDC_Mean","C[2]",13.9081821873193,4.84682993275415,7,2.86954202649652,0.0120038606798641,"PLME_BM","*"
"BSFractionMitoArea_Mean","C[3]",-0.342130636712227,4.50003433775684,62,-0.0760284502368423,0.530179367137146,"LME",""
"BSFractionMitoArea_Mean","C[3]",-0.34213063671223,3.5218832523442,7,-0.0971442300037925,0.537332606877083,"PLME_BM",""
"BSFractionMitoArea_Mean","PK",2.35441014760218,5.51139397625373,62,0.427189592641416,0.335360590996082,"LME",""
"BSFractionMitoArea_Mean","PK",2.35441014760219,4.31340845094849,7,0.545835196081296,0.301065999026107,"PLME_BM",""
"BSFractionMitoArea_Mean","`sub-`*C[2]",-0.0739512606819492,4.50003433775683,62,-0.0164334880872959,0.506529333416613,"LME",""
"BSFractionMitoArea_Mean","`sub-`*C[2]",-0.0739512606819458,3.5218832523442,7,-0.0209976468222571,0.508083235681655,"PLME_BM",""
"BSFractionMitoArea_Mean","C[2]",3.62725534704077,4.50003433775683,62,0.806050593127001,0.211647303892433,"LME",""
"BSFractionMitoArea_Mean","C[2]",3.62725534704077,3.5218832523442,7,1.02991924693314,0.1686570496986,"PLME_BM",""
"ChloroMitoEdgeDist_Mean","C[3]",-0.168178683333334,0.282983641565522,62,-0.594305318862021,0.277235223453859,"LME",""
"ChloroMitoEdgeDist_Mean","C[3]",-0.168178683333333,0.267261465144538,7,-0.629266487192159,0.274576044782598,"PLME_BM",""
"ChloroMitoEdgeDist_Mean","PK",-0.0918955750000005,0.346582763695089,62,-0.265147562505004,0.395887684916599,"LME",""
"ChloroMitoEdgeDist_Mean","PK",-0.0918955750000001,0.327327108756375,7,-0.280745384484475,0.393511123082042,"PLME_BM",""
"ChloroMitoEdgeDist_Mean","`sub-`*C[2]",-0.459273033333333,0.282983641565522,62,-1.62296672271423,0.0548354190317074,"LME",""
"ChloroMitoEdgeDist_Mean","`sub-`*C[2]",-0.459273033333333,0.267261465144538,7,-1.71844090237608,0.0647051594372396,"PLME_BM",""
"ChloroMitoEdgeDist_Mean","C[2]",-0.508571516666667,0.282983641565522,62,-1.79717638041954,0.0385890717885703,"LME","*"
"ChloroMitoEdgeDist_Mean","C[2]",-0.508571516666667,0.267261465144538,7,-1.90289878262706,0.049392003273996,"PLME_BM","*"
"Cstar_Mean","C[3]",3.28456251397722,2.34241347914491,64,1.40221294968651,0.917158217488362,"LME",""
"Cstar_Mean","C[3]",3.28456251397723,2.33521751157667,7,1.40653386577235,0.898812753576048,"PLME_BM",""
"Cstar_Mean","PK",-2.3692533818136,2.86885889526126,64,-0.825852183154461,0.205977990660311,"LME",""
"Cstar_Mean","PK",-2.36925338181361,2.86004567088735,7,-0.828397044820104,0.217388673769094,"PLME_BM",""
"Cstar_Mean","`sub-`*C[2]",-10.3570450369735,2.34241347914491,64,-4.42152725348655,1.93907953568341e-05,"LME","*"
"Cstar_Mean","`sub-`*C[2]",-10.3570450369735,2.33521751157667,7,-4.4351521798844,0.00151267994392452,"PLME_BM","*"
"Cstar_Mean","C[2]",-8.4124093042348,2.25051807518175,64,-3.7379878868804,0.000198995795361985,"LME","*"
"Cstar_Mean","C[2]",-8.31517964075748,2.33521751157667,7,-3.56077307554247,0.00460495206658534,"PLME_BM","*"
"DotsPerMitoArea_Mean","C[3]",12.4181595326682,6.35094307557838,62,1.95532527766159,0.0275278731798008,"LME","*"
"DotsPerMitoArea_Mean","C[3]",12.4181595326682,4.45118480783081,7,2.78985485186358,0.013456973409253,"PLME_BM","*"
"DotsPerMitoArea_Mean","PK",7.27983529153835,7.77828496031453,62,0.935917792762889,0.17647338963467,"LME",""
"DotsPerMitoArea_Mean","PK",7.27983529153834,5.45156576500695,7,1.33536594903924,0.111771613897401,"PLME_BM",""
"DotsPerMitoArea_Mean","`sub-`*C[2]",-1.05734986437143,6.35094307557837,62,-0.166487063698825,0.565842284861499,"LME",""
"DotsPerMitoArea_Mean","`sub-`*C[2]",-1.05734986437144,4.45118480783081,7,-0.237543465396289,0.590481026530238,"PLME_BM",""
"DotsPerMitoArea_Mean","C[2]",1.59562559681745,6.35094307557837,62,0.25124230808385,0.401228812706108,"LME",""
"DotsPerMitoArea_Mean","C[2]",1.59562559681745,4.45118480783081,7,0.358472107024252,0.365278652712015,"PLME_BM",""
"GammaLowLight_Mean","C[3]",-8.8312633152202,3.0884023756579,64,-2.85949246277824,0.00286119642443583,"LME","*"
"GammaLowLight_Mean","C[3]",-8.8312633152202,3.8988520898093,7,-2.26509318942955,0.0289474427611612,"PLME_BM","*"
"GammaLowLight_Mean","PK",-0.773530316029291,3.78250497038061,64,-0.204502128109948,0.419305045138148,"LME",""
"GammaLowLight_Mean","PK",-0.773530316029291,4.77509910130831,7,-0.161992515677288,0.437944251382439,"PLME_BM",""
"GammaLowLight_Mean","`sub-`*C[2]",-9.12541103146807,3.0884023756579,64,-2.95473514183013,0.00218760852531468,"LME","*"
"GammaLowLight_Mean","`sub-`*C[2]",-9.12541103146806,3.8988520898093,7,-2.34053788686157,0.0259019661671825,"PLME_BM","*"
"GammaLowLight_Mean","C[2]",-4.5581166078234,2.96724102372807,64,-1.53614639706502,0.0647159364749247,"LME",""
"GammaLowLight_Mean","C[2]",-5.06796533293355,3.8988520898093,7,-1.29986088627985,0.117406468927346,"PLME_BM",""
"Gamma_Mean","C[3]",-2.19222019637654,1.5133361314502,64,-1.44860097556502,0.0761654850074387,"LME",""
"Gamma_Mean","C[3]",-2.19222019637655,1.70179818226995,7,-1.28817871544112,0.119313657634458,"PLME_BM",""
"Gamma_Mean","PK",-1.34066532014101,1.85345066568521,64,-0.723334774948203,0.236054843677449,"LME",""
"Gamma_Mean","PK",-1.34066532014101,2.08426859587865,7,-0.643230590717525,0.270282674135645,"PLME_BM",""
"Gamma_Mean","`sub-`*C[2]",-7.11100172113379,1.51333613145019,64,-4.69889112759073,7.16403303751767e-06,"LME","*"
"Gamma_Mean","`sub-`*C[2]",-7.11100172113381,1.70179818226995,7,-4.17852233902892,0.00207243716470784,"PLME_BM","*"
"Gamma_Mean","C[2]",-5.55710868340262,1.45396632489391,64,-3.82203396891471,0.000151067714042756,"LME","*"
"Gamma_Mean","C[2]",-5.38739496237114,1.70179818226995,7,-3.16570731976287,0.00790104102512401,"PLME_BM","*"
"Gly_Shuttle_Rate_Mean","C[3]",0.0608552254464863,0.393279080738835,64,0.154738017929051,0.438757409058696,"LME",""
"Gly_Shuttle_Rate_Mean","C[3]",0.0608552254464859,0.442300478447725,7,0.137587971100688,0.447220035493691,"PLME_BM",""
"Gly_Shuttle_Rate_Mean","PK",0.635753734453809,0.481666537160486,64,1.31990430184687,0.0957843600616392,"LME",""
"Gly_Shuttle_Rate_Mean","PK",0.63575373445381,0.541705242592897,7,1.17361562057392,0.139464863348866,"PLME_BM",""
"Gly_Shuttle_Rate_Mean","`sub-`*C[2]",0.658888375625653,0.393279080738834,64,1.67537102250095,0.0493705708518617,"LME","*"
"Gly_Shuttle_Rate_Mean","`sub-`*C[2]",0.658888375625653,0.442300478447725,7,1.48968497148828,0.0899603933609594,"PLME_BM",""
"Gly_Shuttle_Rate_Mean","C[2]",1.79157273368651,0.377850318773228,64,4.7414879508458,6.1342807106416e-06,"LME","*"
"Gly_Shuttle_Rate_Mean","C[2]",1.7214884001435,0.442300478447725,7,3.8921242097344,0.00297952452414488,"PLME_BM","*"
"L_Mean","C[3]",-0.0190251471670605,0.17765270399523,64,-0.107091796179873,0.542474421734301,"LME",""
"L_Mean","C[3]",-0.0190251471670607,0.315322977645903,7,-0.0603354291180938,0.52321253015786,"PLME_BM",""
"L_Mean","PK",0.219875492533513,0.217579238107005,64,1.01055364678398,0.158017763438785,"LME",""
"L_Mean","PK",0.219875492533514,0.386190199703745,7,0.569345086183402,0.293459188958209,"PLME_BM",""
"L_Mean","`sub-`*C[2]",-0.0589729483965517,0.17765270399523,64,-0.331956379330625,0.629496549973948,"LME",""
"L_Mean","`sub-`*C[2]",-0.0589729483965519,0.315322977645903,7,-0.187023948704355,0.571526476290675,"PLME_BM",""
"L_Mean","C[2]",0.259816660348598,0.170683197055426,64,1.52221580583721,0.0664404868963839,"LME",""
"L_Mean","C[2]",0.219742842572715,0.315322977645903,7,0.696881794702188,0.254175685391027,"PLME_BM",""
"V_cmax_Mean","C[3]",11.6557508117584,9.18088309523421,64,1.26956750138871,0.104417917696677,"LME",""
"V_cmax_Mean","C[3]",11.6557508117583,8.11465445127924,7,1.43638288996038,0.0970198941847671,"PLME_BM",""
"V_cmax_Mean","PK",1.23579561648355,11.2442394857338,64,0.109904775512072,0.45641439898083,"LME",""
"V_cmax_Mean","PK",1.23579561648355,9.93838142231919,7,0.124345762551259,0.452268467652616,"PLME_BM",""
"V_cmax_Mean","`sub-`*C[2]",4.48501936169062,9.18088309523421,64,0.4885172063697,0.313426647790717,"LME",""
"V_cmax_Mean","`sub-`*C[2]",4.48501936169061,8.11465445127924,7,0.552706142771559,0.298831584501776,"PLME_BM",""
"V_cmax_Mean","C[2]",20.6832546465783,8.82070716204113,64,2.34485220590773,0.0110741702657506,"LME","*"
"V_cmax_Mean","C[2]",19.2755898560142,8.11465445127925,7,2.37540488898766,0.0246067469179844,"PLME_BM","*"
"g_bs_Mean","C[3]",1.95753849406861,7.97384045131812,64,0.245495066777391,0.596570666701483,"LME",""
"g_bs_Mean","C[3]",1.95753849406858,4.20575648299245,7,0.465442662214187,0.672125953015291,"PLME_BM",""
"g_bs_Mean","PK",5.86644845082115,9.76592019804665,64,0.600706163050006,0.724921393789033,"LME",""
"g_bs_Mean","PK",5.86644845082116,5.15097868286693,7,1.13889977264593,0.853892222413447,"PLME_BM",""
"g_bs_Mean","`sub-`*C[2]",-19.0309764746503,7.97384045131811,64,-2.38667635637284,0.00998408594663805,"LME","*"
"g_bs_Mean","`sub-`*C[2]",-19.0309764746503,4.20575648299245,7,-4.52498297312485,0.0013579666249069,"PLME_BM","*"
"g_bs_Mean","C[2]",-1.07238237603284,7.66101810123535,64,-0.139979094405209,0.444558054580463,"LME",""
"g_bs_Mean","C[2]",-1.0863238636243,4.20575648299245,7,-0.258294522761187,0.401804674567282,"PLME_BM",""
