Category,Trait,Phot. type,Direction,LME est.,LME SE,LME df,LME t,LME p,PLME est.,PLME SE,PLME df,PLME t,PLME p,Agreement
Gas exchange,Gamma,C3,lower at 200,-2.192,1.686,75,-1.3,0.099,-2.192,1.702,7,-1.29,0.119,Yes
Gas exchange,Gamma,PK,lower at 200,-1.341,2.064,75,-0.65,0.259,-1.341,2.084,7,-0.64,0.270,Yes
Gas exchange,Gamma,sub-C2,lower at 200,-7.111,1.686,75,-4.22,< 0.001,-7.111,1.702,7,-4.18,0.002,Yes
Gas exchange,Gamma,C2,lower at 200,-5.557,1.62,75,-3.43,< 0.001,-5.387,1.702,7,-3.17,0.008,Yes
Gas exchange,Gamma250,C3,lower at 200,-8.831,3.005,75,-2.94,0.002,-8.831,3.899,7,-2.27,0.029,Yes
Gas exchange,Gamma250,PK,lower at 200,-0.774,3.68,75,-0.21,0.417,-0.774,4.775,7,-0.16,0.438,Yes
Gas exchange,Gamma250,sub-C2,lower at 200,-9.125,3.005,75,-3.04,0.002,-9.125,3.899,7,-2.34,0.026,Yes
Gas exchange,Gamma250,C2,lower at 200,-4.558,2.887,75,-1.58,0.059,-5.068,3.899,7,-1.3,0.117,Yes
Gas exchange,Ci*,C3,lower at 200,3.285,2.302,75,1.43,0.921,3.285,2.335,7,1.41,0.899,Yes
Gas exchange,Ci*,PK,lower at 200,-2.369,2.82,75,-0.84,0.202,-2.369,2.86,7,-0.83,0.217,Yes
Gas exchange,Ci*,sub-C2,lower at 200,-10.357,2.302,75,-4.5,< 0.001,-10.357,2.335,7,-4.44,0.002,Yes
Gas exchange,Ci*,C2,lower at 200,-8.412,2.212,75,-3.8,< 0.001,-8.315,2.335,7,-3.56,0.005,Yes
Gas exchange,Initial slope of A/Ci,C3,greater at 200,0.014,0.01,75,1.4,0.083,0.014,0.008,7,1.82,0.056,Yes
Gas exchange,Initial slope of A/Ci,PK,greater at 200,-0.004,0.013,75,-0.33,0.628,-0.004,0.01,7,-0.43,0.659,Yes
Gas exchange,Initial slope of A/Ci,sub-C2,greater at 200,0.003,0.01,75,0.29,0.385,0.003,0.008,7,0.38,0.357,Yes
Gas exchange,Initial slope of A/Ci,C2,greater at 200,0.01,0.01,75,1.05,0.148,0.01,0.008,7,1.3,0.118,Yes
Gas exchange,Rd,C3,two-sided,0.565,0.18,75,3.15,0.002,0.565,0.189,7,2.99,0.020,Yes
Gas exchange,Rd,PK,two-sided,-0.131,0.22,75,-0.59,0.554,-0.131,0.231,7,-0.57,0.589,Yes
Gas exchange,Rd,sub-C2,two-sided,-0.003,0.18,75,-0.02,0.988,-0.003,0.189,7,-0.01,0.989,Yes
Gas exchange,Rd,C2,two-sided,-0.235,0.173,75,-1.36,0.178,-0.212,0.189,7,-1.12,0.299,Yes
Ultrastructure,Vacuole P:A,C3,lower at 200,0.009,0.056,73,0.16,0.562,0.009,0.073,7,0.12,0.546,Yes
Ultrastructure,Vacuole P:A,PK,lower at 200,0.035,0.069,73,0.51,0.695,0.035,0.089,7,0.4,0.648,Yes
Ultrastructure,Vacuole P:A,sub-C2,lower at 200,-0.003,0.056,73,-0.05,0.479,-0.003,0.073,7,-0.04,0.484,Yes
Ultrastructure,Vacuole P:A,C2,lower at 200,-0.012,0.056,73,-0.21,0.416,-0.012,0.073,7,-0.16,0.437,Yes
Ultrastructure,Vacuole circularity,C3,greater at 200,-0.01,0.05,73,-0.21,0.582,-0.01,0.057,7,-0.18,0.570,Yes
Ultrastructure,Vacuole circularity,PK,greater at 200,-0.008,0.061,73,-0.13,0.550,-0.008,0.07,7,-0.11,0.542,Yes
Ultrastructure,Vacuole circularity,sub-C2,greater at 200,0.054,0.05,73,1.09,0.141,0.054,0.057,7,0.94,0.188,Yes
Ultrastructure,Vacuole circularity,C2,greater at 200,0.131,0.05,73,2.62,0.005,0.131,0.057,7,2.28,0.028,Yes
Ultrastructure,BS fraction of GDC (%),C3,greater at 200,0.548,5.382,73,0.1,0.460,0.548,4.847,7,0.11,0.457,Yes
Ultrastructure,BS fraction of GDC (%),PK,greater at 200,6.652,6.592,73,1.01,0.158,6.652,5.936,7,1.12,0.150,Yes
Ultrastructure,BS fraction of GDC (%),sub-C2,greater at 200,4.678,5.382,73,0.87,0.194,4.678,4.847,7,0.97,0.183,Yes
Ultrastructure,BS fraction of GDC (%),C2,greater at 200,13.908,5.382,73,2.58,0.006,13.908,4.847,7,2.87,0.012,Yes
Ultrastructure,BS fraction of chloro. area (%),C3,greater at 200,-0.07,1.687,73,-0.04,0.517,-0.07,1.587,7,-0.04,0.517,Yes
Ultrastructure,BS fraction of chloro. area (%),PK,greater at 200,1.239,2.066,73,0.6,0.275,1.239,1.944,7,0.64,0.272,Yes
Ultrastructure,BS fraction of chloro. area (%),sub-C2,greater at 200,-1.215,1.687,73,-0.72,0.763,-1.215,1.587,7,-0.77,0.766,Yes
Ultrastructure,BS fraction of chloro. area (%),C2,greater at 200,2.468,1.687,73,1.46,0.074,2.468,1.587,7,1.55,0.082,Yes
Ultrastructure,BS fraction of mito. area (%),C3,greater at 200,-0.342,4.579,73,-0.07,0.530,-0.342,3.522,7,-0.1,0.537,Yes
Ultrastructure,BS fraction of mito. area (%),PK,greater at 200,2.354,5.609,73,0.42,0.338,2.354,4.313,7,0.55,0.301,Yes
Ultrastructure,BS fraction of mito. area (%),sub-C2,greater at 200,-0.074,4.579,73,-0.02,0.506,-0.074,3.522,7,-0.02,0.508,Yes
Ultrastructure,BS fraction of mito. area (%),C2,greater at 200,3.627,4.579,73,0.79,0.215,3.627,3.522,7,1.03,0.169,Yes
Ultrastructure,Chloro.-mito. edge distance (um),C3,lower at 200,-0.168,0.27,73,-0.62,0.267,-0.168,0.267,7,-0.63,0.275,Yes
Ultrastructure,Chloro.-mito. edge distance (um),PK,lower at 200,-0.092,0.33,73,-0.28,0.391,-0.092,0.327,7,-0.28,0.394,Yes
Ultrastructure,Chloro.-mito. edge distance (um),sub-C2,lower at 200,-0.459,0.27,73,-1.7,0.046,-0.459,0.267,7,-1.72,0.065,No
Ultrastructure,Chloro.-mito. edge distance (um),C2,lower at 200,-0.509,0.27,73,-1.89,0.032,-0.509,0.267,7,-1.9,0.049,Yes
Ultrastructure,Mito.-chloro. edge distance (um),C3,lower at 200,0.027,0.25,73,0.11,0.544,0.027,0.112,7,0.25,0.593,Yes
Ultrastructure,Mito.-chloro. edge distance (um),PK,lower at 200,0.345,0.306,73,1.13,0.868,0.345,0.137,7,2.52,0.980,Yes
Ultrastructure,Mito.-chloro. edge distance (um),sub-C2,lower at 200,-0.069,0.25,73,-0.28,0.392,-0.069,0.112,7,-0.62,0.279,Yes
Ultrastructure,Mito.-chloro. edge distance (um),C2,lower at 200,-0.056,0.25,73,-0.22,0.412,-0.056,0.112,7,-0.5,0.317,Yes
Ultrastructure,BS gold particle density (um-2),C3,greater at 200,12.418,6.735,73,1.84,0.035,12.418,4.451,7,2.79,0.013,Yes
Ultrastructure,BS gold particle density (um-2),PK,greater at 200,7.28,8.249,73,0.88,0.190,7.28,5.452,7,1.34,0.112,Yes
Ultrastructure,BS gold particle density (um-2),sub-C2,greater at 200,-1.057,6.735,73,-0.16,0.562,-1.057,4.451,7,-0.24,0.590,Yes
Ultrastructure,BS gold particle density (um-2),C2,greater at 200,1.596,6.735,73,0.24,0.407,1.596,4.451,7,0.36,0.365,Yes
Ultrastructure,M gold particle density (um-2),C3,lower at 200,5.644,7.101,73,0.79,0.785,5.644,4.915,7,1.15,0.856,Yes
Ultrastructure,M gold particle density (um-2),PK,lower at 200,4.818,8.697,73,0.55,0.709,4.818,6.02,7,0.8,0.775,Yes
Ultrastructure,M gold particle density (um-2),sub-C2,lower at 200,-4.699,7.101,73,-0.66,0.255,-4.699,4.915,7,-0.96,0.185,Yes
Ultrastructure,M gold particle density (um-2),C2,lower at 200,-4.937,7.101,73,-0.7,0.245,-4.937,4.915,7,-1,0.174,Yes
Ultrastructure,BS chloroplast count,C3,greater at 200,0.033,1.407,73,0.02,0.491,0.033,1.453,7,0.02,0.491,Yes
Ultrastructure,BS chloroplast count,PK,greater at 200,1.025,1.723,73,0.59,0.277,1.025,1.779,7,0.58,0.291,Yes
Ultrastructure,BS chloroplast count,sub-C2,greater at 200,-1.579,1.407,73,-1.12,0.867,-1.579,1.453,7,-1.09,0.844,Yes
Ultrastructure,BS chloroplast count,C2,greater at 200,-1.133,1.407,73,-0.81,0.788,-1.133,1.453,7,-0.78,0.770,Yes
Ultrastructure,BS mitochondria count,C3,greater at 200,-1.25,2.59,73,-0.48,0.685,-1.25,1.253,7,-1,0.824,Yes
Ultrastructure,BS mitochondria count,PK,greater at 200,3.9,3.173,73,1.23,0.111,3.9,1.535,7,2.54,0.019,No
Ultrastructure,BS mitochondria count,sub-C2,greater at 200,-1.958,2.59,73,-0.76,0.774,-1.958,1.253,7,-1.56,0.919,Yes
Ultrastructure,BS mitochondria count,C2,greater at 200,3.633,2.59,73,1.4,0.082,3.633,1.253,7,2.9,0.012,No
Ultrastructure,BS chloroplast area (um2),C3,greater at 200,-2.308,13.351,73,-0.17,0.568,-2.308,11.771,7,-0.2,0.575,Yes
Ultrastructure,BS chloroplast area (um2),PK,greater at 200,1.642,16.351,73,0.1,0.460,1.642,14.416,7,0.11,0.456,Yes
Ultrastructure,BS chloroplast area (um2),sub-C2,greater at 200,-9.82,13.351,73,-0.74,0.768,-9.82,11.771,7,-0.83,0.784,Yes
Ultrastructure,BS chloroplast area (um2),C2,greater at 200,5.939,13.351,73,0.44,0.329,5.939,11.771,7,0.5,0.315,Yes
Ultrastructure,BS mitochondria area (um2),C3,greater at 200,-0.435,1.278,73,-0.34,0.633,-0.435,0.894,7,-0.49,0.679,Yes
Ultrastructure,BS mitochondria area (um2),PK,greater at 200,1.482,1.565,73,0.95,0.173,1.482,1.094,7,1.35,0.109,Yes
Ultrastructure,BS mitochondria area (um2),sub-C2,greater at 200,-1.404,1.278,73,-1.1,0.862,-1.404,0.894,7,-1.57,0.920,Yes
Ultrastructure,BS mitochondria area (um2),C2,greater at 200,1.185,1.278,73,0.93,0.178,1.185,0.894,7,1.33,0.113,Yes
Enzyme activity,Asp-AT activity,C3,greater at 200,-0.345,9.079,73,-0.04,0.515,-0.345,10.01,7,-0.03,0.513,Yes
Enzyme activity,Asp-AT activity,PK,greater at 200,5.403,11.119,73,0.49,0.314,5.403,12.26,7,0.44,0.336,Yes
Enzyme activity,Asp-AT activity,sub-C2,greater at 200,20.92,9.079,73,2.3,0.012,20.92,10.01,7,2.09,0.037,Yes
Enzyme activity,Asp-AT activity,C2,greater at 200,16.695,9.079,73,1.84,0.035,16.695,10.01,7,1.67,0.070,No
Enzyme activity,Ala-AT activity,C3,greater at 200,-3.585,13.699,73,-0.26,0.603,-3.585,18.876,7,-0.19,0.573,Yes
Enzyme activity,Ala-AT activity,PK,greater at 200,5.954,16.778,73,0.35,0.362,5.954,23.119,7,0.26,0.402,Yes
Enzyme activity,Ala-AT activity,sub-C2,greater at 200,15.625,13.699,73,1.14,0.129,15.625,18.876,7,0.83,0.218,Yes
Enzyme activity,Ala-AT activity,C2,greater at 200,-7.086,13.699,73,-0.52,0.697,-7.086,18.876,7,-0.38,0.641,Yes
Enzyme activity,NAD-ME activity,C3,greater at 200,-1.748,10.318,73,-0.17,0.567,-1.748,12.437,7,-0.14,0.554,Yes
Enzyme activity,NAD-ME activity,PK,greater at 200,10.399,12.636,73,0.82,0.207,10.399,15.232,7,0.68,0.258,Yes
Enzyme activity,NAD-ME activity,sub-C2,greater at 200,1.601,10.318,73,0.16,0.439,1.601,12.437,7,0.13,0.451,Yes
Enzyme activity,NAD-ME activity,C2,greater at 200,12.337,10.318,73,1.2,0.118,12.337,12.437,7,0.99,0.177,Yes
Enzyme activity,NADP-ME activity,C3,greater at 200,-0.131,0.906,59,-0.14,0.557,-0.158,1.008,7,-0.16,0.560,Yes
Enzyme activity,NADP-ME activity,PK,greater at 200,1.859,1.063,59,1.75,0.043,1.859,1.235,7,1.51,0.088,No
Enzyme activity,NADP-ME activity,sub-C2,greater at 200,-0.261,0.906,59,-0.29,0.613,-0.235,1.008,7,-0.23,0.589,Yes
Enzyme activity,NADP-ME activity,C2,greater at 200,0.887,1.136,59,0.78,0.219,1.421,1.008,7,1.41,0.101,Yes
Enzyme activity,PEPC activity,C3,greater at 200,-3.36,5.449,59,-0.62,0.730,-3.709,5.547,7,-0.67,0.737,Yes
Enzyme activity,PEPC activity,PK,greater at 200,-3.436,6.389,59,-0.54,0.704,-3.436,6.793,7,-0.51,0.686,Yes
Enzyme activity,PEPC activity,sub-C2,greater at 200,-3.169,5.449,59,-0.58,0.718,-2.775,5.547,7,-0.5,0.684,Yes
Enzyme activity,PEPC activity,C2,greater at 200,1.922,6.83,59,0.28,0.390,1.868,5.547,7,0.34,0.373,Yes
Modelled,As,C3,greater at 200,0.08,0.307,75,0.26,0.398,0.08,0.234,7,0.34,0.371,Yes
Modelled,As,PK,greater at 200,0.416,0.376,75,1.11,0.136,0.416,0.287,7,1.45,0.095,Yes
Modelled,As,sub-C2,greater at 200,0.718,0.307,75,2.34,0.011,0.718,0.234,7,3.07,0.009,Yes
Modelled,As,C2,greater at 200,1.532,0.295,75,5.19,< 0.001,1.502,0.234,7,6.42,< 0.001,Yes
Modelled,Glycine shuttle rate,C3,greater at 200,0.061,0.387,75,0.16,0.438,0.061,0.442,7,0.14,0.447,Yes
Modelled,Glycine shuttle rate,PK,greater at 200,0.636,0.474,75,1.34,0.092,0.636,0.542,7,1.17,0.139,Yes
Modelled,Glycine shuttle rate,sub-C2,greater at 200,0.659,0.387,75,1.7,0.047,0.659,0.442,7,1.49,0.090,No
Modelled,Glycine shuttle rate,C2,greater at 200,1.792,0.372,75,4.82,< 0.001,1.721,0.442,7,3.89,0.003,Yes
Modelled,gbs,C3,lower at 200,1.958,7.923,75,0.25,0.597,1.958,4.206,7,0.47,0.672,Yes
Modelled,gbs,PK,lower at 200,5.866,9.703,75,0.6,0.726,5.866,5.151,7,1.14,0.854,Yes
Modelled,gbs,sub-C2,lower at 200,-19.031,7.923,75,-2.4,0.009,-19.031,4.206,7,-4.52,0.001,Yes
Modelled,gbs,C2,lower at 200,-1.072,7.612,75,-0.14,0.444,-1.086,4.206,7,-0.26,0.402,Yes
Modelled,Vcmax,C3,greater at 200,11.656,9.392,75,1.24,0.109,11.656,8.115,7,1.44,0.097,Yes
Modelled,Vcmax,PK,greater at 200,1.236,11.503,75,0.11,0.457,1.236,9.938,7,0.12,0.452,Yes
Modelled,Vcmax,sub-C2,greater at 200,4.485,9.392,75,0.48,0.317,4.485,8.115,7,0.55,0.299,Yes
Modelled,Vcmax,C2,greater at 200,20.683,9.024,75,2.29,0.012,19.276,8.115,7,2.38,0.025,Yes
Modelled,Leakage rate (L),C3,lower at 200,-0.019,0.168,75,-0.11,0.455,-0.019,0.315,7,-0.06,0.477,Yes
Modelled,Leakage rate (L),PK,lower at 200,0.22,0.206,75,1.07,0.855,0.22,0.386,7,0.57,0.707,Yes
Modelled,Leakage rate (L),sub-C2,lower at 200,-0.059,0.168,75,-0.35,0.363,-0.059,0.315,7,-0.19,0.428,Yes
Modelled,Leakage rate (L),C2,lower at 200,0.26,0.162,75,1.61,0.944,0.22,0.315,7,0.7,0.746,Yes
Modelled,Cbs,C3,greater at 200,-0.101,44.706,75,-0,0.501,-0.101,92.34,7,-0,0.500,Yes
Modelled,Cbs,PK,greater at 200,10.065,54.753,75,0.18,0.427,10.065,113.093,7,0.09,0.466,Yes
Modelled,Cbs,sub-C2,greater at 200,195.365,44.706,75,4.37,< 0.001,195.365,92.34,7,2.12,0.036,Yes
Modelled,Cbs,C2,greater at 200,204.34,42.952,75,4.76,< 0.001,185.654,92.34,7,2.01,0.042,Yes
