Trait,C3,PK,sub-C2,C2,F_type,p_type,category
Gamma (umol mol-1),57.3 ± 2.0 c,56.7 ± 2.9 c,34.9 ± 5.2 b,17.5 ± 1.4 a,33.15,<0.001,Gas exchange
Gamma250 (umol mol-1),68.0 ± 5.9 b,69.2 ± 3.5 b,59.7 ± 2.2 b,40.6 ± 1.5 a,12.5,0.003,Gas exchange
Ci* (umol mol-1),46.1 ± 1.8 c,45.3 ± 1.9 c,30.4 ± 1.9 b,15.7 ± 1.6 a,63.09,<0.001,Gas exchange
Initial slope of A/Ci (mol m-2 s-1),0.122 ± 0.018,0.133 ± 0.034,0.117 ± 0.010,0.113 ± 0.010,0.22,0.880,Gas exchange
Rd (umol m-2 s-1),-1.33 ± 0.33,-1.54 ± 0.53,-1.81 ± 0.38,-1.47 ± 0.12,0.39,0.767,Gas exchange
Vacuole perimeter:area,0.31 ± 0.05,0.36 ± 0.01,0.27 ± 0.02,0.30 ± 0.03,1.15,0.393,Ultrastructure
Vacuole circularity,0.70 ± 0.01,0.66 ± 0.02,0.50 ± 0.11,0.52 ± 0.04,2.54,0.140,Ultrastructure
BS % of GDC (%),3.6 ± 0.9 a,31.2 ± 4.6 a,68.2 ± 14.9 b,80.0 ± 2.0 b,17.92,0.001,Ultrastructure
Chloroplast size (um2),15.8 ± 6.4 a,48.0 ± 5.2 ab,88.4 ± 19.2 b,94.5 ± 20.5 b,5.61,0.028,Ultrastructure
Chloroplast number (cell profile-1),4.0 ± 0.8,8.6 ± 1.4,15.9 ± 3.7,14.2 ± 3.2,4.02,0.059,Ultrastructure
BS % of chloro. area (%),1.7 ± 0.5 a,7.7 ± 0.4 ab,11.7 ± 1.3 b,14.8 ± 2.8 b,11.07,0.005,Ultrastructure
Mitochondria size (um2),2.1 ± 0.2,4.8 ± 0.7,9.1 ± 2.4,9.2 ± 1.9,4.29,0.051,Ultrastructure
Mitochondria number (cell profile-1),8.6 ± 1.1,12.2 ± 1.1,18.3 ± 4.5,24.0 ± 3.8,4.31,0.051,Ultrastructure
BS % of mito. area (%),6.2 ± 0.9 a,25.5 ± 1.5 b,35.8 ± 5.9 bc,45.1 ± 1.9 c,24.55,<0.001,Ultrastructure
Chloro.-mito. edge dist. (um),1.80 ± 0.25,0.66 ± 0.33,0.93 ± 0.15,0.79 ± 0.28,4.34,0.050,Ultrastructure
Mito.-chloro. edge dist. (um),2.66 ± 0.02 b,0.99 ± 0.32 a,0.76 ± 0.06 a,0.61 ± 0.13 a,56.18,<0.001,Ultrastructure
BS gold particles per mito. area (um-2),24 ± 9,29 ± 7,27 ± 7,31 ± 6,0.14,0.932,Ultrastructure
M gold particles per mito. area (um-2),42 ± 11,23 ± 4,10 ± 8,6 ± 0,4.66,0.043,Ultrastructure
Ala-AT (mmol mol Chl-1 s-1),60.1 ± 6.5,91.7 ± 22.4,86.7 ± 9.0,130.1 ± 55.5,0.86,0.504,Enzyme activity
Asp-AT (mmol mol Chl-1 s-1),30.3 ± 4.8,58.8 ± 0.4,72.1 ± 3.7,122.5 ± 45.7,2.42,0.151,Enzyme activity
NAD-ME (mmol mol Chl-1 s-1),50.0 ± 11.4,60.5 ± 11.4,51.8 ± 16.6,70.5 ± 11.8,0.52,0.680,Enzyme activity
NADP-ME (mmol mol Chl-1 s-1),1.3 ± 1.0 a,4.4 ± 0.3 ab,5.7 ± 1.0 ab,7.3 ± 1.3 b,5.86,0.025,Enzyme activity
PEPC (mmol mol Chl-1 s-1),15.5 ± 1.7,33.1 ± 3.3,15.6 ± 0.5,33.8 ± 13.8,1.91,0.217,Enzyme activity
As (umol m-2 s-1),0.32 ± 0.08 a,1.70 ± 0.49 ab,3.91 ± 1.12 bc,4.82 ± 0.46 c,9.24,0.008,Modelled
Glycine shuttle rate (umol m-2 s-1),0.27 ± 0.10 a,2.27 ± 0.30 ab,5.04 ± 1.51 b,5.58 ± 0.74 b,7.38,0.014,Modelled
gbs (mmol m-2 s-1),98 ± 7 b,117 ± 11 b,19 ± 1 a,3 ± 0 a,113.81,<0.001,Modelled
Vcmax (umol m-2 s-1),113 ± 17,126 ± 34,125 ± 17,123 ± 11,0.11,0.952,Modelled
L (umol m-2 s-1),-0.05 ± 0.07,0.57 ± 0.19,1.14 ± 0.39,0.76 ± 0.32,3.15,0.095,Modelled
Cbs (umol mol-1),220 ± 12,210 ± 7,366 ± 62,556 ± 165,2.72,0.125,Modelled
