Species,Plant,CO2_Growth,Sigma_Estimated,N_Data_Points,R_d_Input,f_GDC_Input,f_Rd_Input,f_rubisco_Input,Status,Abs_at_Ambient_Cm,V_cmax_Value,V_cmax_StdErr,g_bs_Value,g_bs_StdErr,Gly_Shuttle_Rate_Value,Cm_Used_for_GlyRate
F. angustifolia,1,200,0.6189069449725277,8,2.0379564972435595,0.8681020914262425,0.4573861676715414,0.125061121926343,SUCCESS,4.682493923647469,119.65694341958468,2.5506819115764685,0.0040437066553489,0.001957317102291,5.721613388791631,223.86860973224856
F. angustifolia,4,200,0.311533308135917,8,2.0379564972435595,0.8681020914262425,0.4573861676715414,0.125061121926343,SUCCESS,5.097412600604117,120.93312822628278,1.4685831631480042,0.0018078069617378,0.0009209545485908,6.078112892455273,183.622699005727
F. angustifolia,2,800,0.3676901040352934,8,2.367206810518846,0.8578370039851739,0.4886260319061323,0.1474221516940808,SUCCESS,4.11920752672868,128.6811650851408,1.5801900750615303,0.033433380463377,0.0046595075529484,5.992667565202172,214.51576677493205
F. angustifolia,3,200,0.5580913796768069,8,2.0379564972435595,0.8681020914262425,0.4573861676715414,0.125061121926343,SUCCESS,7.442452762706882,172.9901396663904,2.165352572887585,0.0020248859529651,0.0008010607784667,8.649171518180726,187.7509137049412
F. angustifolia,4,800,0.8637182286501914,8,2.367206810518846,0.8578370039851739,0.4886260319061323,0.1474221516940808,SUCCESS,3.989582521138612,130.28704050315866,3.926224256392196,0.0382404223467145,0.014092911180949,6.197660775047869,197.31917019746012
F. angustifolia,2,200,0.5854155806051486,8,2.0379564972435595,0.8681020914262425,0.4573861676715414,0.125061121926343,SUCCESS,5.645589309823519,169.728503905375,2.489598929141664,0.0273357511465401,0.0046185500030597,8.122268102631903,223.2170504310407
F. angustifolia,1,800,0.2694837306032543,8,2.367206810518846,0.8578370039851739,0.4886260319061323,0.1474221516940808,SUCCESS,5.293309793760777,152.64532864027709,1.1263129452690634,0.0267336809128725,0.0021936266223952,7.088431723257717,216.85344921035912
F. angustifolia,3,800,0.4113522702758059,8,2.367206810518846,0.8578370039851739,0.4886260319061323,0.1474221516940808,SUCCESS,4.155247171706142,121.78457787831456,1.768458344573638,0.0179664614217922,0.0031135844576058,5.69121062927302,211.6800974945879
F. cronquistii,1,200,0.5607768676394229,8,1.1459332336811563,0.0526491343822869,0.0786833529854936,0.0181288707314489,SUCCESS,0.4403299279705805,120.72107440187732,1.8310079861401287,0.1080232594225157,0.0637105394465402,0.3810543383801048,249.56303444146465
F. cronquistii,1,800,0.2554345134306798,8,1.7636022704464749,0.0536007554884411,0.0799729580148663,0.0176066275206149,SUCCESS,0.3543411780019379,126.7381970256064,0.9732263954443638,0.1110952938498506,0.0627090824204627,0.4252332009187867,213.9563350937745
F. cronquistii,2,200,0.413843722161181,8,1.1459332336811563,0.0526491343822869,0.0786833529854936,0.0181288707314489,SUCCESS,0.3275404036096623,113.82471523694956,1.7922422517894745,0.1117337512900544,0.0627394214114388,0.3849240588439973,192.71042199519465
F. cronquistii,2,800,0.3657412121822541,8,1.7636022704464749,0.0536007554884411,0.0799729580148663,0.0176066275206149,SUCCESS,0.457453141510498,158.302142738614,1.4494460696818263,0.1130139536640054,0.0618558244677889,0.5365267383251452,205.73911734627623
F. cronquistii,3,800,1.0559584413545788,8,1.7636022704464749,0.0536007554884411,0.0799729580148663,0.0176066275206149,SUCCESS,0.247361809945645,108.47895301796332,4.5907066683172815,0.1064196267601519,0.0647050920771618,0.3761321624245386,187.506640947623
F. cronquistii,3,200,0.5869081487298499,8,1.1459332336811563,0.0526491343822869,0.0786833529854936,0.0181288707314489,SUCCESS,0.5544484040827494,170.93464512872967,2.454281613571325,0.1103814039006001,0.0633715916717835,0.5712705216749719,202.1713115576888
F. cronquistii,4,200,0.8736562424567214,8,1.1459332336811563,0.0526491343822869,0.0786833529854936,0.0181288707314489,SUCCESS,0.5361975822371364,165.16609211269918,3.523247159921695,0.1134984319332274,0.064346627755568,0.550985098898972,203.64425918847644
F. cronquistii,4,800,0.5092022096434362,8,1.7636022704464749,0.0536007554884411,0.0799729580148663,0.0176066275206149,SUCCESS,0.4496241978734656,150.07301594587358,1.9142788924458929,0.108156924217892,0.064146362910909,0.5013542561437044,217.50023706506545
F. pringlei,1,200,0.9015500496940374,8,1.4410241959019925,0.0315805733480407,0.0541623953315169,0.0113533809315291,SUCCESS,0.3012651777916425,148.19054314567765,3.358067747853113,0.0955511476302245,0.0685107426444916,0.2918587114694052,222.2327683878325
F. pringlei,1,800,0.8810153420305598,8,2.228132771295143,0.0138052017677195,0.0495236851093281,0.0068562212040635,SUCCESS,0.0875550038378308,116.79776137642176,3.1243327577016373,0.1025228450546956,0.067217276451362,0.0991356343035137,237.8858713891195
F. pringlei,2,800,0.2822437232890985,8,2.228132771295143,0.0138052017677195,0.0495236851093281,0.0068562212040635,SUCCESS,0.0863499035485901,119.46556831466232,1.0004898298447389,0.1018219979335203,0.0665168587364363,0.102553102665892,228.4197410358018
F. pringlei,3,200,0.7198323362862793,8,1.4410241959019925,0.0315805733480407,0.0541623953315169,0.0113533809315291,SUCCESS,0.2982296249985945,139.67400317336177,2.4808476220314333,0.0914828094165391,0.0728868968523005,0.2696956577439336,238.7452936266509
F. pringlei,2,200,0.9936902696080228,8,1.4410241959019925,0.0315805733480407,0.0541623953315169,0.0113533809315291,SUCCESS,0.2813637105162565,128.87124770685523,3.351405941782957,0.099845052514001,0.0688500451235009,0.2454420773999268,250.4011195872435
F. pringlei,4,200,0.53441719929079,8,1.4410241959019925,0.0315805733480407,0.0541623953315169,0.0113533809315291,SUCCESS,0.1729909066515877,89.9027065817456,1.8264151905839296,0.0880785084711714,0.0714189492469375,0.1718865837388861,247.10973240343208
F. pringlei,3,800,0.9176665628488668,8,2.228132771295143,0.0138052017677195,0.0495236851093281,0.0068562212040635,SUCCESS,0.0663774883662837,94.18172944482193,2.817900171931157,0.101246932024423,0.068407218956363,0.0767943407101697,272.36733145410494
F. pringlei,4,800,0.8358544587636751,8,2.228132771295143,0.0138052017677195,0.0495236851093281,0.0068562212040635,SUCCESS,0.0641070647938817,95.3450183301069,2.573514373308022,0.0996160566525845,0.0698785946909608,0.0786509780708802,262.2485978572454
F. sonorensis,1,200,0.4119246913184938,8,2.383434856935553,0.8035283107338936,0.326115179092953,0.1175093557545264,SUCCESS,6.298395658349719,159.49410126496525,1.5674146141358989,0.0018694106074138,0.0008362791560157,7.265452037355053,207.30967067086377
F. sonorensis,3,200,0.7519251897285804,8,2.383434856935553,0.8035283107338936,0.326115179092953,0.1175093557545264,SUCCESS,6.22559269782835,170.24319523189558,3.0990557407079398,0.0072544796707577,0.0024002957707534,7.544254746401609,229.98503638988456
F. sonorensis,2,200,0.3426285337540096,8,2.383434856935553,0.8035283107338936,0.326115179092953,0.1175093557545264,SUCCESS,3.5569757124179304,92.97867984792248,1.2820097735873688,0.0011821457502244,0.0006358441139585,4.229495685408993,208.45528013192524
F. sonorensis,1,800,0.5273473292947238,8,1.9430792891126965,0.7872488012599169,0.3201844550942671,0.1309322049082482,SUCCESS,4.340162274513143,141.364584757278,2.1932606562125017,0.037867118902643,0.0078965793872495,6.147789578965312,215.9374706364911
F. sonorensis,2,800,0.5154866442671378,8,1.9430792891126965,0.7872488012599169,0.3201844550942671,0.1309322049082482,SUCCESS,4.25545644614756,143.45346522947565,2.2533293300875528,0.0504731555493318,0.0113093082490497,6.267867708702243,212.1130051669473
F. sonorensis,3,800,0.3452541366877479,8,1.9430792891126965,0.7872488012599169,0.3201844550942671,0.1309322049082482,SUCCESS,4.467485602698147,124.03290676090508,1.4211049575424255,0.0070217458376936,0.0014235049928464,5.290834011444976,231.93404459044075
F. sonorensis,4,800,0.1219883871417052,8,1.9430792891126965,0.7872488012599169,0.3201844550942671,0.1309322049082482,SUCCESS,5.627098354220394,153.82363881361408,0.5649674540622414,0.0082863932418261,0.0004781389059205,6.8038610747780295,202.1700162769503
F. sonorensis,4,200,0.5233666035075325,8,2.383434856935553,0.8035283107338936,0.326115179092953,0.1175093557545264,SUCCESS,5.277906705994464,166.344122552239,2.575296877854953,0.0197793655922372,0.0035020832190861,7.710526822325389,193.31138004468067
H. aturensis,1,800,0.5640673473729154,8,1.4162813380657395,0.7871807017959385,0.4458581456623429,0.1664281232900816,SUCCESS,3.1740844390793224,89.87582409213971,2.615247422616221,0.0108351455096457,0.0042168075659578,3.8189876031085785,200.83240138841708
H. aturensis,2,800,0.7583289780371278,8,1.4162813380657395,0.7871807017959385,0.4458581456623429,0.1664281232900816,SUCCESS,3.806527010593944,98.0775357083652,3.016312652176552,0.0019086765717385,0.0012993952181098,4.1968011940867465,195.21185657284684
H. aturensis,1,200,0.1167610208785617,8,1.5439481716752956,0.8916162846219234,0.5099544117369806,0.2391994390450564,SUCCESS,4.476135393237986,106.09470534154786,0.627639339298895,0.0034403391728208,0.0014775073347919,4.549590655573078,220.44878115821217
H. aturensis,2,200,0.2338846895313237,8,1.5439481716752956,0.8916162846219234,0.5099544117369806,0.2391994390450564,SUCCESS,5.264087928205486,123.35853492174938,0.9734864636530318,0.0027614976254252,0.0008373554523628,5.514195360367191,186.9136654878116
H. aturensis,3,200,0.1938772746127335,8,1.5439481716752956,0.8916162846219234,0.5099544117369806,0.2391994390450564,SUCCESS,4.9840621950885335,117.48565328873184,0.8003190945890069,0.0028989963962898,0.0010505440203483,5.159570960183839,201.0324503235064
H. aturensis,3,800,0.7014416016319636,8,1.4162813380657395,0.7871807017959385,0.4458581456623429,0.1664281232900816,SUCCESS,5.380050824768679,137.36979827536516,2.641902963499561,0.0024934246799964,0.0012408403145482,5.786612296797943,207.8536470280782
H. aturensis,4,800,0.4632317299943945,8,1.4162813380657395,0.7871807017959385,0.4458581456623429,0.1664281232900816,SUCCESS,3.452444471899186,90.3626978062309,1.6634345953373,0.0021036716999186,0.0013362692361857,3.761934910423824,217.46460873623008
H. aturensis,4,200,0.1981462635583858,8,1.5439481716752956,0.8916162846219234,0.5099544117369806,0.2391994390450564,SUCCESS,6.578916076377455,154.44951404120184,0.803719727348323,0.0033322640256576,0.0008799978087604,6.687236777836829,212.54867231634188
H. glutinosa,1,800,0.4028636345580677,8,0.8568603397077003,0.0338163972049261,0.0614031375982746,0.0286610563276531,SUCCESS,0.382112120248774,76.69512967294487,1.6018041124678175,0.0828701227699804,0.0742485047976767,0.1620777261449569,206.09500221082288
H. glutinosa,1,200,0.2724684470833099,8,0.5661425882250397,0.0334309223440104,0.0477901133040915,0.0215407576098221,SUCCESS,0.3595173448549995,85.23715378143865,1.038428225416375,0.0750876531693524,0.0740136996919981,0.1764615185817134,219.4997942134707
H. glutinosa,2,200,0.2702125697567271,8,0.5661425882250397,0.0334309223440104,0.0477901133040915,0.0215407576098221,SUCCESS,0.3432691953397672,88.2329139814521,1.0906814147413115,0.0925651203883564,0.0711769952361739,0.1877687797828658,197.1090350645683
H. glutinosa,2,800,0.3505855375783492,8,0.8568603397077003,0.0338163972049261,0.0614031375982746,0.0286610563276531,SUCCESS,0.4178000007590419,89.11686980145406,1.5653012169948326,0.0733640611535274,0.0746140681271322,0.1925817502634501,188.2023952146156
H. glutinosa,3,200,0.2175815951896757,8,0.5661425882250397,0.0334309223440104,0.0477901133040915,0.0215407576098221,SUCCESS,0.3943241145158819,95.01147542905191,0.827057722434887,0.0990487137063037,0.0678400808057605,0.1983309963651394,212.7139694399989
H. glutinosa,3,800,0.6522969319305257,8,0.8568603397077003,0.0338163972049261,0.0614031375982746,0.0286610563276531,SUCCESS,0.4134890870937086,81.36695971681603,2.633186677323401,0.0826027208836535,0.0710514515448985,0.1712265910289878,209.52032435462027
H. glutinosa,4,800,0.3046987387151056,8,0.8568603397077003,0.0338163972049261,0.0614031375982746,0.0286610563276531,SUCCESS,0.331537821737056,64.395038054575,1.0852307676744566,0.0852993509550459,0.0743134316618887,0.1337985733205782,219.93420254646333
H. glutinosa,4,200,0.2505783991874838,8,0.5661425882250397,0.0334309223440104,0.0477901133040915,0.0215407576098221,SUCCESS,0.3071968965104159,75.05882250112188,0.9398777389113776,0.1062244960058075,0.0650332017696592,0.1566494167985215,212.87852950213124
H. isocalycia,1,800,0.201301668823957,8,1.1731788211778458,0.3294668344016894,0.2671547615433706,0.0918974492622538,SUCCESS,1.9571099362874655,106.74364905287776,0.8001706261885673,0.0051377327425192,0.0014274252037816,1.9937692875658803,230.84778104083296
H. isocalycia,2,200,0.2263905482033507,8,0.929642081402902,0.4432680408393645,0.2902453639588172,0.0912340392043224,SUCCESS,1.8792313322453131,89.70373797687186,1.3142479668214977,0.0054821072068732,0.0014994800739129,2.432483612895473,170.2338526361337
H. isocalycia,1,200,0.1780597250954503,8,0.929642081402902,0.4432680408393645,0.2902453639588172,0.0912340392043224,SUCCESS,1.5410123596340015,73.5911582594903,0.611344800315571,0.0109594060211898,0.0025022661350745,1.785319198910822,261.4102006684609
H. isocalycia,3,800,1.3963284119908446,8,1.1731788211778458,0.3294668344016894,0.2671547615433706,0.0918974492622538,SUCCESS,1.4306939937419845,96.3388594671974,6.695588651076776,0.099852963167077,0.0655702756998289,1.9022351132292028,185.72721444234395
H. isocalycia,3,200,0.4279575706945887,8,0.929642081402902,0.4432680408393645,0.2902453639588172,0.0912340392043224,SUCCESS,1.6292338686280368,85.42630028960538,2.0715937691779587,0.0139772119817922,0.0096573871879427,2.240011807130429,196.66906900941652
H. isocalycia,2,800,0.1640781954679591,8,1.1731788211778458,0.3294668344016894,0.2671547615433706,0.0918974492622538,SUCCESS,1.590300546329675,91.64585968370304,0.726462992930692,0.0082220122310674,0.0017894206809171,1.7645510507479265,205.87610138396573
H. isocalycia,4,200,0.3889877446452119,8,0.929642081402902,0.4432680408393645,0.2902453639588172,0.0912340392043224,SUCCESS,1.9392968840740497,100.84606728064448,2.0745149240852,0.0137094695848965,0.0054401625517781,2.7060178302319478,178.4199619681805
H. isocalycia,4,800,0.3164454304200903,8,1.1731788211778458,0.3294668344016894,0.2671547615433706,0.0918974492622538,SUCCESS,1.3756037604148137,77.31476970903792,1.201624777685346,0.0045623980108657,0.0028887150813811,1.4371886169970651,234.8588319931563
S. hians,1,800,1.7883039625934425,8,1.6408298404803516,0.6487060023919944,0.352296487196694,0.1203947809621367,SUCCESS,3.4487051584349406,107.9247803492098,6.654194398674669,0.0026812749209773,0.005092661344235,3.9358672900265503,211.4734915377536
S. hians,1,200,0.9377817469555336,8,1.7778030543702097,0.9014661593366818,0.4781226716355543,0.1485155729389827,SUCCESS,4.878608712848248,113.71098290949794,3.380524186715689,0.0019007368762367,0.0013404725691597,5.494709930226775,223.89885765972585
S. hians,2,200,0.5313860938858126,8,1.7778030543702097,0.9014661593366818,0.4781226716355543,0.1485155729389827,SUCCESS,4.115665127218898,94.5855976807565,2.096436990506753,0.0014468730526209,0.0007587433246047,4.801798039775817,184.02581542238573
S. hians,3,800,2.605181569728815,8,1.6408298404803516,0.6487060023919944,0.352296487196694,0.1203947809621367,SUCCESS,3.7292191256171137,117.55210347726764,10.623864997315929,0.0039911022948302,0.0122983166610541,4.391619420557413,192.03960070217371
S. hians,2,800,1.9310171141382584,9,1.6408298404803516,0.6487060023919944,0.352296487196694,0.1203947809621367,SUCCESS,3.5337813950499446,109.6165414423534,7.130609376683395,0.0026803691498993,0.004456067988478,4.09351942518177,192.3577441216672
S. hians,3,200,1.0244020432887877,8,1.7778030543702097,0.9014661593366818,0.4781226716355543,0.1485155729389827,SUCCESS,4.793586971723984,109.92861636236871,4.194133114391576,0.0019221976146768,0.0013478048212084,5.523147347698322,192.23914136609292
S. hians,4,800,1.395617461118798,8,1.6408298404803516,0.6487060023919944,0.352296487196694,0.1203947809621367,SUCCESS,3.3360253990826214,105.3458343638824,4.713547884536268,0.0021074245509174,0.0027562939101207,3.669686131576437,249.72471329900603
S. hians,4,200,0.2302157060206597,8,1.7778030543702097,0.9014661593366818,0.4781226716355543,0.1485155729389827,SUCCESS,5.223193060500928,117.51766070774342,1.0022439857355891,0.0016826363504453,0.0006059718686826,6.052301057008972,172.7868092051581
S. laxum,1,200,0.3279510636480912,8,0.9305191665371012,0.3384775974353286,0.2525628728610073,0.0794736024196168,SUCCESS,1.092504203114751,70.57177520791055,1.112673899793485,0.1340628377010708,0.0514360647806439,1.3626259612828435,237.03517671772855
S. laxum,1,800,0.2274980270969528,8,1.0924663542247384,0.3767981015992269,0.2885611086738183,0.0666769514253212,SUCCESS,1.1336827442009585,94.6632774920632,0.9239148908418002,0.1045287921061486,0.0494185447551458,2.142562378522813,205.8081093540441
S. laxum,2,200,0.4201464772122341,8,0.9305191665371012,0.3384775974353286,0.2525628728610073,0.0794736024196168,SUCCESS,1.4555653356738945,105.75539872779156,1.8077942220860803,0.1421776215599981,0.0475305168846784,2.171772311858461,186.7653656421028
S. laxum,2,800,0.3501270250126485,8,1.0924663542247384,0.3767981015992269,0.2885611086738183,0.0666769514253212,SUCCESS,1.3781920870501558,103.4603995745356,1.6198786991807808,0.0306618020167202,0.0235687356555551,2.348798507953612,203.35107692683204
S. laxum,3,800,0.2653652288589668,8,1.0924663542247384,0.3767981015992269,0.2885611086738183,0.0666769514253212,SUCCESS,1.019189930411225,83.69059448558362,0.9772471094191886,0.1473744750898163,0.0430955589659236,1.8565103828988063,222.2537768245043
S. laxum,3,200,0.2792862905949421,8,0.9305191665371012,0.3384775974353286,0.2525628728610073,0.0794736024196168,SUCCESS,1.4803031253709538,97.22197856770988,1.178077464405419,0.0502421112639183,0.035806113744116,1.941322470279392,209.25424748818628
S. laxum,4,200,0.3563023207679008,8,0.9305191665371012,0.3384775974353286,0.2525628728610073,0.0794736024196168,SUCCESS,0.9981189329391178,67.4049193767171,1.2431019674064885,0.1328094103341845,0.0507215397199148,1.3171267872537331,227.04341873582047
S. laxum,4,800,1.1413411100920945,8,1.0924663542247384,0.3767981015992269,0.2885611086738183,0.0666769514253212,SUCCESS,1.1003871834677117,106.66444284731593,5.128534713404285,0.1062674839644623,0.0614440401962506,2.5469145608364863,163.60712855917447
T. cristatus,1,200,2.173033579830732,8,1.932456293809772,0.8161856504215941,0.4187827774815925,0.0943950549978757,SUCCESS,7.64487653852575,186.9059704050229,11.943381426287004,0.0022196660953539,0.0019434714182743,9.69659208047114,138.54806301510314
T. cristatus,6,200,1.306307567536991,8,1.932456293809772,0.8161856504215941,0.4187827774815925,0.0943950549978757,SUCCESS,4.568048627269294,119.93051866601408,4.947626556430542,0.0013687409658577,0.0012209305212584,5.678047950053505,209.67653052452576
T. cristatus,6,800,0.2300297738912174,8,1.422182976998262,0.7561359245726862,0.4998875675838674,0.1212551955490179,SUCCESS,2.2497140332156507,63.10590741427314,0.9063265286980844,0.0007885354856498,0.0003772788727635,2.735498223140351,194.89461934737693
T. cristatus,2,200,0.910791714354694,8,1.932456293809772,0.8161856504215941,0.4187827774815925,0.0943950549978757,SUCCESS,6.417618044164029,156.93979551600677,4.780486505854654,0.0016480932306333,0.0010205275090305,8.16227180813651,136.7003213635486
T. cristatus,1,800,0.5774287937350235,8,1.422182976998262,0.7561359245726862,0.4998875675838674,0.1212551955490179,SUCCESS,5.947641697472292,154.20837183594017,2.508876342689206,0.0018705030403278,0.0008471377427676,6.917748449152208,167.96725017410637
T. cristatus,3,800,0.3758459022198612,8,1.422182976998262,0.7561359245726862,0.4998875675838674,0.1212551955490179,SUCCESS,4.252802072063153,113.85848483870924,1.4324179515161717,0.0013892200881289,0.0006156573538451,4.939469433988338,194.25382800272823
T. cristatus,2,800,0.6609321091596256,7,1.422182976998262,0.7561359245726862,0.4998875675838674,0.1212551955490179,SUCCESS,5.371767713248635,136.75341042737972,3.741769483061205,0.0018730196171924,0.0011303414469891,6.433739922902297,132.08848941932345
T. cristatus,3,200,2.5726020660840643,8,1.932456293809772,0.8161856504215941,0.4187827774815925,0.0943950549978757,SUCCESS,8.554796307498105,209.0833099812913,12.760087928619312,0.0025410998882184,0.0022069727928777,10.795269956311026,142.11610459547225
T. cristatus,4,200,1.1130347556385227,8,1.932456293809772,0.8161856504215941,0.4187827774815925,0.0943950549978757,SUCCESS,5.967859574591867,149.32098399236526,5.406731248186446,0.0016644443517017,0.0012900309388734,7.525111485778543,160.41398892333254
T. cristatus,4,800,0.9307226412110596,8,1.422182976998262,0.7561359245726862,0.4998875675838674,0.1212551955490179,SUCCESS,5.871862263332275,166.37824337766378,6.298086728893452,0.0080461889251428,0.0038016756799339,7.667913570554506,147.4062990225633
T. forrestii,1,200,0.8778748749893326,8,2.281661790671401,0.3519372249371659,0.2814788365228409,0.0870707393184862,SUCCESS,2.0714787890656448,157.75778476349603,4.034417476050919,0.1568456540255347,0.0413919414759717,3.4032536945221974,172.23262400520198
T. forrestii,1,800,1.6123828031990466,8,1.8579903761298235,0.1805861262875186,0.1983923977579862,0.0750871088328947,SUCCESS,1.7831233713633332,172.62483424825007,8.350891291977447,0.133656340027151,0.0542140889101533,1.9771841069546736,156.03627420465597
T. forrestii,2,200,1.3199079664650584,8,2.281661790671401,0.3519372249371659,0.2814788365228409,0.0870707393184862,SUCCESS,3.276653980397491,190.2507723696677,5.170501713930435,0.0842502736278855,0.0549857405913264,3.8361349395444138,226.4785270018068
T. forrestii,3,200,0.3922044318131334,8,2.281661790671401,0.3519372249371659,0.2814788365228409,0.0870707393184862,SUCCESS,2.3336821781142105,148.24331396748568,1.5020448635150672,0.1250149784199681,0.0434009117045619,3.017824237527789,218.57776750031255
T. forrestii,2,800,0.5903778454023418,8,1.8579903761298235,0.1805861262875186,0.1983923977579862,0.0750871088328947,SUCCESS,2.1425276444028314,181.88672598328256,2.6974943683503625,0.1531884623374073,0.0430939790796734,2.0142050758568177,182.0962109891422
T. forrestii,3,800,2.801505503680536,8,1.8579903761298235,0.1805861262875186,0.1983923977579862,0.0750871088328947,SUCCESS,1.5425765895551378,123.25075286366692,9.720859763917986,0.11919262278337,0.0612439000463244,1.3131060265530448,213.0872253698789
T. forrestii,4,200,2.7247192017684,8,2.281661790671401,0.3519372249371659,0.2814788365228409,0.0870707393184862,SUCCESS,2.547754787600047,172.12383378959078,11.193723604983589,0.1364328014074219,0.0534885193828368,3.6174692448337553,192.76776038815257
T. forrestii,4,800,0.997065749559114,8,1.8579903761298235,0.1805861262875186,0.1983923977579862,0.0750871088328947,SUCCESS,1.8293558464623887,133.20238434380303,3.544103882821716,0.120034122408337,0.0565041403015662,1.382218731895856,234.90739849761388
